{
  "loss": 0.425697153264826,
  "accuracy": 0.8261986301369864,
  "precision": 0.0,
  "recall": 0.0,
  "f1": 0.0,
  "auroc": 0.6712815255338036
}