{
  "model_type": "pytorch_interpretability_probe",
  "training_history": {
    "train_loss": [
      0.42911652397347366,
      0.40626302485664684,
      0.3977179195238575,
      0.3930441591565467,
      0.39011797710368623,
      0.38818947855196045,
      0.3869207706727666,
      0.38575658586607675
    ],
    "train_accuracy": [
      0.8287905815198002,
      0.8288619336425259,
      0.8292543703175169,
      0.8299322154834107,
      0.8298965394220478,
      0.8301105957902247,
      0.830467356403853,
      0.8305030324652158
    ],
    "val_loss": [
      0.41756851889870383,
      0.410604849728671,
      0.4060505390167236,
      0.4049843831495805,
      0.40362973646684125,
      0.4021340240131725,
      0.4013689908114347,
      0.4010011510415511
    ],
    "val_accuracy": [
      0.8251997716894978,
      0.8253424657534246,
      0.8263413242009132,
      0.8266267123287672,
      0.8261986301369864,
      0.8266267123287672,
      0.8264840182648402,
      0.8274828767123288
    ],
    "val_f1": [
      0.0,
      0.0016313213703099511,
      0.012976480129764802,
      0.016194331983805668,
      0.011363636363636364,
      0.016194331983805668,
      0.014586709886547812,
      0.02891566265060241
    ],
    "val_auroc": [
      0.7148645396252916,
      0.7344513651907244,
      0.743216394287267,
      0.7471887693344673,
      0.7515612615442165,
      0.7543066059209436,
      0.7575715591441488,
      0.7572700420302998
    ],
    "learning_rate": [
      0.001,
      0.001,
      0.001,
      0.001,
      0.001,
      0.001,
      0.001,
      0.001
    ]
  },
  "metadata": {
    "layer": 10,
    "num_assistant_tokens": 35038,
    "hidden_size": 8192,
    "label_distribution": [
      29014,
      6024
    ],
    "training_history": {
      "train_loss": [
        0.42911652397347366,
        0.40626302485664684,
        0.3977179195238575,
        0.3930441591565467,
        0.39011797710368623,
        0.38818947855196045,
        0.3869207706727666,
        0.38575658586607675
      ],
      "train_accuracy": [
        0.8287905815198002,
        0.8288619336425259,
        0.8292543703175169,
        0.8299322154834107,
        0.8298965394220478,
        0.8301105957902247,
        0.830467356403853,
        0.8305030324652158
      ],
      "val_loss": [
        0.41756851889870383,
        0.410604849728671,
        0.4060505390167236,
        0.4049843831495805,
        0.40362973646684125,
        0.4021340240131725,
        0.4013689908114347,
        0.4010011510415511
      ],
      "val_accuracy": [
        0.8251997716894978,
        0.8253424657534246,
        0.8263413242009132,
        0.8266267123287672,
        0.8261986301369864,
        0.8266267123287672,
        0.8264840182648402,
        0.8274828767123288
      ],
      "val_f1": [
        0.0,
        0.0016313213703099511,
        0.012976480129764802,
        0.016194331983805668,
        0.011363636363636364,
        0.016194331983805668,
        0.014586709886547812,
        0.02891566265060241
      ],
      "val_auroc": [
        0.7148645396252916,
        0.7344513651907244,
        0.743216394287267,
        0.7471887693344673,
        0.7515612615442165,
        0.7543066059209436,
        0.7575715591441488,
        0.7572700420302998
      ],
      "learning_rate": [
        0.001,
        0.001,
        0.001,
        0.001,
        0.001,
        0.001,
        0.001,
        0.001
      ]
    },
    "final_metrics": {
      "loss": 0.4010011510415511,
      "accuracy": 0.8274828767123288,
      "precision": 0.9,
      "recall": 0.014693877551020407,
      "f1": 0.02891566265060241,
      "auroc": 0.7572700420302998
    },
    "best_val_f1": 0.02891566265060241,
    "training_time": 8.527951002120972,
    "num_parameters": 8193
  },
  "config": {
    "dataset_path": "data/NTML-datasets/4T1L_500samples.jsonl",
    "max_length": 312,
    "model_name": "meta-llama/Llama-3.3-70B-Instruct",
    "hook_point": "blocks.10.hook_resid_pre",
    "hook_layer": 10,
    "device": "cuda",
    "dtype": "bfloat16",
    "batch_size": 32,
    "learning_rate": 0.001,
    "num_epochs": 8,
    "weight_decay": 0.001,
    "train_ratio": 0.8,
    "handle_class_imbalance": true,
    "optimizer_type": "AdamW",
    "scheduler_type": "cosine",
    "warmup_ratio": 0.1,
    "gradient_clip_norm": 1.0,
    "cache_dir": "./cache/ntml_binary/meta_llama_Llama_3.3_70B_Instruct_4T1L_500samples",
    "activation_batch_size": 4,
    "force_recache": false,
    "output_dir": "./ntml_4T1L_500samples_pytorch_llama70b",
    "probe_name": "ntml_binary_4T1L_500samples_layer_10",
    "save_checkpoints": true,
    "checkpoint_every": 5,
    "verbose": true,
    "log_every": 10,
    "eval_every": 1,
    "ignore_system_tokens": true,
    "ignore_user_tokens": true,
    "min_tokens_per_statement": 1,
    "token_overlap_strategy": "majority",
    "probe_method": "pytorch",
    "sklearn_C": 1.0,
    "sklearn_C_sweep": false,
    "sklearn_C_values": [
      0.0001,
      0.001,
      0.01,
      0.1,
      1.0,
      10.0,
      100.0,
      1000.0,
      10000.0
    ],
    "sklearn_solver": "liblinear",
    "sklearn_max_iter": 1000,
    "pytorch_bias": true,
    "pytorch_normalize_weights": true
  }
}