{
  "loss": 0.025311149250377307,
  "accuracy": 0.9910102739726028,
  "precision": 0.9905008635578584,
  "recall": 0.9566305254378649,
  "f1": 0.9732711073398388,
  "auroc": 0.9992885848668003
}