{
  "model_type": "pytorch_interpretability_probe",
  "training_history": {
    "train_loss": [
      0.0826563465230371,
      0.024945930295547293,
      0.016884520210827526,
      0.014391093131061218,
      0.012896739910452384,
      0.012068604263710921,
      0.011465372233842946,
      0.011058852807980149
    ],
    "train_accuracy": [
      0.9714948269711023,
      0.9947556189796647,
      0.9981091687477702,
      0.9985372814841241,
      0.9988583660363896,
      0.9990724224045665,
      0.9992151266500179,
      0.9992151266500179
    ],
    "val_loss": [
      0.04038846276023171,
      0.03324623107910156,
      0.03470577326687899,
      0.031250377134843306,
      0.029395318031311034,
      0.029180925542658026,
      0.029891135475852273,
      0.02899808016690341
    ],
    "val_accuracy": [
      0.988156392694064,
      0.9885844748858448,
      0.985587899543379,
      0.9884417808219178,
      0.9892979452054794,
      0.9900114155251142,
      0.9890125570776256,
      0.9897260273972602
    ],
    "val_f1": [
      0.9641158668396023,
      0.9654874892148404,
      0.9559144478393714,
      0.9648284845853234,
      0.9676305567544238,
      0.9698535745047373,
      0.9667386609071275,
      0.9689387402933564
    ],
    "val_auroc": [
      0.9991142091013225,
      0.9994067247503673,
      0.9994679035486596,
      0.99949856526317,
      0.9995060860610688,
      0.999509267937103,
      0.99950840015273,
      0.9995078939451791
    ],
    "learning_rate": [
      0.001,
      0.001,
      0.001,
      0.001,
      0.001,
      0.001,
      0.001,
      0.001
    ]
  },
  "metadata": {
    "layer": 72,
    "num_assistant_tokens": 35038,
    "hidden_size": 8192,
    "label_distribution": [
      29014,
      6024
    ],
    "training_history": {
      "train_loss": [
        0.0826563465230371,
        0.024945930295547293,
        0.016884520210827526,
        0.014391093131061218,
        0.012896739910452384,
        0.012068604263710921,
        0.011465372233842946,
        0.011058852807980149
      ],
      "train_accuracy": [
        0.9714948269711023,
        0.9947556189796647,
        0.9981091687477702,
        0.9985372814841241,
        0.9988583660363896,
        0.9990724224045665,
        0.9992151266500179,
        0.9992151266500179
      ],
      "val_loss": [
        0.04038846276023171,
        0.03324623107910156,
        0.03470577326687899,
        0.031250377134843306,
        0.029395318031311034,
        0.029180925542658026,
        0.029891135475852273,
        0.02899808016690341
      ],
      "val_accuracy": [
        0.988156392694064,
        0.9885844748858448,
        0.985587899543379,
        0.9884417808219178,
        0.9892979452054794,
        0.9900114155251142,
        0.9890125570776256,
        0.9897260273972602
      ],
      "val_f1": [
        0.9641158668396023,
        0.9654874892148404,
        0.9559144478393714,
        0.9648284845853234,
        0.9676305567544238,
        0.9698535745047373,
        0.9667386609071275,
        0.9689387402933564
      ],
      "val_auroc": [
        0.9991142091013225,
        0.9994067247503673,
        0.9994679035486596,
        0.99949856526317,
        0.9995060860610688,
        0.999509267937103,
        0.99950840015273,
        0.9995078939451791
      ],
      "learning_rate": [
        0.001,
        0.001,
        0.001,
        0.001,
        0.001,
        0.001,
        0.001,
        0.001
      ]
    },
    "final_metrics": {
      "loss": 0.02899808016690341,
      "accuracy": 0.9897260273972602,
      "precision": 0.9938053097345133,
      "recall": 0.9452861952861953,
      "f1": 0.9689387402933564,
      "auroc": 0.9995078939451791
    },
    "best_val_f1": 0.9698535745047373,
    "training_time": 8.239155292510986,
    "num_parameters": 8193
  },
  "config": {
    "dataset_path": "data/NTML-datasets/4T1L_500samples.jsonl",
    "max_length": 312,
    "model_name": "meta-llama/Llama-3.3-70B-Instruct",
    "hook_point": "blocks.72.hook_resid_pre",
    "hook_layer": 72,
    "device": "cuda",
    "dtype": "bfloat16",
    "batch_size": 32,
    "learning_rate": 0.001,
    "num_epochs": 8,
    "weight_decay": 0.001,
    "train_ratio": 0.8,
    "handle_class_imbalance": true,
    "optimizer_type": "AdamW",
    "scheduler_type": "cosine",
    "warmup_ratio": 0.1,
    "gradient_clip_norm": 1.0,
    "cache_dir": "./cache/ntml_binary/meta_llama_Llama_3.3_70B_Instruct_4T1L_500samples",
    "activation_batch_size": 4,
    "force_recache": false,
    "output_dir": "./ntml_4T1L_500samples_pytorch_llama70b",
    "probe_name": "ntml_binary_4T1L_500samples_layer_72",
    "save_checkpoints": true,
    "checkpoint_every": 5,
    "verbose": true,
    "log_every": 10,
    "eval_every": 1,
    "ignore_system_tokens": true,
    "ignore_user_tokens": true,
    "min_tokens_per_statement": 1,
    "token_overlap_strategy": "majority",
    "probe_method": "pytorch",
    "sklearn_C": 1.0,
    "sklearn_C_sweep": false,
    "sklearn_C_values": [
      0.0001,
      0.001,
      0.01,
      0.1,
      1.0,
      10.0,
      100.0,
      1000.0,
      10000.0
    ],
    "sklearn_solver": "liblinear",
    "sklearn_max_iter": 1000,
    "pytorch_bias": true,
    "pytorch_normalize_weights": true
  }
}