{
  "loss": 0.4277831337668679,
  "accuracy": 0.8346175799086758,
  "precision": 0.0,
  "recall": 0.0,
  "f1": 0.0,
  "auroc": 0.6105979488687918
}