{
  "model_type": "pytorch_interpretability_probe",
  "training_history": {
    "train_loss": [
      0.13891686478706256,
      0.06998750062225616,
      0.05823437970761022,
      0.05341919191760015,
      0.05055434985690193,
      0.048900987025877654,
      0.04750993173807587,
      0.04663747850992636
    ],
    "train_accuracy": [
      0.9524438102033536,
      0.980164109882269,
      0.9857295754548698,
      0.987513378523011,
      0.9886906885479843,
      0.9900107028184089,
      0.9899036746343204,
      0.9909026043524795
    ],
    "val_loss": [
      0.08582307208668102,
      0.06976586255160246,
      0.06382001096552069,
      0.06033189513466575,
      0.05880405686118386,
      0.057112442363392225,
      0.05648093115199696,
      0.05595329458063299
    ],
    "val_accuracy": [
      0.9731735159817352,
      0.9775970319634704,
      0.9823059360730594,
      0.9825913242009132,
      0.9818778538812786,
      0.983019406392694,
      0.9821632420091324,
      0.9827340182648402
    ],
    "val_f1": [
      0.9180470793374019,
      0.9321227842628621,
      0.9472340425531914,
      0.9479522184300341,
      0.9457496796240923,
      0.9492969748615253,
      0.9466040153780436,
      0.9483568075117371
    ],
    "val_auroc": [
      0.9958360735965713,
      0.9977538686714426,
      0.9981698791963177,
      0.998629832999973,
      0.9987381698112647,
      0.9988071628818128,
      0.998916419600712,
      0.9989466350275059
    ],
    "learning_rate": [
      0.001,
      0.001,
      0.001,
      0.001,
      0.001,
      0.001,
      0.001,
      0.001
    ]
  },
  "metadata": {
    "layer": 30,
    "num_assistant_tokens": 35038,
    "hidden_size": 8192,
    "label_distribution": [
      29014,
      6024
    ],
    "training_history": {
      "train_loss": [
        0.13891686478706256,
        0.06998750062225616,
        0.05823437970761022,
        0.05341919191760015,
        0.05055434985690193,
        0.048900987025877654,
        0.04750993173807587,
        0.04663747850992636
      ],
      "train_accuracy": [
        0.9524438102033536,
        0.980164109882269,
        0.9857295754548698,
        0.987513378523011,
        0.9886906885479843,
        0.9900107028184089,
        0.9899036746343204,
        0.9909026043524795
      ],
      "val_loss": [
        0.08582307208668102,
        0.06976586255160246,
        0.06382001096552069,
        0.06033189513466575,
        0.05880405686118386,
        0.057112442363392225,
        0.05648093115199696,
        0.05595329458063299
      ],
      "val_accuracy": [
        0.9731735159817352,
        0.9775970319634704,
        0.9823059360730594,
        0.9825913242009132,
        0.9818778538812786,
        0.983019406392694,
        0.9821632420091324,
        0.9827340182648402
      ],
      "val_f1": [
        0.9180470793374019,
        0.9321227842628621,
        0.9472340425531914,
        0.9479522184300341,
        0.9457496796240923,
        0.9492969748615253,
        0.9466040153780436,
        0.9483568075117371
      ],
      "val_auroc": [
        0.9958360735965713,
        0.9977538686714426,
        0.9981698791963177,
        0.998629832999973,
        0.9987381698112647,
        0.9988071628818128,
        0.998916419600712,
        0.9989466350275059
      ],
      "learning_rate": [
        0.001,
        0.001,
        0.001,
        0.001,
        0.001,
        0.001,
        0.001,
        0.001
      ]
    },
    "final_metrics": {
      "loss": 0.05595329458063299,
      "accuracy": 0.9827340182648402,
      "precision": 0.9901960784313726,
      "recall": 0.9099099099099099,
      "f1": 0.9483568075117371,
      "auroc": 0.9989466350275059
    },
    "best_val_f1": 0.9492969748615253,
    "training_time": 8.196162223815918,
    "num_parameters": 8193
  },
  "config": {
    "dataset_path": "data/NTML-datasets/4T1L_500samples.jsonl",
    "max_length": 312,
    "model_name": "meta-llama/Llama-3.3-70B-Instruct",
    "hook_point": "blocks.30.hook_resid_pre",
    "hook_layer": 30,
    "device": "cuda",
    "dtype": "bfloat16",
    "batch_size": 32,
    "learning_rate": 0.001,
    "num_epochs": 8,
    "weight_decay": 0.001,
    "train_ratio": 0.8,
    "handle_class_imbalance": true,
    "optimizer_type": "AdamW",
    "scheduler_type": "cosine",
    "warmup_ratio": 0.1,
    "gradient_clip_norm": 1.0,
    "cache_dir": "./cache/ntml_binary/meta_llama_Llama_3.3_70B_Instruct_4T1L_500samples",
    "activation_batch_size": 4,
    "force_recache": false,
    "output_dir": "./ntml_4T1L_500samples_pytorch_llama70b",
    "probe_name": "ntml_binary_4T1L_500samples_layer_30",
    "save_checkpoints": true,
    "checkpoint_every": 5,
    "verbose": true,
    "log_every": 10,
    "eval_every": 1,
    "ignore_system_tokens": true,
    "ignore_user_tokens": true,
    "min_tokens_per_statement": 1,
    "token_overlap_strategy": "majority",
    "probe_method": "pytorch",
    "sklearn_C": 1.0,
    "sklearn_C_sweep": false,
    "sklearn_C_values": [
      0.0001,
      0.001,
      0.01,
      0.1,
      1.0,
      10.0,
      100.0,
      1000.0,
      10000.0
    ],
    "sklearn_solver": "liblinear",
    "sklearn_max_iter": 1000,
    "pytorch_bias": true,
    "pytorch_normalize_weights": true
  }
}