{
  "model_type": "pytorch_interpretability_probe",
  "training_history": {
    "train_loss": [
      0.08428503995650707,
      0.025526694511701288,
      0.01731261038582891,
      0.014629931429392534,
      0.013187663627524762,
      0.012359868010535803,
      0.011835743340378686,
      0.011428787864449107
    ],
    "train_accuracy": [
      0.9717088833392793,
      0.9943275062433108,
      0.9978951123795933,
      0.9983945772386729,
      0.9989297181591152,
      0.9990724224045665,
      0.9991080984659294,
      0.9993221548341064
    ],
    "val_loss": [
      0.04128507700833407,
      0.03265553604472767,
      0.030914358659224078,
      0.03033022013577548,
      0.03112209059975364,
      0.029740671678022905,
      0.030080296776511452,
      0.030334507335316053
    ],
    "val_accuracy": [
      0.9892979452054794,
      0.990154109589041,
      0.9910102739726028,
      0.9911529680365296,
      0.9895833333333334,
      0.9907248858447488,
      0.990154109589041,
      0.9900114155251142
    ],
    "val_f1": [
      0.9686061113436585,
      0.970873786407767,
      0.973651191969887,
      0.9739932885906041,
      0.9691592733417829,
      0.9726315789473684,
      0.9709473684210527,
      0.9704641350210971
    ],
    "val_auroc": [
      0.9987732125442876,
      0.9991756688221575,
      0.9991374717523066,
      0.9991860538728058,
      0.9992403975625006,
      0.9992503558302457,
      0.9992819377650944,
      0.9992425314770172
    ],
    "learning_rate": [
      0.001,
      0.001,
      0.001,
      0.001,
      0.001,
      0.001,
      0.001,
      0.001
    ]
  },
  "metadata": {
    "layer": 71,
    "num_assistant_tokens": 35038,
    "hidden_size": 8192,
    "label_distribution": [
      29014,
      6024
    ],
    "training_history": {
      "train_loss": [
        0.08428503995650707,
        0.025526694511701288,
        0.01731261038582891,
        0.014629931429392534,
        0.013187663627524762,
        0.012359868010535803,
        0.011835743340378686,
        0.011428787864449107
      ],
      "train_accuracy": [
        0.9717088833392793,
        0.9943275062433108,
        0.9978951123795933,
        0.9983945772386729,
        0.9989297181591152,
        0.9990724224045665,
        0.9991080984659294,
        0.9993221548341064
      ],
      "val_loss": [
        0.04128507700833407,
        0.03265553604472767,
        0.030914358659224078,
        0.03033022013577548,
        0.03112209059975364,
        0.029740671678022905,
        0.030080296776511452,
        0.030334507335316053
      ],
      "val_accuracy": [
        0.9892979452054794,
        0.990154109589041,
        0.9910102739726028,
        0.9911529680365296,
        0.9895833333333334,
        0.9907248858447488,
        0.990154109589041,
        0.9900114155251142
      ],
      "val_f1": [
        0.9686061113436585,
        0.970873786407767,
        0.973651191969887,
        0.9739932885906041,
        0.9691592733417829,
        0.9726315789473684,
        0.9709473684210527,
        0.9704641350210971
      ],
      "val_auroc": [
        0.9987732125442876,
        0.9991756688221575,
        0.9991374717523066,
        0.9991860538728058,
        0.9992403975625006,
        0.9992503558302457,
        0.9992819377650944,
        0.9992425314770172
      ],
      "learning_rate": [
        0.001,
        0.001,
        0.001,
        0.001,
        0.001,
        0.001,
        0.001,
        0.001
      ]
    },
    "final_metrics": {
      "loss": 0.030334507335316053,
      "accuracy": 0.9900114155251142,
      "precision": 0.9939498703543648,
      "recall": 0.9480626545754328,
      "f1": 0.9704641350210971,
      "auroc": 0.9992425314770172
    },
    "best_val_f1": 0.9739932885906041,
    "training_time": 8.25805139541626,
    "num_parameters": 8193
  },
  "config": {
    "dataset_path": "data/NTML-datasets/4T1L_500samples.jsonl",
    "max_length": 312,
    "model_name": "meta-llama/Llama-3.3-70B-Instruct",
    "hook_point": "blocks.71.hook_resid_pre",
    "hook_layer": 71,
    "device": "cuda",
    "dtype": "bfloat16",
    "batch_size": 32,
    "learning_rate": 0.001,
    "num_epochs": 8,
    "weight_decay": 0.001,
    "train_ratio": 0.8,
    "handle_class_imbalance": true,
    "optimizer_type": "AdamW",
    "scheduler_type": "cosine",
    "warmup_ratio": 0.1,
    "gradient_clip_norm": 1.0,
    "cache_dir": "./cache/ntml_binary/meta_llama_Llama_3.3_70B_Instruct_4T1L_500samples",
    "activation_batch_size": 4,
    "force_recache": false,
    "output_dir": "./ntml_4T1L_500samples_pytorch_llama70b",
    "probe_name": "ntml_binary_4T1L_500samples_layer_71",
    "save_checkpoints": true,
    "checkpoint_every": 5,
    "verbose": true,
    "log_every": 10,
    "eval_every": 1,
    "ignore_system_tokens": true,
    "ignore_user_tokens": true,
    "min_tokens_per_statement": 1,
    "token_overlap_strategy": "majority",
    "probe_method": "pytorch",
    "sklearn_C": 1.0,
    "sklearn_C_sweep": false,
    "sklearn_C_values": [
      0.0001,
      0.001,
      0.01,
      0.1,
      1.0,
      10.0,
      100.0,
      1000.0,
      10000.0
    ],
    "sklearn_solver": "liblinear",
    "sklearn_max_iter": 1000,
    "pytorch_bias": true,
    "pytorch_normalize_weights": true
  }
}