{
  "loss": 0.030909274924885145,
  "accuracy": 0.9898687214611872,
  "precision": 0.9865659109991604,
  "recall": 0.9552845528455285,
  "f1": 0.9706732755059893,
  "auroc": 0.9995243381821151
}