{
  "model_type": "pytorch_interpretability_probe",
  "training_history": {
    "train_loss": [
      0.0895599628794411,
      0.032279845315444214,
      0.023837433562329098,
      0.020725978861592675,
      0.01876340689032326,
      0.017754189463834103,
      0.01692869275017348,
      0.016319572472664183
    ],
    "train_accuracy": [
      0.9703888690688548,
      0.9936139850160542,
      0.9961469853728149,
      0.9973599714591509,
      0.9978594363182305,
      0.9982518729932216,
      0.9983945772386729,
      0.9985372814841241
    ],
    "val_loss": [
      0.04980659918351607,
      0.03944588141007857,
      0.035686707496643065,
      0.034311894259669566,
      0.03372625762766058,
      0.032974069768732246,
      0.03283265720714222,
      0.03191508813337846
    ],
    "val_accuracy": [
      0.9853025114155252,
      0.9873002283105022,
      0.9890125570776256,
      0.9890125570776256,
      0.9892979452054794,
      0.9891552511415526,
      0.9895833333333334,
      0.990296803652968
    ],
    "val_f1": [
      0.9579076420106253,
      0.963298969072165,
      0.9685328974254189,
      0.9685071574642127,
      0.969224456298728,
      0.9689795918367347,
      0.9700451374640952,
      0.9721539721539721
    ],
    "val_auroc": [
      0.998750899050622,
      0.9992629420485923,
      0.9993449997751938,
      0.9993449997751938,
      0.999373535541018,
      0.9993381790311677,
      0.9993998441251193,
      0.9994119544257373
    ],
    "learning_rate": [
      0.001,
      0.001,
      0.001,
      0.001,
      0.001,
      0.001,
      0.001,
      0.001
    ]
  },
  "metadata": {
    "layer": 56,
    "num_assistant_tokens": 35038,
    "hidden_size": 8192,
    "label_distribution": [
      29014,
      6024
    ],
    "training_history": {
      "train_loss": [
        0.0895599628794411,
        0.032279845315444214,
        0.023837433562329098,
        0.020725978861592675,
        0.01876340689032326,
        0.017754189463834103,
        0.01692869275017348,
        0.016319572472664183
      ],
      "train_accuracy": [
        0.9703888690688548,
        0.9936139850160542,
        0.9961469853728149,
        0.9973599714591509,
        0.9978594363182305,
        0.9982518729932216,
        0.9983945772386729,
        0.9985372814841241
      ],
      "val_loss": [
        0.04980659918351607,
        0.03944588141007857,
        0.035686707496643065,
        0.034311894259669566,
        0.03372625762766058,
        0.032974069768732246,
        0.03283265720714222,
        0.03191508813337846
      ],
      "val_accuracy": [
        0.9853025114155252,
        0.9873002283105022,
        0.9890125570776256,
        0.9890125570776256,
        0.9892979452054794,
        0.9891552511415526,
        0.9895833333333334,
        0.990296803652968
      ],
      "val_f1": [
        0.9579076420106253,
        0.963298969072165,
        0.9685328974254189,
        0.9685071574642127,
        0.969224456298728,
        0.9689795918367347,
        0.9700451374640952,
        0.9721539721539721
      ],
      "val_auroc": [
        0.998750899050622,
        0.9992629420485923,
        0.9993449997751938,
        0.9993449997751938,
        0.999373535541018,
        0.9993381790311677,
        0.9993998441251193,
        0.9994119544257373
      ],
      "learning_rate": [
        0.001,
        0.001,
        0.001,
        0.001,
        0.001,
        0.001,
        0.001,
        0.001
      ]
    },
    "final_metrics": {
      "loss": 0.03191508813337846,
      "accuracy": 0.990296803652968,
      "precision": 0.9933054393305439,
      "recall": 0.9518845228548516,
      "f1": 0.9721539721539721,
      "auroc": 0.9994119544257373
    },
    "best_val_f1": 0.9721539721539721,
    "training_time": 8.237802505493164,
    "num_parameters": 8193
  },
  "config": {
    "dataset_path": "data/NTML-datasets/4T1L_500samples.jsonl",
    "max_length": 312,
    "model_name": "meta-llama/Llama-3.3-70B-Instruct",
    "hook_point": "blocks.56.hook_resid_pre",
    "hook_layer": 56,
    "device": "cuda",
    "dtype": "bfloat16",
    "batch_size": 32,
    "learning_rate": 0.001,
    "num_epochs": 8,
    "weight_decay": 0.001,
    "train_ratio": 0.8,
    "handle_class_imbalance": true,
    "optimizer_type": "AdamW",
    "scheduler_type": "cosine",
    "warmup_ratio": 0.1,
    "gradient_clip_norm": 1.0,
    "cache_dir": "./cache/ntml_binary/meta_llama_Llama_3.3_70B_Instruct_4T1L_500samples",
    "activation_batch_size": 4,
    "force_recache": false,
    "output_dir": "./ntml_4T1L_500samples_pytorch_llama70b",
    "probe_name": "ntml_binary_4T1L_500samples_layer_56",
    "save_checkpoints": true,
    "checkpoint_every": 5,
    "verbose": true,
    "log_every": 10,
    "eval_every": 1,
    "ignore_system_tokens": true,
    "ignore_user_tokens": true,
    "min_tokens_per_statement": 1,
    "token_overlap_strategy": "majority",
    "probe_method": "pytorch",
    "sklearn_C": 1.0,
    "sklearn_C_sweep": false,
    "sklearn_C_values": [
      0.0001,
      0.001,
      0.01,
      0.1,
      1.0,
      10.0,
      100.0,
      1000.0,
      10000.0
    ],
    "sklearn_solver": "liblinear",
    "sklearn_max_iter": 1000,
    "pytorch_bias": true,
    "pytorch_normalize_weights": true
  }
}