{
  "model_type": "pytorch_interpretability_probe",
  "training_history": {
    "train_loss": [
      0.3117829178158007,
      0.23330107549009801,
      0.21426210171419735,
      0.20543058092395464,
      0.20062497251382158,
      0.19762535723240954,
      0.19569514540436606,
      0.193874389647621
    ],
    "train_accuracy": [
      0.8681412772029968,
      0.9035676061362825,
      0.9128077060292543,
      0.916767748840528,
      0.9194077773813771,
      0.9201926507313593,
      0.922083481983589,
      0.9227256510881199
    ],
    "val_loss": [
      0.25396950244903566,
      0.2261007850820368,
      0.2151062380183827,
      0.21026230237700722,
      0.20747961781241678,
      0.20564419356259434,
      0.20443330678072844,
      0.20338325066999954
    ],
    "val_accuracy": [
      0.896546803652968,
      0.9101027397260274,
      0.9078196347031964,
      0.911101598173516,
      0.9146689497716894,
      0.9128139269406392,
      0.9125285388127854,
      0.9149543378995434
    ],
    "val_f1": [
      0.5835726593911545,
      0.658351409978308,
      0.6419068736141907,
      0.6593767085839256,
      0.677801724137931,
      0.66811515480717,
      0.6655755591925805,
      0.6788793103448276
    ],
    "val_auroc": [
      0.9512014541389101,
      0.9661758743135879,
      0.9719702356834458,
      0.9734447122007219,
      0.9742018738876979,
      0.9752723118474987,
      0.975454122057349,
      0.9760460406863541
    ],
    "learning_rate": [
      0.001,
      0.001,
      0.001,
      0.001,
      0.001,
      0.001,
      0.001,
      0.001
    ]
  },
  "metadata": {
    "layer": 17,
    "num_assistant_tokens": 35038,
    "hidden_size": 8192,
    "label_distribution": [
      29014,
      6024
    ],
    "training_history": {
      "train_loss": [
        0.3117829178158007,
        0.23330107549009801,
        0.21426210171419735,
        0.20543058092395464,
        0.20062497251382158,
        0.19762535723240954,
        0.19569514540436606,
        0.193874389647621
      ],
      "train_accuracy": [
        0.8681412772029968,
        0.9035676061362825,
        0.9128077060292543,
        0.916767748840528,
        0.9194077773813771,
        0.9201926507313593,
        0.922083481983589,
        0.9227256510881199
      ],
      "val_loss": [
        0.25396950244903566,
        0.2261007850820368,
        0.2151062380183827,
        0.21026230237700722,
        0.20747961781241678,
        0.20564419356259434,
        0.20443330678072844,
        0.20338325066999954
      ],
      "val_accuracy": [
        0.896546803652968,
        0.9101027397260274,
        0.9078196347031964,
        0.911101598173516,
        0.9146689497716894,
        0.9128139269406392,
        0.9125285388127854,
        0.9149543378995434
      ],
      "val_f1": [
        0.5835726593911545,
        0.658351409978308,
        0.6419068736141907,
        0.6593767085839256,
        0.677801724137931,
        0.66811515480717,
        0.6655755591925805,
        0.6788793103448276
      ],
      "val_auroc": [
        0.9512014541389101,
        0.9661758743135879,
        0.9719702356834458,
        0.9734447122007219,
        0.9742018738876979,
        0.9752723118474987,
        0.975454122057349,
        0.9760460406863541
      ],
      "learning_rate": [
        0.001,
        0.001,
        0.001,
        0.001,
        0.001,
        0.001,
        0.001,
        0.001
      ]
    },
    "final_metrics": {
      "loss": 0.20338325066999954,
      "accuracy": 0.9149543378995434,
      "precision": 0.9707241910631741,
      "recall": 0.5219552609776305,
      "f1": 0.6788793103448276,
      "auroc": 0.9760460406863541
    },
    "best_val_f1": 0.6788793103448276,
    "training_time": 8.609800815582275,
    "num_parameters": 8193
  },
  "config": {
    "dataset_path": "data/NTML-datasets/4T1L_500samples.jsonl",
    "max_length": 312,
    "model_name": "meta-llama/Llama-3.3-70B-Instruct",
    "hook_point": "blocks.17.hook_resid_pre",
    "hook_layer": 17,
    "device": "cuda",
    "dtype": "bfloat16",
    "batch_size": 32,
    "learning_rate": 0.001,
    "num_epochs": 8,
    "weight_decay": 0.001,
    "train_ratio": 0.8,
    "handle_class_imbalance": true,
    "optimizer_type": "AdamW",
    "scheduler_type": "cosine",
    "warmup_ratio": 0.1,
    "gradient_clip_norm": 1.0,
    "cache_dir": "./cache/ntml_binary/meta_llama_Llama_3.3_70B_Instruct_4T1L_500samples",
    "activation_batch_size": 4,
    "force_recache": false,
    "output_dir": "./ntml_4T1L_500samples_pytorch_llama70b",
    "probe_name": "ntml_binary_4T1L_500samples_layer_17",
    "save_checkpoints": true,
    "checkpoint_every": 5,
    "verbose": true,
    "log_every": 10,
    "eval_every": 1,
    "ignore_system_tokens": true,
    "ignore_user_tokens": true,
    "min_tokens_per_statement": 1,
    "token_overlap_strategy": "majority",
    "probe_method": "pytorch",
    "sklearn_C": 1.0,
    "sklearn_C_sweep": false,
    "sklearn_C_values": [
      0.0001,
      0.001,
      0.01,
      0.1,
      1.0,
      10.0,
      100.0,
      1000.0,
      10000.0
    ],
    "sklearn_solver": "liblinear",
    "sklearn_max_iter": 1000,
    "pytorch_bias": true,
    "pytorch_normalize_weights": true
  }
}