{
  "loss": 0.07278350483287464,
  "accuracy": 0.980593607305936,
  "precision": 0.9861878453038674,
  "recall": 0.8984899328859061,
  "f1": 0.9402985074626866,
  "auroc": 0.9984997126649002
}