{
  "model_type": "pytorch_interpretability_probe",
  "training_history": {
    "train_loss": [
      0.4492677096702737,
      0.42713837475265,
      0.4227756689128266,
      0.4204582847552757,
      0.4188848007895631,
      0.417852814849381,
      0.41709183619174783,
      0.41669215170079715
    ],
    "train_accuracy": [
      0.8275062433107385,
      0.8275062433107385,
      0.8275062433107385,
      0.8275062433107385,
      0.8275062433107385,
      0.8275062433107385,
      0.8275062433107385,
      0.8275062433107385
    ],
    "val_loss": [
      0.42907128767533737,
      0.4252071033824574,
      0.4243131464177912,
      0.4233312260020863,
      0.4230540015480735,
      0.42285315773703835,
      0.4225846030495384,
      0.42241783142089845
    ],
    "val_accuracy": [
      0.8303367579908676,
      0.8303367579908676,
      0.8303367579908676,
      0.8303367579908676,
      0.8303367579908676,
      0.8303367579908676,
      0.8303367579908676,
      0.8303367579908676
    ],
    "val_f1": [
      0.0,
      0.0,
      0.0,
      0.0,
      0.0,
      0.0,
      0.0,
      0.0
    ],
    "val_auroc": [
      0.6208215423764065,
      0.6371603073427135,
      0.6410218924086593,
      0.6450634944746849,
      0.6466572700346058,
      0.6477293504024041,
      0.6492603982400971,
      0.6505658286252612
    ],
    "learning_rate": [
      0.001,
      0.001,
      0.001,
      0.001,
      0.001,
      0.001,
      0.001,
      0.001
    ]
  },
  "metadata": {
    "layer": 4,
    "num_assistant_tokens": 35038,
    "hidden_size": 8192,
    "label_distribution": [
      29014,
      6024
    ],
    "training_history": {
      "train_loss": [
        0.4492677096702737,
        0.42713837475265,
        0.4227756689128266,
        0.4204582847552757,
        0.4188848007895631,
        0.417852814849381,
        0.41709183619174783,
        0.41669215170079715
      ],
      "train_accuracy": [
        0.8275062433107385,
        0.8275062433107385,
        0.8275062433107385,
        0.8275062433107385,
        0.8275062433107385,
        0.8275062433107385,
        0.8275062433107385,
        0.8275062433107385
      ],
      "val_loss": [
        0.42907128767533737,
        0.4252071033824574,
        0.4243131464177912,
        0.4233312260020863,
        0.4230540015480735,
        0.42285315773703835,
        0.4225846030495384,
        0.42241783142089845
      ],
      "val_accuracy": [
        0.8303367579908676,
        0.8303367579908676,
        0.8303367579908676,
        0.8303367579908676,
        0.8303367579908676,
        0.8303367579908676,
        0.8303367579908676,
        0.8303367579908676
      ],
      "val_f1": [
        0.0,
        0.0,
        0.0,
        0.0,
        0.0,
        0.0,
        0.0,
        0.0
      ],
      "val_auroc": [
        0.6208215423764065,
        0.6371603073427135,
        0.6410218924086593,
        0.6450634944746849,
        0.6466572700346058,
        0.6477293504024041,
        0.6492603982400971,
        0.6505658286252612
      ],
      "learning_rate": [
        0.001,
        0.001,
        0.001,
        0.001,
        0.001,
        0.001,
        0.001,
        0.001
      ]
    },
    "final_metrics": {
      "loss": 0.42241783142089845,
      "accuracy": 0.8303367579908676,
      "precision": 0.0,
      "recall": 0.0,
      "f1": 0.0,
      "auroc": 0.6505658286252612
    },
    "best_val_f1": 0.0,
    "training_time": 8.32291293144226,
    "num_parameters": 8193
  },
  "config": {
    "dataset_path": "data/NTML-datasets/4T1L_500samples.jsonl",
    "max_length": 312,
    "model_name": "meta-llama/Llama-3.3-70B-Instruct",
    "hook_point": "blocks.4.hook_resid_pre",
    "hook_layer": 4,
    "device": "cuda",
    "dtype": "bfloat16",
    "batch_size": 32,
    "learning_rate": 0.001,
    "num_epochs": 8,
    "weight_decay": 0.001,
    "train_ratio": 0.8,
    "handle_class_imbalance": true,
    "optimizer_type": "AdamW",
    "scheduler_type": "cosine",
    "warmup_ratio": 0.1,
    "gradient_clip_norm": 1.0,
    "cache_dir": "./cache/ntml_binary/meta_llama_Llama_3.3_70B_Instruct_4T1L_500samples",
    "activation_batch_size": 4,
    "force_recache": false,
    "output_dir": "./ntml_4T1L_500samples_pytorch_llama70b",
    "probe_name": "ntml_binary_4T1L_500samples_layer_4",
    "save_checkpoints": true,
    "checkpoint_every": 5,
    "verbose": true,
    "log_every": 10,
    "eval_every": 1,
    "ignore_system_tokens": true,
    "ignore_user_tokens": true,
    "min_tokens_per_statement": 1,
    "token_overlap_strategy": "majority",
    "probe_method": "pytorch",
    "sklearn_C": 1.0,
    "sklearn_C_sweep": false,
    "sklearn_C_values": [
      0.0001,
      0.001,
      0.01,
      0.1,
      1.0,
      10.0,
      100.0,
      1000.0,
      10000.0
    ],
    "sklearn_solver": "liblinear",
    "sklearn_max_iter": 1000,
    "pytorch_bias": true,
    "pytorch_normalize_weights": true
  }
}