{
  "model_type": "pytorch_interpretability_probe",
  "training_history": {
    "train_loss": [
      0.08595079207393132,
      0.02723104981003865,
      0.01973424669138271,
      0.01669171208528521,
      0.015271393458899026,
      0.014319540777554115,
      0.013639345634345934,
      0.013253154569054576
    ],
    "train_accuracy": [
      0.970567249375669,
      0.9946129147342133,
      0.9975026757046022,
      0.9985016054227613,
      0.9987513378523011,
      0.9986799857295755,
      0.999179450588655,
      0.9990010702818409
    ],
    "val_loss": [
      0.045382944020358,
      0.03718782771717418,
      0.03534643650054932,
      0.034521832791241734,
      0.033788958462801846,
      0.03294236009771174,
      0.03313544446771795,
      0.0338655948638916
    ],
    "val_accuracy": [
      0.9858732876712328,
      0.9884417808219178,
      0.9888698630136986,
      0.988013698630137,
      0.988156392694064,
      0.9887271689497716,
      0.988156392694064,
      0.9874429223744292
    ],
    "val_f1": [
      0.9569377990430622,
      0.9647366129734436,
      0.9659982563208369,
      0.9636048526863085,
      0.964053702901689,
      0.9658452226545612,
      0.9639600521059488,
      0.9617058311575283
    ],
    "val_auroc": [
      0.9987094011376988,
      0.9991146627037214,
      0.9991843147633284,
      0.9991700644463315,
      0.9992283017112012,
      0.999252730826053,
      0.9992296831194816,
      0.9991721002059025
    ],
    "learning_rate": [
      0.001,
      0.001,
      0.001,
      0.001,
      0.001,
      0.001,
      0.001,
      0.001
    ]
  },
  "metadata": {
    "layer": 67,
    "num_assistant_tokens": 35038,
    "hidden_size": 8192,
    "label_distribution": [
      29014,
      6024
    ],
    "training_history": {
      "train_loss": [
        0.08595079207393132,
        0.02723104981003865,
        0.01973424669138271,
        0.01669171208528521,
        0.015271393458899026,
        0.014319540777554115,
        0.013639345634345934,
        0.013253154569054576
      ],
      "train_accuracy": [
        0.970567249375669,
        0.9946129147342133,
        0.9975026757046022,
        0.9985016054227613,
        0.9987513378523011,
        0.9986799857295755,
        0.999179450588655,
        0.9990010702818409
      ],
      "val_loss": [
        0.045382944020358,
        0.03718782771717418,
        0.03534643650054932,
        0.034521832791241734,
        0.033788958462801846,
        0.03294236009771174,
        0.03313544446771795,
        0.0338655948638916
      ],
      "val_accuracy": [
        0.9858732876712328,
        0.9884417808219178,
        0.9888698630136986,
        0.988013698630137,
        0.988156392694064,
        0.9887271689497716,
        0.988156392694064,
        0.9874429223744292
      ],
      "val_f1": [
        0.9569377990430622,
        0.9647366129734436,
        0.9659982563208369,
        0.9636048526863085,
        0.964053702901689,
        0.9658452226545612,
        0.9639600521059488,
        0.9617058311575283
      ],
      "val_auroc": [
        0.9987094011376988,
        0.9991146627037214,
        0.9991843147633284,
        0.9991700644463315,
        0.9992283017112012,
        0.999252730826053,
        0.9992296831194816,
        0.9991721002059025
      ],
      "learning_rate": [
        0.001,
        0.001,
        0.001,
        0.001,
        0.001,
        0.001,
        0.001,
        0.001
      ]
    },
    "final_metrics": {
      "loss": 0.0338655948638916,
      "accuracy": 0.9874429223744292,
      "precision": 0.9883720930232558,
      "recall": 0.9364406779661016,
      "f1": 0.9617058311575283,
      "auroc": 0.9991721002059025
    },
    "best_val_f1": 0.9659982563208369,
    "training_time": 8.55476450920105,
    "num_parameters": 8193
  },
  "config": {
    "dataset_path": "data/NTML-datasets/4T1L_500samples.jsonl",
    "max_length": 312,
    "model_name": "meta-llama/Llama-3.3-70B-Instruct",
    "hook_point": "blocks.67.hook_resid_pre",
    "hook_layer": 67,
    "device": "cuda",
    "dtype": "bfloat16",
    "batch_size": 32,
    "learning_rate": 0.001,
    "num_epochs": 8,
    "weight_decay": 0.001,
    "train_ratio": 0.8,
    "handle_class_imbalance": true,
    "optimizer_type": "AdamW",
    "scheduler_type": "cosine",
    "warmup_ratio": 0.1,
    "gradient_clip_norm": 1.0,
    "cache_dir": "./cache/ntml_binary/meta_llama_Llama_3.3_70B_Instruct_4T1L_500samples",
    "activation_batch_size": 4,
    "force_recache": false,
    "output_dir": "./ntml_4T1L_500samples_pytorch_llama70b",
    "probe_name": "ntml_binary_4T1L_500samples_layer_67",
    "save_checkpoints": true,
    "checkpoint_every": 5,
    "verbose": true,
    "log_every": 10,
    "eval_every": 1,
    "ignore_system_tokens": true,
    "ignore_user_tokens": true,
    "min_tokens_per_statement": 1,
    "token_overlap_strategy": "majority",
    "probe_method": "pytorch",
    "sklearn_C": 1.0,
    "sklearn_C_sweep": false,
    "sklearn_C_values": [
      0.0001,
      0.001,
      0.01,
      0.1,
      1.0,
      10.0,
      100.0,
      1000.0,
      10000.0
    ],
    "sklearn_solver": "liblinear",
    "sklearn_max_iter": 1000,
    "pytorch_bias": true,
    "pytorch_normalize_weights": true
  }
}