{
  "model_type": "pytorch_interpretability_probe",
  "training_history": {
    "train_loss": [
      0.09034901100410718,
      0.03234262106999687,
      0.023603845223971562,
      0.020166266600061294,
      0.01847742035714952,
      0.017307638071613497,
      0.016547097100506294,
      0.0160236418157918
    ],
    "train_accuracy": [
      0.9699607563325009,
      0.9929718159115234,
      0.9965394220478059,
      0.9972172672136996,
      0.9979307884409562,
      0.9980734926864074,
      0.9982875490545844,
      0.9984302533000357
    ],
    "val_loss": [
      0.046215911345048384,
      0.03631831082430753,
      0.03307138356295499,
      0.03165669441223144,
      0.03124713897705078,
      0.030857541344382546,
      0.03076735409823331,
      0.02992266308177601
    ],
    "val_accuracy": [
      0.9851598173515982,
      0.9894406392694064,
      0.9884417808219178,
      0.9890125570776256,
      0.9888698630136986,
      0.9892979452054794,
      0.9890125570776256,
      0.990296803652968
    ],
    "val_f1": [
      0.9539823008849557,
      0.967741935483871,
      0.9644268774703557,
      0.9662132514260641,
      0.9656992084432717,
      0.9671772428884027,
      0.9661240651121865,
      0.9702537182852143
    ],
    "val_auroc": [
      0.9990963033967696,
      0.9994169249757242,
      0.9995470514184296,
      0.9995697171855074,
      0.9995689103135402,
      0.9995312807390713,
      0.999558420977967,
      0.9995448508585192
    ],
    "learning_rate": [
      0.001,
      0.001,
      0.001,
      0.001,
      0.001,
      0.001,
      0.001,
      0.001
    ]
  },
  "metadata": {
    "layer": 59,
    "num_assistant_tokens": 35038,
    "hidden_size": 8192,
    "label_distribution": [
      29014,
      6024
    ],
    "training_history": {
      "train_loss": [
        0.09034901100410718,
        0.03234262106999687,
        0.023603845223971562,
        0.020166266600061294,
        0.01847742035714952,
        0.017307638071613497,
        0.016547097100506294,
        0.0160236418157918
      ],
      "train_accuracy": [
        0.9699607563325009,
        0.9929718159115234,
        0.9965394220478059,
        0.9972172672136996,
        0.9979307884409562,
        0.9980734926864074,
        0.9982875490545844,
        0.9984302533000357
      ],
      "val_loss": [
        0.046215911345048384,
        0.03631831082430753,
        0.03307138356295499,
        0.03165669441223144,
        0.03124713897705078,
        0.030857541344382546,
        0.03076735409823331,
        0.02992266308177601
      ],
      "val_accuracy": [
        0.9851598173515982,
        0.9894406392694064,
        0.9884417808219178,
        0.9890125570776256,
        0.9888698630136986,
        0.9892979452054794,
        0.9890125570776256,
        0.990296803652968
      ],
      "val_f1": [
        0.9539823008849557,
        0.967741935483871,
        0.9644268774703557,
        0.9662132514260641,
        0.9656992084432717,
        0.9671772428884027,
        0.9661240651121865,
        0.9702537182852143
      ],
      "val_auroc": [
        0.9990963033967696,
        0.9994169249757242,
        0.9995470514184296,
        0.9995697171855074,
        0.9995689103135402,
        0.9995312807390713,
        0.999558420977967,
        0.9995448508585192
      ],
      "learning_rate": [
        0.001,
        0.001,
        0.001,
        0.001,
        0.001,
        0.001,
        0.001,
        0.001
      ]
    },
    "final_metrics": {
      "loss": 0.02992266308177601,
      "accuracy": 0.990296803652968,
      "precision": 0.9910634495084897,
      "recall": 0.9502999143101971,
      "f1": 0.9702537182852143,
      "auroc": 0.9995448508585192
    },
    "best_val_f1": 0.9702537182852143,
    "training_time": 8.358946800231934,
    "num_parameters": 8193
  },
  "config": {
    "dataset_path": "data/NTML-datasets/4T1L_500samples.jsonl",
    "max_length": 312,
    "model_name": "meta-llama/Llama-3.3-70B-Instruct",
    "hook_point": "blocks.59.hook_resid_pre",
    "hook_layer": 59,
    "device": "cuda",
    "dtype": "bfloat16",
    "batch_size": 32,
    "learning_rate": 0.001,
    "num_epochs": 8,
    "weight_decay": 0.001,
    "train_ratio": 0.8,
    "handle_class_imbalance": true,
    "optimizer_type": "AdamW",
    "scheduler_type": "cosine",
    "warmup_ratio": 0.1,
    "gradient_clip_norm": 1.0,
    "cache_dir": "./cache/ntml_binary/meta_llama_Llama_3.3_70B_Instruct_4T1L_500samples",
    "activation_batch_size": 4,
    "force_recache": false,
    "output_dir": "./ntml_4T1L_500samples_pytorch_llama70b",
    "probe_name": "ntml_binary_4T1L_500samples_layer_59",
    "save_checkpoints": true,
    "checkpoint_every": 5,
    "verbose": true,
    "log_every": 10,
    "eval_every": 1,
    "ignore_system_tokens": true,
    "ignore_user_tokens": true,
    "min_tokens_per_statement": 1,
    "token_overlap_strategy": "majority",
    "probe_method": "pytorch",
    "sklearn_C": 1.0,
    "sklearn_C_sweep": false,
    "sklearn_C_values": [
      0.0001,
      0.001,
      0.01,
      0.1,
      1.0,
      10.0,
      100.0,
      1000.0,
      10000.0
    ],
    "sklearn_solver": "liblinear",
    "sklearn_max_iter": 1000,
    "pytorch_bias": true,
    "pytorch_normalize_weights": true
  }
}