{
  "loss": 0.032578468322753906,
  "accuracy": 0.9910102739726028,
  "precision": 0.9896818572656921,
  "recall": 0.9575707154742097,
  "f1": 0.9733615221987315,
  "auroc": 0.9992667806497724
}