{
  "loss": 0.03191508813337846,
  "accuracy": 0.990296803652968,
  "precision": 0.9933054393305439,
  "recall": 0.9518845228548516,
  "f1": 0.9721539721539721,
  "auroc": 0.9994119544257373
}