{
  "model_type": "pytorch_interpretability_probe",
  "training_history": {
    "train_loss": [
      0.09592619771350465,
      0.03713113750165252,
      0.028162022525249006,
      0.02432053441343378,
      0.022247882521621985,
      0.020965895443287207,
      0.020096958827516533,
      0.01947313813985959
    ],
    "train_accuracy": [
      0.9676418123439172,
      0.9915804495183732,
      0.9954334641455583,
      0.9964680699250803,
      0.9969675347841598,
      0.997752408134142,
      0.9980378166250446,
      0.9981448448091331
    ],
    "val_loss": [
      0.049377424066716975,
      0.038161516189575195,
      0.03471742543307218,
      0.03262676352804357,
      0.03143668608231978,
      0.030612945556640625,
      0.030224505337801848,
      0.030147201364690606
    ],
    "val_accuracy": [
      0.9861586757990868,
      0.9894406392694064,
      0.9900114155251142,
      0.990154109589041,
      0.9900114155251142,
      0.9908675799086758,
      0.990582191780822,
      0.990582191780822
    ],
    "val_f1": [
      0.9586000853606488,
      0.9686706181202371,
      0.9702633814783348,
      0.9707006369426752,
      0.9702886247877759,
      0.9728583545377438,
      0.9719864176570459,
      0.9720101781170484
    ],
    "val_auroc": [
      0.9989884409039437,
      0.9993686280427355,
      0.9994364673263756,
      0.9995106239189684,
      0.9995610906029886,
      0.9995884416792499,
      0.9995868623520117,
      0.9995897338560811
    ],
    "learning_rate": [
      0.001,
      0.001,
      0.001,
      0.001,
      0.001,
      0.001,
      0.001,
      0.001
    ]
  },
  "metadata": {
    "layer": 52,
    "num_assistant_tokens": 35038,
    "hidden_size": 8192,
    "label_distribution": [
      29014,
      6024
    ],
    "training_history": {
      "train_loss": [
        0.09592619771350465,
        0.03713113750165252,
        0.028162022525249006,
        0.02432053441343378,
        0.022247882521621985,
        0.020965895443287207,
        0.020096958827516533,
        0.01947313813985959
      ],
      "train_accuracy": [
        0.9676418123439172,
        0.9915804495183732,
        0.9954334641455583,
        0.9964680699250803,
        0.9969675347841598,
        0.997752408134142,
        0.9980378166250446,
        0.9981448448091331
      ],
      "val_loss": [
        0.049377424066716975,
        0.038161516189575195,
        0.03471742543307218,
        0.03262676352804357,
        0.03143668608231978,
        0.030612945556640625,
        0.030224505337801848,
        0.030147201364690606
      ],
      "val_accuracy": [
        0.9861586757990868,
        0.9894406392694064,
        0.9900114155251142,
        0.990154109589041,
        0.9900114155251142,
        0.9908675799086758,
        0.990582191780822,
        0.990582191780822
      ],
      "val_f1": [
        0.9586000853606488,
        0.9686706181202371,
        0.9702633814783348,
        0.9707006369426752,
        0.9702886247877759,
        0.9728583545377438,
        0.9719864176570459,
        0.9720101781170484
      ],
      "val_auroc": [
        0.9989884409039437,
        0.9993686280427355,
        0.9994364673263756,
        0.9995106239189684,
        0.9995610906029886,
        0.9995884416792499,
        0.9995868623520117,
        0.9995897338560811
      ],
      "learning_rate": [
        0.001,
        0.001,
        0.001,
        0.001,
        0.001,
        0.001,
        0.001,
        0.001
      ]
    },
    "final_metrics": {
      "loss": 0.030147201364690606,
      "accuracy": 0.990582191780822,
      "precision": 0.9887834339948232,
      "recall": 0.9557964970809008,
      "f1": 0.9720101781170484,
      "auroc": 0.9995897338560811
    },
    "best_val_f1": 0.9728583545377438,
    "training_time": 8.634343147277832,
    "num_parameters": 8193
  },
  "config": {
    "dataset_path": "data/NTML-datasets/4T1L_500samples.jsonl",
    "max_length": 312,
    "model_name": "meta-llama/Llama-3.3-70B-Instruct",
    "hook_point": "blocks.52.hook_resid_pre",
    "hook_layer": 52,
    "device": "cuda",
    "dtype": "bfloat16",
    "batch_size": 32,
    "learning_rate": 0.001,
    "num_epochs": 8,
    "weight_decay": 0.001,
    "train_ratio": 0.8,
    "handle_class_imbalance": true,
    "optimizer_type": "AdamW",
    "scheduler_type": "cosine",
    "warmup_ratio": 0.1,
    "gradient_clip_norm": 1.0,
    "cache_dir": "./cache/ntml_binary/meta_llama_Llama_3.3_70B_Instruct_4T1L_500samples",
    "activation_batch_size": 4,
    "force_recache": false,
    "output_dir": "./ntml_4T1L_500samples_pytorch_llama70b",
    "probe_name": "ntml_binary_4T1L_500samples_layer_52",
    "save_checkpoints": true,
    "checkpoint_every": 5,
    "verbose": true,
    "log_every": 10,
    "eval_every": 1,
    "ignore_system_tokens": true,
    "ignore_user_tokens": true,
    "min_tokens_per_statement": 1,
    "token_overlap_strategy": "majority",
    "probe_method": "pytorch",
    "sklearn_C": 1.0,
    "sklearn_C_sweep": false,
    "sklearn_C_values": [
      0.0001,
      0.001,
      0.01,
      0.1,
      1.0,
      10.0,
      100.0,
      1000.0,
      10000.0
    ],
    "sklearn_solver": "liblinear",
    "sklearn_max_iter": 1000,
    "pytorch_bias": true,
    "pytorch_normalize_weights": true
  }
}