{
  "model_type": "pytorch_interpretability_probe",
  "training_history": {
    "train_loss": [
      0.09078542591332028,
      0.03623983254188408,
      0.028082971125160724,
      0.02483729829960694,
      0.023013930850700564,
      0.02182062946208944,
      0.021075224844083938,
      0.020468691678624175
    ],
    "train_accuracy": [
      0.9708883339279344,
      0.992436674991081,
      0.994898323225116,
      0.9960042811273635,
      0.9966464502318944,
      0.9970032108455227,
      0.9973242953977881,
      0.997752408134142
    ],
    "val_loss": [
      0.0485807939009233,
      0.036924643950028854,
      0.032716590707952325,
      0.03083652583035556,
      0.02971515655517578,
      0.029029863530939275,
      0.028513708981600674,
      0.028004689650102096
    ],
    "val_accuracy": [
      0.9864440639269406,
      0.990582191780822,
      0.9914383561643836,
      0.9921518264840182,
      0.9920091324200914,
      0.9924372146118722,
      0.992722602739726,
      0.992722602739726
    ],
    "val_f1": [
      0.9596260093497663,
      0.9722921914357683,
      0.9747687132043734,
      0.9769392033542977,
      0.9764903442485307,
      0.9778149853495186,
      0.9786342689568496,
      0.9786342689568496
    ],
    "val_auroc": [
      0.9989431933807127,
      0.9995653159132402,
      0.9997159335591014,
      0.9997669434919201,
      0.9997751022433445,
      0.9997648151219832,
      0.9997853184190411,
      0.9997931224421427
    ],
    "learning_rate": [
      0.001,
      0.001,
      0.001,
      0.001,
      0.001,
      0.001,
      0.001,
      0.001
    ]
  },
  "metadata": {
    "layer": 40,
    "num_assistant_tokens": 35038,
    "hidden_size": 8192,
    "label_distribution": [
      29014,
      6024
    ],
    "training_history": {
      "train_loss": [
        0.09078542591332028,
        0.03623983254188408,
        0.028082971125160724,
        0.02483729829960694,
        0.023013930850700564,
        0.02182062946208944,
        0.021075224844083938,
        0.020468691678624175
      ],
      "train_accuracy": [
        0.9708883339279344,
        0.992436674991081,
        0.994898323225116,
        0.9960042811273635,
        0.9966464502318944,
        0.9970032108455227,
        0.9973242953977881,
        0.997752408134142
      ],
      "val_loss": [
        0.0485807939009233,
        0.036924643950028854,
        0.032716590707952325,
        0.03083652583035556,
        0.02971515655517578,
        0.029029863530939275,
        0.028513708981600674,
        0.028004689650102096
      ],
      "val_accuracy": [
        0.9864440639269406,
        0.990582191780822,
        0.9914383561643836,
        0.9921518264840182,
        0.9920091324200914,
        0.9924372146118722,
        0.992722602739726,
        0.992722602739726
      ],
      "val_f1": [
        0.9596260093497663,
        0.9722921914357683,
        0.9747687132043734,
        0.9769392033542977,
        0.9764903442485307,
        0.9778149853495186,
        0.9786342689568496,
        0.9786342689568496
      ],
      "val_auroc": [
        0.9989431933807127,
        0.9995653159132402,
        0.9997159335591014,
        0.9997669434919201,
        0.9997751022433445,
        0.9997648151219832,
        0.9997853184190411,
        0.9997931224421427
      ],
      "learning_rate": [
        0.001,
        0.001,
        0.001,
        0.001,
        0.001,
        0.001,
        0.001,
        0.001
      ]
    },
    "final_metrics": {
      "loss": 0.028004689650102096,
      "accuracy": 0.992722602739726,
      "precision": 0.9982905982905983,
      "recall": 0.9597370583401807,
      "f1": 0.9786342689568496,
      "auroc": 0.9997931224421427
    },
    "best_val_f1": 0.9786342689568496,
    "training_time": 7.94964599609375,
    "num_parameters": 8193
  },
  "config": {
    "dataset_path": "data/NTML-datasets/4T1L_500samples.jsonl",
    "max_length": 312,
    "model_name": "meta-llama/Llama-3.3-70B-Instruct",
    "hook_point": "blocks.40.hook_resid_pre",
    "hook_layer": 40,
    "device": "cuda",
    "dtype": "bfloat16",
    "batch_size": 32,
    "learning_rate": 0.001,
    "num_epochs": 8,
    "weight_decay": 0.001,
    "train_ratio": 0.8,
    "handle_class_imbalance": true,
    "optimizer_type": "AdamW",
    "scheduler_type": "cosine",
    "warmup_ratio": 0.1,
    "gradient_clip_norm": 1.0,
    "cache_dir": "./cache/ntml_binary/meta_llama_Llama_3.3_70B_Instruct_4T1L_500samples",
    "activation_batch_size": 4,
    "force_recache": false,
    "output_dir": "./ntml_4T1L_500samples_pytorch_llama70b",
    "probe_name": "ntml_binary_4T1L_500samples_layer_40",
    "save_checkpoints": true,
    "checkpoint_every": 5,
    "verbose": true,
    "log_every": 10,
    "eval_every": 1,
    "ignore_system_tokens": true,
    "ignore_user_tokens": true,
    "min_tokens_per_statement": 1,
    "token_overlap_strategy": "majority",
    "probe_method": "pytorch",
    "sklearn_C": 1.0,
    "sklearn_C_sweep": false,
    "sklearn_C_values": [
      0.0001,
      0.001,
      0.01,
      0.1,
      1.0,
      10.0,
      100.0,
      1000.0,
      10000.0
    ],
    "sklearn_solver": "liblinear",
    "sklearn_max_iter": 1000,
    "pytorch_bias": true,
    "pytorch_normalize_weights": true
  }
}