{
  "model_type": "pytorch_interpretability_probe",
  "training_history": {
    "train_loss": [
      0.0860976404999489,
      0.027270808158927178,
      0.01913539864352509,
      0.01632633521359788,
      0.014810536805217125,
      0.014001548273242228,
      0.01328214387022401,
      0.012814155707484511
    ],
    "train_accuracy": [
      0.9711380663574741,
      0.9942918301819479,
      0.9974669996432394,
      0.9983232251159472,
      0.9988940420977525,
      0.998787013913664,
      0.999179450588655,
      0.9994291830181948
    ],
    "val_loss": [
      0.04448057954961603,
      0.036732118779962714,
      0.03464125719937411,
      0.032616923072121363,
      0.032436370849609375,
      0.03251641880382191,
      0.031749296188354495,
      0.03171067237854004
    ],
    "val_accuracy": [
      0.9873002283105022,
      0.9895833333333334,
      0.9892979452054794,
      0.990296803652968,
      0.9910102739726028,
      0.9897260273972602,
      0.990439497716895,
      0.990439497716895
    ],
    "val_f1": [
      0.961982058949167,
      0.9692631578947368,
      0.9681798896902842,
      0.9712837837837838,
      0.9734736842105263,
      0.9695173581710415,
      0.9717418810628426,
      0.9716941275876637
    ],
    "val_auroc": [
      0.9985584776816858,
      0.9989890872773906,
      0.9990242463583251,
      0.9990849367799788,
      0.9990592628060713,
      0.9990635418017225,
      0.999100198531135,
      0.999091070007079
    ],
    "learning_rate": [
      0.001,
      0.001,
      0.001,
      0.001,
      0.001,
      0.001,
      0.001,
      0.001
    ]
  },
  "metadata": {
    "layer": 68,
    "num_assistant_tokens": 35038,
    "hidden_size": 8192,
    "label_distribution": [
      29014,
      6024
    ],
    "training_history": {
      "train_loss": [
        0.0860976404999489,
        0.027270808158927178,
        0.01913539864352509,
        0.01632633521359788,
        0.014810536805217125,
        0.014001548273242228,
        0.01328214387022401,
        0.012814155707484511
      ],
      "train_accuracy": [
        0.9711380663574741,
        0.9942918301819479,
        0.9974669996432394,
        0.9983232251159472,
        0.9988940420977525,
        0.998787013913664,
        0.999179450588655,
        0.9994291830181948
      ],
      "val_loss": [
        0.04448057954961603,
        0.036732118779962714,
        0.03464125719937411,
        0.032616923072121363,
        0.032436370849609375,
        0.03251641880382191,
        0.031749296188354495,
        0.03171067237854004
      ],
      "val_accuracy": [
        0.9873002283105022,
        0.9895833333333334,
        0.9892979452054794,
        0.990296803652968,
        0.9910102739726028,
        0.9897260273972602,
        0.990439497716895,
        0.990439497716895
      ],
      "val_f1": [
        0.961982058949167,
        0.9692631578947368,
        0.9681798896902842,
        0.9712837837837838,
        0.9734736842105263,
        0.9695173581710415,
        0.9717418810628426,
        0.9716941275876637
      ],
      "val_auroc": [
        0.9985584776816858,
        0.9989890872773906,
        0.9990242463583251,
        0.9990849367799788,
        0.9990592628060713,
        0.9990635418017225,
        0.999100198531135,
        0.999091070007079
      ],
      "learning_rate": [
        0.001,
        0.001,
        0.001,
        0.001,
        0.001,
        0.001,
        0.001,
        0.001
      ]
    },
    "final_metrics": {
      "loss": 0.03171067237854004,
      "accuracy": 0.990439497716895,
      "precision": 0.9930915371329879,
      "recall": 0.9511993382961125,
      "f1": 0.9716941275876637,
      "auroc": 0.999091070007079
    },
    "best_val_f1": 0.9734736842105263,
    "training_time": 8.244091510772705,
    "num_parameters": 8193
  },
  "config": {
    "dataset_path": "data/NTML-datasets/4T1L_500samples.jsonl",
    "max_length": 312,
    "model_name": "meta-llama/Llama-3.3-70B-Instruct",
    "hook_point": "blocks.68.hook_resid_pre",
    "hook_layer": 68,
    "device": "cuda",
    "dtype": "bfloat16",
    "batch_size": 32,
    "learning_rate": 0.001,
    "num_epochs": 8,
    "weight_decay": 0.001,
    "train_ratio": 0.8,
    "handle_class_imbalance": true,
    "optimizer_type": "AdamW",
    "scheduler_type": "cosine",
    "warmup_ratio": 0.1,
    "gradient_clip_norm": 1.0,
    "cache_dir": "./cache/ntml_binary/meta_llama_Llama_3.3_70B_Instruct_4T1L_500samples",
    "activation_batch_size": 4,
    "force_recache": false,
    "output_dir": "./ntml_4T1L_500samples_pytorch_llama70b",
    "probe_name": "ntml_binary_4T1L_500samples_layer_68",
    "save_checkpoints": true,
    "checkpoint_every": 5,
    "verbose": true,
    "log_every": 10,
    "eval_every": 1,
    "ignore_system_tokens": true,
    "ignore_user_tokens": true,
    "min_tokens_per_statement": 1,
    "token_overlap_strategy": "majority",
    "probe_method": "pytorch",
    "sklearn_C": 1.0,
    "sklearn_C_sweep": false,
    "sklearn_C_values": [
      0.0001,
      0.001,
      0.01,
      0.1,
      1.0,
      10.0,
      100.0,
      1000.0,
      10000.0
    ],
    "sklearn_solver": "liblinear",
    "sklearn_max_iter": 1000,
    "pytorch_bias": true,
    "pytorch_normalize_weights": true
  }
}