{
  "loss": 0.4247552351518111,
  "accuracy": 0.8313356164383562,
  "precision": 0.0,
  "recall": 0.0,
  "f1": 0.0,
  "auroc": 0.6380118617574639
}