{
  "model_type": "pytorch_interpretability_probe",
  "training_history": {
    "train_loss": [
      0.4320168128092539,
      0.4108277879417215,
      0.40325337910352776,
      0.3989941458043442,
      0.3963626880011602,
      0.39472742848200343,
      0.39352199680184663,
      0.3926941128149969
    ],
    "train_accuracy": [
      0.827791651801641,
      0.827791651801641,
      0.8279700321084552,
      0.828219764537995,
      0.8284694969675348,
      0.828433820906172,
      0.828826257581163,
      0.8288619336425259
    ],
    "val_loss": [
      0.41530795097351075,
      0.4089077819477428,
      0.40511787154457785,
      0.4037409002130682,
      0.4024818810549649,
      0.4018963466991078,
      0.40155341625213625,
      0.40102428089488634
    ],
    "val_accuracy": [
      0.829195205479452,
      0.829195205479452,
      0.829337899543379,
      0.829337899543379,
      0.8299086757990868,
      0.8299086757990868,
      0.8299086757990868,
      0.8299086757990868
    ],
    "val_f1": [
      0.0,
      0.0,
      0.001669449081803005,
      0.001669449081803005,
      0.008319467554076539,
      0.008319467554076539,
      0.008319467554076539,
      0.008319467554076539
    ],
    "val_auroc": [
      0.7024484862704573,
      0.7217978261779039,
      0.7324377024129761,
      0.7347828068421498,
      0.7398037484579343,
      0.739568979236941,
      0.742429267685361,
      0.743495792771667
    ],
    "learning_rate": [
      0.001,
      0.001,
      0.001,
      0.001,
      0.001,
      0.001,
      0.001,
      0.001
    ]
  },
  "metadata": {
    "layer": 9,
    "num_assistant_tokens": 35038,
    "hidden_size": 8192,
    "label_distribution": [
      29014,
      6024
    ],
    "training_history": {
      "train_loss": [
        0.4320168128092539,
        0.4108277879417215,
        0.40325337910352776,
        0.3989941458043442,
        0.3963626880011602,
        0.39472742848200343,
        0.39352199680184663,
        0.3926941128149969
      ],
      "train_accuracy": [
        0.827791651801641,
        0.827791651801641,
        0.8279700321084552,
        0.828219764537995,
        0.8284694969675348,
        0.828433820906172,
        0.828826257581163,
        0.8288619336425259
      ],
      "val_loss": [
        0.41530795097351075,
        0.4089077819477428,
        0.40511787154457785,
        0.4037409002130682,
        0.4024818810549649,
        0.4018963466991078,
        0.40155341625213625,
        0.40102428089488634
      ],
      "val_accuracy": [
        0.829195205479452,
        0.829195205479452,
        0.829337899543379,
        0.829337899543379,
        0.8299086757990868,
        0.8299086757990868,
        0.8299086757990868,
        0.8299086757990868
      ],
      "val_f1": [
        0.0,
        0.0,
        0.001669449081803005,
        0.001669449081803005,
        0.008319467554076539,
        0.008319467554076539,
        0.008319467554076539,
        0.008319467554076539
      ],
      "val_auroc": [
        0.7024484862704573,
        0.7217978261779039,
        0.7324377024129761,
        0.7347828068421498,
        0.7398037484579343,
        0.739568979236941,
        0.742429267685361,
        0.743495792771667
      ],
      "learning_rate": [
        0.001,
        0.001,
        0.001,
        0.001,
        0.001,
        0.001,
        0.001,
        0.001
      ]
    },
    "final_metrics": {
      "loss": 0.40102428089488634,
      "accuracy": 0.8299086757990868,
      "precision": 1.0,
      "recall": 0.004177109440267335,
      "f1": 0.008319467554076539,
      "auroc": 0.743495792771667
    },
    "best_val_f1": 0.008319467554076539,
    "training_time": 8.578200101852417,
    "num_parameters": 8193
  },
  "config": {
    "dataset_path": "data/NTML-datasets/4T1L_500samples.jsonl",
    "max_length": 312,
    "model_name": "meta-llama/Llama-3.3-70B-Instruct",
    "hook_point": "blocks.9.hook_resid_pre",
    "hook_layer": 9,
    "device": "cuda",
    "dtype": "bfloat16",
    "batch_size": 32,
    "learning_rate": 0.001,
    "num_epochs": 8,
    "weight_decay": 0.001,
    "train_ratio": 0.8,
    "handle_class_imbalance": true,
    "optimizer_type": "AdamW",
    "scheduler_type": "cosine",
    "warmup_ratio": 0.1,
    "gradient_clip_norm": 1.0,
    "cache_dir": "./cache/ntml_binary/meta_llama_Llama_3.3_70B_Instruct_4T1L_500samples",
    "activation_batch_size": 4,
    "force_recache": false,
    "output_dir": "./ntml_4T1L_500samples_pytorch_llama70b",
    "probe_name": "ntml_binary_4T1L_500samples_layer_9",
    "save_checkpoints": true,
    "checkpoint_every": 5,
    "verbose": true,
    "log_every": 10,
    "eval_every": 1,
    "ignore_system_tokens": true,
    "ignore_user_tokens": true,
    "min_tokens_per_statement": 1,
    "token_overlap_strategy": "majority",
    "probe_method": "pytorch",
    "sklearn_C": 1.0,
    "sklearn_C_sweep": false,
    "sklearn_C_values": [
      0.0001,
      0.001,
      0.01,
      0.1,
      1.0,
      10.0,
      100.0,
      1000.0,
      10000.0
    ],
    "sklearn_solver": "liblinear",
    "sklearn_max_iter": 1000,
    "pytorch_bias": true,
    "pytorch_normalize_weights": true
  }
}