{
  "loss": 0.02440657317638397,
  "accuracy": 0.992865296803653,
  "precision": 0.9957007738607051,
  "recall": 0.9625935162094763,
  "f1": 0.9788672865595942,
  "auroc": 0.9998739155556414
}