{
  "model_type": "pytorch_interpretability_probe",
  "training_history": {
    "train_loss": [
      0.09066004790025486,
      0.031695346092830784,
      0.023426306812458386,
      0.01993283797395692,
      0.018171415772697288,
      0.017026085324147417,
      0.01635048066618848,
      0.015731890053279934
    ],
    "train_accuracy": [
      0.9701391366393151,
      0.9935426328933286,
      0.9965394220478059,
      0.9973599714591509,
      0.9980021405636817,
      0.998572957545487,
      0.9987156617909383,
      0.9988940420977525
    ],
    "val_loss": [
      0.044532489776611325,
      0.0370294527574019,
      0.03371824784712358,
      0.03268037709322843,
      0.032973159443248405,
      0.03195074688304554,
      0.030960330096158114,
      0.031018057736483487
    ],
    "val_accuracy": [
      0.9871575342465754,
      0.9887271689497716,
      0.9894406392694064,
      0.9890125570776256,
      0.990439497716895,
      0.9885844748858448,
      0.9898687214611872,
      0.9891552511415526
    ],
    "val_f1": [
      0.9615713065755764,
      0.9664543524416136,
      0.9685106382978723,
      0.9673036093418259,
      0.9718605627887442,
      0.9658994032395567,
      0.9698769622401358,
      0.9676595744680851
    ],
    "val_auroc": [
      0.9989868330037925,
      0.9992712193921143,
      0.9993634956132805,
      0.9994053870022968,
      0.9993845132861203,
      0.9994007803890718,
      0.9994295717217289,
      0.9994158238603852
    ],
    "learning_rate": [
      0.001,
      0.001,
      0.001,
      0.001,
      0.001,
      0.001,
      0.001,
      0.001
    ]
  },
  "metadata": {
    "layer": 60,
    "num_assistant_tokens": 35038,
    "hidden_size": 8192,
    "label_distribution": [
      29014,
      6024
    ],
    "training_history": {
      "train_loss": [
        0.09066004790025486,
        0.031695346092830784,
        0.023426306812458386,
        0.01993283797395692,
        0.018171415772697288,
        0.017026085324147417,
        0.01635048066618848,
        0.015731890053279934
      ],
      "train_accuracy": [
        0.9701391366393151,
        0.9935426328933286,
        0.9965394220478059,
        0.9973599714591509,
        0.9980021405636817,
        0.998572957545487,
        0.9987156617909383,
        0.9988940420977525
      ],
      "val_loss": [
        0.044532489776611325,
        0.0370294527574019,
        0.03371824784712358,
        0.03268037709322843,
        0.032973159443248405,
        0.03195074688304554,
        0.030960330096158114,
        0.031018057736483487
      ],
      "val_accuracy": [
        0.9871575342465754,
        0.9887271689497716,
        0.9894406392694064,
        0.9890125570776256,
        0.990439497716895,
        0.9885844748858448,
        0.9898687214611872,
        0.9891552511415526
      ],
      "val_f1": [
        0.9615713065755764,
        0.9664543524416136,
        0.9685106382978723,
        0.9673036093418259,
        0.9718605627887442,
        0.9658994032395567,
        0.9698769622401358,
        0.9676595744680851
      ],
      "val_auroc": [
        0.9989868330037925,
        0.9992712193921143,
        0.9993634956132805,
        0.9994053870022968,
        0.9993845132861203,
        0.9994007803890718,
        0.9994295717217289,
        0.9994158238603852
      ],
      "learning_rate": [
        0.001,
        0.001,
        0.001,
        0.001,
        0.001,
        0.001,
        0.001,
        0.001
      ]
    },
    "final_metrics": {
      "loss": 0.031018057736483487,
      "accuracy": 0.9891552511415526,
      "precision": 0.9844155844155844,
      "recall": 0.9514644351464435,
      "f1": 0.9676595744680851,
      "auroc": 0.9994158238603852
    },
    "best_val_f1": 0.9718605627887442,
    "training_time": 8.322839260101318,
    "num_parameters": 8193
  },
  "config": {
    "dataset_path": "data/NTML-datasets/4T1L_500samples.jsonl",
    "max_length": 312,
    "model_name": "meta-llama/Llama-3.3-70B-Instruct",
    "hook_point": "blocks.60.hook_resid_pre",
    "hook_layer": 60,
    "device": "cuda",
    "dtype": "bfloat16",
    "batch_size": 32,
    "learning_rate": 0.001,
    "num_epochs": 8,
    "weight_decay": 0.001,
    "train_ratio": 0.8,
    "handle_class_imbalance": true,
    "optimizer_type": "AdamW",
    "scheduler_type": "cosine",
    "warmup_ratio": 0.1,
    "gradient_clip_norm": 1.0,
    "cache_dir": "./cache/ntml_binary/meta_llama_Llama_3.3_70B_Instruct_4T1L_500samples",
    "activation_batch_size": 4,
    "force_recache": false,
    "output_dir": "./ntml_4T1L_500samples_pytorch_llama70b",
    "probe_name": "ntml_binary_4T1L_500samples_layer_60",
    "save_checkpoints": true,
    "checkpoint_every": 5,
    "verbose": true,
    "log_every": 10,
    "eval_every": 1,
    "ignore_system_tokens": true,
    "ignore_user_tokens": true,
    "min_tokens_per_statement": 1,
    "token_overlap_strategy": "majority",
    "probe_method": "pytorch",
    "sklearn_C": 1.0,
    "sklearn_C_sweep": false,
    "sklearn_C_values": [
      0.0001,
      0.001,
      0.01,
      0.1,
      1.0,
      10.0,
      100.0,
      1000.0,
      10000.0
    ],
    "sklearn_solver": "liblinear",
    "sklearn_max_iter": 1000,
    "pytorch_bias": true,
    "pytorch_normalize_weights": true
  }
}