{
  "loss": 0.03197700760581277,
  "accuracy": 0.9908675799086758,
  "precision": 0.9950083194675541,
  "recall": 0.9537480063795853,
  "f1": 0.9739413680781759,
  "auroc": 0.9996375865565261
}