{
  "loss": 0.030334507335316053,
  "accuracy": 0.9900114155251142,
  "precision": 0.9939498703543648,
  "recall": 0.9480626545754328,
  "f1": 0.9704641350210971,
  "auroc": 0.9992425314770172
}