{
  "model_type": "pytorch_interpretability_probe",
  "training_history": {
    "train_loss": [
      0.2508665920494626,
      0.16276149313947927,
      0.1424933239800609,
      0.13380649946119688,
      0.1291941376360448,
      0.12630994156955583,
      0.12418738818944317,
      0.12275596940252062
    ],
    "train_accuracy": [
      0.8977167320727791,
      0.9409917945058865,
      0.9525865144488048,
      0.9559757402782733,
      0.9594363182304674,
      0.961148769175883,
      0.9629682483053871,
      0.9627898679985729
    ],
    "val_loss": [
      0.19129808816042812,
      0.16209595853632147,
      0.1519833814014088,
      0.14574162418192083,
      0.1437672268260609,
      0.1418337941169739,
      0.14046113816174594,
      0.13945506702769886
    ],
    "val_accuracy": [
      0.9170947488584474,
      0.9467751141552512,
      0.942208904109589,
      0.9506278538812786,
      0.9474885844748858,
      0.9492009132420092,
      0.9490582191780822,
      0.9500570776255708
    ],
    "val_f1": [
      0.6934036939313984,
      0.8269141531322506,
      0.8044422984065669,
      0.8398148148148148,
      0.825426944971537,
      0.8328638497652582,
      0.8316831683168316,
      0.8364485981308412
    ],
    "val_auroc": [
      0.9781414628343548,
      0.9864388729649813,
      0.9890267597176748,
      0.9899101589495508,
      0.9904710990517408,
      0.9904486529507064,
      0.9910475460817747,
      0.9909509641202261
    ],
    "learning_rate": [
      0.001,
      0.001,
      0.001,
      0.001,
      0.001,
      0.001,
      0.001,
      0.001
    ]
  },
  "metadata": {
    "layer": 24,
    "num_assistant_tokens": 35038,
    "hidden_size": 8192,
    "label_distribution": [
      29014,
      6024
    ],
    "training_history": {
      "train_loss": [
        0.2508665920494626,
        0.16276149313947927,
        0.1424933239800609,
        0.13380649946119688,
        0.1291941376360448,
        0.12630994156955583,
        0.12418738818944317,
        0.12275596940252062
      ],
      "train_accuracy": [
        0.8977167320727791,
        0.9409917945058865,
        0.9525865144488048,
        0.9559757402782733,
        0.9594363182304674,
        0.961148769175883,
        0.9629682483053871,
        0.9627898679985729
      ],
      "val_loss": [
        0.19129808816042812,
        0.16209595853632147,
        0.1519833814014088,
        0.14574162418192083,
        0.1437672268260609,
        0.1418337941169739,
        0.14046113816174594,
        0.13945506702769886
      ],
      "val_accuracy": [
        0.9170947488584474,
        0.9467751141552512,
        0.942208904109589,
        0.9506278538812786,
        0.9474885844748858,
        0.9492009132420092,
        0.9490582191780822,
        0.9500570776255708
      ],
      "val_f1": [
        0.6934036939313984,
        0.8269141531322506,
        0.8044422984065669,
        0.8398148148148148,
        0.825426944971537,
        0.8328638497652582,
        0.8316831683168316,
        0.8364485981308412
      ],
      "val_auroc": [
        0.9781414628343548,
        0.9864388729649813,
        0.9890267597176748,
        0.9899101589495508,
        0.9904710990517408,
        0.9904486529507064,
        0.9910475460817747,
        0.9909509641202261
      ],
      "learning_rate": [
        0.001,
        0.001,
        0.001,
        0.001,
        0.001,
        0.001,
        0.001,
        0.001
      ]
    },
    "final_metrics": {
      "loss": 0.13945506702769886,
      "accuracy": 0.9500570776255708,
      "precision": 0.9728260869565217,
      "recall": 0.7336065573770492,
      "f1": 0.8364485981308412,
      "auroc": 0.9909509641202261
    },
    "best_val_f1": 0.8398148148148148,
    "training_time": 8.496567964553833,
    "num_parameters": 8193
  },
  "config": {
    "dataset_path": "data/NTML-datasets/4T1L_500samples.jsonl",
    "max_length": 312,
    "model_name": "meta-llama/Llama-3.3-70B-Instruct",
    "hook_point": "blocks.24.hook_resid_pre",
    "hook_layer": 24,
    "device": "cuda",
    "dtype": "bfloat16",
    "batch_size": 32,
    "learning_rate": 0.001,
    "num_epochs": 8,
    "weight_decay": 0.001,
    "train_ratio": 0.8,
    "handle_class_imbalance": true,
    "optimizer_type": "AdamW",
    "scheduler_type": "cosine",
    "warmup_ratio": 0.1,
    "gradient_clip_norm": 1.0,
    "cache_dir": "./cache/ntml_binary/meta_llama_Llama_3.3_70B_Instruct_4T1L_500samples",
    "activation_batch_size": 4,
    "force_recache": false,
    "output_dir": "./ntml_4T1L_500samples_pytorch_llama70b",
    "probe_name": "ntml_binary_4T1L_500samples_layer_24",
    "save_checkpoints": true,
    "checkpoint_every": 5,
    "verbose": true,
    "log_every": 10,
    "eval_every": 1,
    "ignore_system_tokens": true,
    "ignore_user_tokens": true,
    "min_tokens_per_statement": 1,
    "token_overlap_strategy": "majority",
    "probe_method": "pytorch",
    "sklearn_C": 1.0,
    "sklearn_C_sweep": false,
    "sklearn_C_values": [
      0.0001,
      0.001,
      0.01,
      0.1,
      1.0,
      10.0,
      100.0,
      1000.0,
      10000.0
    ],
    "sklearn_solver": "liblinear",
    "sklearn_max_iter": 1000,
    "pytorch_bias": true,
    "pytorch_normalize_weights": true
  }
}