{
  "loss": 0.42241783142089845,
  "accuracy": 0.8303367579908676,
  "precision": 0.0,
  "recall": 0.0,
  "f1": 0.0,
  "auroc": 0.6505658286252612
}