{
  "loss": 0.03267131718722257,
  "accuracy": 0.990154109589041,
  "precision": 0.9905982905982906,
  "recall": 0.952341824157765,
  "f1": 0.9710934227063259,
  "auroc": 0.9995862448842855
}