{
  "model_type": "pytorch_interpretability_probe",
  "training_history": {
    "train_loss": [
      0.08136329183686677,
      0.03295219623266834,
      0.02594975409093717,
      0.023033851394578645,
      0.021503466449903332,
      0.020508868292348298,
      0.019832716323435307,
      0.019339832821733332
    ],
    "train_accuracy": [
      0.9745629682483054,
      0.9914734213342847,
      0.9943988583660364,
      0.995718872636461,
      0.9960399571887264,
      0.9965037459864431,
      0.996931858722797,
      0.9968961826614342
    ],
    "val_loss": [
      0.04284792379899458,
      0.03317008018493652,
      0.0297103535045277,
      0.02810736136002974,
      0.026992247321388937,
      0.026269886710427025,
      0.025939260829578748,
      0.025409026579423385
    ],
    "val_accuracy": [
      0.98787100456621,
      0.9917237442922374,
      0.9922945205479452,
      0.992579908675799,
      0.992722602739726,
      0.992865296803653,
      0.992579908675799,
      0.9934360730593608
    ],
    "val_f1": [
      0.9628334062090075,
      0.9748917748917749,
      0.9766233766233766,
      0.9775086505190311,
      0.9779125162407969,
      0.9783549783549783,
      0.9774501300954033,
      0.9800865800865801
    ],
    "val_auroc": [
      0.9991444899557378,
      0.9995201224933176,
      0.9996307229720993,
      0.9996412424363956,
      0.9996873381445273,
      0.9997307309347494,
      0.9997146595309634,
      0.9997519890188481
    ],
    "learning_rate": [
      0.001,
      0.001,
      0.001,
      0.001,
      0.001,
      0.001,
      0.001,
      0.001
    ]
  },
  "metadata": {
    "layer": 36,
    "num_assistant_tokens": 35038,
    "hidden_size": 8192,
    "label_distribution": [
      29014,
      6024
    ],
    "training_history": {
      "train_loss": [
        0.08136329183686677,
        0.03295219623266834,
        0.02594975409093717,
        0.023033851394578645,
        0.021503466449903332,
        0.020508868292348298,
        0.019832716323435307,
        0.019339832821733332
      ],
      "train_accuracy": [
        0.9745629682483054,
        0.9914734213342847,
        0.9943988583660364,
        0.995718872636461,
        0.9960399571887264,
        0.9965037459864431,
        0.996931858722797,
        0.9968961826614342
      ],
      "val_loss": [
        0.04284792379899458,
        0.03317008018493652,
        0.0297103535045277,
        0.02810736136002974,
        0.026992247321388937,
        0.026269886710427025,
        0.025939260829578748,
        0.025409026579423385
      ],
      "val_accuracy": [
        0.98787100456621,
        0.9917237442922374,
        0.9922945205479452,
        0.992579908675799,
        0.992722602739726,
        0.992865296803653,
        0.992579908675799,
        0.9934360730593608
      ],
      "val_f1": [
        0.9628334062090075,
        0.9748917748917749,
        0.9766233766233766,
        0.9775086505190311,
        0.9779125162407969,
        0.9783549783549783,
        0.9774501300954033,
        0.9800865800865801
      ],
      "val_auroc": [
        0.9991444899557378,
        0.9995201224933176,
        0.9996307229720993,
        0.9996412424363956,
        0.9996873381445273,
        0.9997307309347494,
        0.9997146595309634,
        0.9997519890188481
      ],
      "learning_rate": [
        0.001,
        0.001,
        0.001,
        0.001,
        0.001,
        0.001,
        0.001,
        0.001
      ]
    },
    "final_metrics": {
      "loss": 0.025409026579423385,
      "accuracy": 0.9934360730593608,
      "precision": 0.9956024626209323,
      "recall": 0.9650468883205456,
      "f1": 0.9800865800865801,
      "auroc": 0.9997519890188481
    },
    "best_val_f1": 0.9800865800865801,
    "training_time": 8.637011766433716,
    "num_parameters": 8193
  },
  "config": {
    "dataset_path": "data/NTML-datasets/4T1L_500samples.jsonl",
    "max_length": 312,
    "model_name": "meta-llama/Llama-3.3-70B-Instruct",
    "hook_point": "blocks.36.hook_resid_pre",
    "hook_layer": 36,
    "device": "cuda",
    "dtype": "bfloat16",
    "batch_size": 32,
    "learning_rate": 0.001,
    "num_epochs": 8,
    "weight_decay": 0.001,
    "train_ratio": 0.8,
    "handle_class_imbalance": true,
    "optimizer_type": "AdamW",
    "scheduler_type": "cosine",
    "warmup_ratio": 0.1,
    "gradient_clip_norm": 1.0,
    "cache_dir": "./cache/ntml_binary/meta_llama_Llama_3.3_70B_Instruct_4T1L_500samples",
    "activation_batch_size": 4,
    "force_recache": false,
    "output_dir": "./ntml_4T1L_500samples_pytorch_llama70b",
    "probe_name": "ntml_binary_4T1L_500samples_layer_36",
    "save_checkpoints": true,
    "checkpoint_every": 5,
    "verbose": true,
    "log_every": 10,
    "eval_every": 1,
    "ignore_system_tokens": true,
    "ignore_user_tokens": true,
    "min_tokens_per_statement": 1,
    "token_overlap_strategy": "majority",
    "probe_method": "pytorch",
    "sklearn_C": 1.0,
    "sklearn_C_sweep": false,
    "sklearn_C_values": [
      0.0001,
      0.001,
      0.01,
      0.1,
      1.0,
      10.0,
      100.0,
      1000.0,
      10000.0
    ],
    "sklearn_solver": "liblinear",
    "sklearn_max_iter": 1000,
    "pytorch_bias": true,
    "pytorch_normalize_weights": true
  }
}