{
  "model_type": "pytorch_interpretability_probe",
  "training_history": {
    "train_loss": [
      0.09501251651901224,
      0.036981898767142196,
      0.028166180514819818,
      0.024330070792999307,
      0.02240833292872598,
      0.021021351241612952,
      0.020234397051167,
      0.01960522399101083
    ],
    "train_accuracy": [
      0.9685693899393507,
      0.9920442383160899,
      0.9948269711023903,
      0.9963253656796289,
      0.9970388869068855,
      0.9973599714591509,
      0.9976453799500535,
      0.9975383517659651
    ],
    "val_loss": [
      0.05210804505781694,
      0.04036052877252752,
      0.03593532388860529,
      0.03469633189114657,
      0.033251931450583715,
      0.03266827409917658,
      0.031919730793346056,
      0.03197700760581277
    ],
    "val_accuracy": [
      0.985445205479452,
      0.9885844748858448,
      0.9894406392694064,
      0.9895833333333334,
      0.990154109589041,
      0.990582191780822,
      0.9910102739726028,
      0.9908675799086758
    ],
    "val_f1": [
      0.9578512396694215,
      0.967373572593801,
      0.9697712418300654,
      0.9701675521046179,
      0.9718482252141983,
      0.9731051344743277,
      0.9744006501422187,
      0.9739413680781759
    ],
    "val_auroc": [
      0.9989546139181176,
      0.9993911731330094,
      0.9995849222702853,
      0.9995688458039591,
      0.9996006522610441,
      0.9996165901371433,
      0.9996334981448312,
      0.9996375865565261
    ],
    "learning_rate": [
      0.001,
      0.001,
      0.001,
      0.001,
      0.001,
      0.001,
      0.001,
      0.001
    ]
  },
  "metadata": {
    "layer": 49,
    "num_assistant_tokens": 35038,
    "hidden_size": 8192,
    "label_distribution": [
      29014,
      6024
    ],
    "training_history": {
      "train_loss": [
        0.09501251651901224,
        0.036981898767142196,
        0.028166180514819818,
        0.024330070792999307,
        0.02240833292872598,
        0.021021351241612952,
        0.020234397051167,
        0.01960522399101083
      ],
      "train_accuracy": [
        0.9685693899393507,
        0.9920442383160899,
        0.9948269711023903,
        0.9963253656796289,
        0.9970388869068855,
        0.9973599714591509,
        0.9976453799500535,
        0.9975383517659651
      ],
      "val_loss": [
        0.05210804505781694,
        0.04036052877252752,
        0.03593532388860529,
        0.03469633189114657,
        0.033251931450583715,
        0.03266827409917658,
        0.031919730793346056,
        0.03197700760581277
      ],
      "val_accuracy": [
        0.985445205479452,
        0.9885844748858448,
        0.9894406392694064,
        0.9895833333333334,
        0.990154109589041,
        0.990582191780822,
        0.9910102739726028,
        0.9908675799086758
      ],
      "val_f1": [
        0.9578512396694215,
        0.967373572593801,
        0.9697712418300654,
        0.9701675521046179,
        0.9718482252141983,
        0.9731051344743277,
        0.9744006501422187,
        0.9739413680781759
      ],
      "val_auroc": [
        0.9989546139181176,
        0.9993911731330094,
        0.9995849222702853,
        0.9995688458039591,
        0.9996006522610441,
        0.9996165901371433,
        0.9996334981448312,
        0.9996375865565261
      ],
      "learning_rate": [
        0.001,
        0.001,
        0.001,
        0.001,
        0.001,
        0.001,
        0.001,
        0.001
      ]
    },
    "final_metrics": {
      "loss": 0.03197700760581277,
      "accuracy": 0.9908675799086758,
      "precision": 0.9950083194675541,
      "recall": 0.9537480063795853,
      "f1": 0.9739413680781759,
      "auroc": 0.9996375865565261
    },
    "best_val_f1": 0.9744006501422187,
    "training_time": 8.021436214447021,
    "num_parameters": 8193
  },
  "config": {
    "dataset_path": "data/NTML-datasets/4T1L_500samples.jsonl",
    "max_length": 312,
    "model_name": "meta-llama/Llama-3.3-70B-Instruct",
    "hook_point": "blocks.49.hook_resid_pre",
    "hook_layer": 49,
    "device": "cuda",
    "dtype": "bfloat16",
    "batch_size": 32,
    "learning_rate": 0.001,
    "num_epochs": 8,
    "weight_decay": 0.001,
    "train_ratio": 0.8,
    "handle_class_imbalance": true,
    "optimizer_type": "AdamW",
    "scheduler_type": "cosine",
    "warmup_ratio": 0.1,
    "gradient_clip_norm": 1.0,
    "cache_dir": "./cache/ntml_binary/meta_llama_Llama_3.3_70B_Instruct_4T1L_500samples",
    "activation_batch_size": 4,
    "force_recache": false,
    "output_dir": "./ntml_4T1L_500samples_pytorch_llama70b",
    "probe_name": "ntml_binary_4T1L_500samples_layer_49",
    "save_checkpoints": true,
    "checkpoint_every": 5,
    "verbose": true,
    "log_every": 10,
    "eval_every": 1,
    "ignore_system_tokens": true,
    "ignore_user_tokens": true,
    "min_tokens_per_statement": 1,
    "token_overlap_strategy": "majority",
    "probe_method": "pytorch",
    "sklearn_C": 1.0,
    "sklearn_C_sweep": false,
    "sklearn_C_values": [
      0.0001,
      0.001,
      0.01,
      0.1,
      1.0,
      10.0,
      100.0,
      1000.0,
      10000.0
    ],
    "sklearn_solver": "liblinear",
    "sklearn_max_iter": 1000,
    "pytorch_bias": true,
    "pytorch_normalize_weights": true
  }
}