{
  "model_type": "pytorch_interpretability_probe",
  "training_history": {
    "train_loss": [
      0.09604558787100255,
      0.038848626686761915,
      0.030117170198408028,
      0.02623117328557658,
      0.024223656929417015,
      0.022849172435607336,
      0.022082786110854926,
      0.021434376266100296
    ],
    "train_accuracy": [
      0.9683553335711738,
      0.9910809846592936,
      0.9942918301819479,
      0.9955761683910096,
      0.9965750981091688,
      0.9966107741705316,
      0.9968248305387085,
      0.9975740278273278
    ],
    "val_loss": [
      0.05058777549050071,
      0.03850477500395341,
      0.03423851186578924,
      0.03190081336281516,
      0.030647910724986682,
      0.029859087683937767,
      0.029466121846979314,
      0.029233525016091087
    ],
    "val_accuracy": [
      0.98787100456621,
      0.9912956621004566,
      0.9917237442922374,
      0.9921518264840182,
      0.992865296803653,
      0.9934360730593608,
      0.9932933789954338,
      0.99300799086758
    ],
    "val_f1": [
      0.9648324369052544,
      0.9747829681686647,
      0.9760923330585326,
      0.9773569370111157,
      0.9794576828266228,
      0.9811320754716981,
      0.980729807298073,
      0.9798436857260386
    ],
    "val_auroc": [
      0.9990942058206181,
      0.9995166666549784,
      0.9996573466738572,
      0.9997339983491488,
      0.999772639770087,
      0.9997688527705759,
      0.9997655566784086,
      0.9997670995300615
    ],
    "learning_rate": [
      0.001,
      0.001,
      0.001,
      0.001,
      0.001,
      0.001,
      0.001,
      0.001
    ]
  },
  "metadata": {
    "layer": 44,
    "num_assistant_tokens": 35038,
    "hidden_size": 8192,
    "label_distribution": [
      29014,
      6024
    ],
    "training_history": {
      "train_loss": [
        0.09604558787100255,
        0.038848626686761915,
        0.030117170198408028,
        0.02623117328557658,
        0.024223656929417015,
        0.022849172435607336,
        0.022082786110854926,
        0.021434376266100296
      ],
      "train_accuracy": [
        0.9683553335711738,
        0.9910809846592936,
        0.9942918301819479,
        0.9955761683910096,
        0.9965750981091688,
        0.9966107741705316,
        0.9968248305387085,
        0.9975740278273278
      ],
      "val_loss": [
        0.05058777549050071,
        0.03850477500395341,
        0.03423851186578924,
        0.03190081336281516,
        0.030647910724986682,
        0.029859087683937767,
        0.029466121846979314,
        0.029233525016091087
      ],
      "val_accuracy": [
        0.98787100456621,
        0.9912956621004566,
        0.9917237442922374,
        0.9921518264840182,
        0.992865296803653,
        0.9934360730593608,
        0.9932933789954338,
        0.99300799086758
      ],
      "val_f1": [
        0.9648324369052544,
        0.9747829681686647,
        0.9760923330585326,
        0.9773569370111157,
        0.9794576828266228,
        0.9811320754716981,
        0.980729807298073,
        0.9798436857260386
      ],
      "val_auroc": [
        0.9990942058206181,
        0.9995166666549784,
        0.9996573466738572,
        0.9997339983491488,
        0.999772639770087,
        0.9997688527705759,
        0.9997655566784086,
        0.9997670995300615
      ],
      "learning_rate": [
        0.001,
        0.001,
        0.001,
        0.001,
        0.001,
        0.001,
        0.001,
        0.001
      ]
    },
    "final_metrics": {
      "loss": 0.029233525016091087,
      "accuracy": 0.99300799086758,
      "precision": 0.995819397993311,
      "recall": 0.9643724696356275,
      "f1": 0.9798436857260386,
      "auroc": 0.9997670995300615
    },
    "best_val_f1": 0.9811320754716981,
    "training_time": 7.964285612106323,
    "num_parameters": 8193
  },
  "config": {
    "dataset_path": "data/NTML-datasets/4T1L_500samples.jsonl",
    "max_length": 312,
    "model_name": "meta-llama/Llama-3.3-70B-Instruct",
    "hook_point": "blocks.44.hook_resid_pre",
    "hook_layer": 44,
    "device": "cuda",
    "dtype": "bfloat16",
    "batch_size": 32,
    "learning_rate": 0.001,
    "num_epochs": 8,
    "weight_decay": 0.001,
    "train_ratio": 0.8,
    "handle_class_imbalance": true,
    "optimizer_type": "AdamW",
    "scheduler_type": "cosine",
    "warmup_ratio": 0.1,
    "gradient_clip_norm": 1.0,
    "cache_dir": "./cache/ntml_binary/meta_llama_Llama_3.3_70B_Instruct_4T1L_500samples",
    "activation_batch_size": 4,
    "force_recache": false,
    "output_dir": "./ntml_4T1L_500samples_pytorch_llama70b",
    "probe_name": "ntml_binary_4T1L_500samples_layer_44",
    "save_checkpoints": true,
    "checkpoint_every": 5,
    "verbose": true,
    "log_every": 10,
    "eval_every": 1,
    "ignore_system_tokens": true,
    "ignore_user_tokens": true,
    "min_tokens_per_statement": 1,
    "token_overlap_strategy": "majority",
    "probe_method": "pytorch",
    "sklearn_C": 1.0,
    "sklearn_C_sweep": false,
    "sklearn_C_values": [
      0.0001,
      0.001,
      0.01,
      0.1,
      1.0,
      10.0,
      100.0,
      1000.0,
      10000.0
    ],
    "sklearn_solver": "liblinear",
    "sklearn_max_iter": 1000,
    "pytorch_bias": true,
    "pytorch_normalize_weights": true
  }
}