{
  "model_type": "pytorch_interpretability_probe",
  "training_history": {
    "train_loss": [
      0.4375182747092421,
      0.4173338484682449,
      0.41059410435968335,
      0.40718558900160334,
      0.40479460178308835,
      0.4030885129622673,
      0.40201520579590644,
      0.40132370206727286
    ],
    "train_accuracy": [
      0.8267570460221192,
      0.8267570460221192,
      0.8267570460221192,
      0.826792722083482,
      0.8268997502675705,
      0.8269354263289332,
      0.8270067784516589,
      0.8271138066357474
    ],
    "val_loss": [
      0.41536625948819245,
      0.4112749446522106,
      0.40908075245943937,
      0.40736539147116924,
      0.40870531689036976,
      0.4065727103840221,
      0.40616408694874157,
      0.40597484328530054
    ],
    "val_accuracy": [
      0.8333333333333334,
      0.8333333333333334,
      0.8333333333333334,
      0.8334760273972602,
      0.8334760273972602,
      0.8334760273972602,
      0.8334760273972602,
      0.8334760273972602
    ],
    "val_f1": [
      0.0,
      0.0,
      0.0,
      0.0034158838599487617,
      0.0034158838599487617,
      0.0034158838599487617,
      0.0034158838599487617,
      0.0034158838599487617
    ],
    "val_auroc": [
      0.6672846248123474,
      0.6839714005911053,
      0.6954673132857947,
      0.6994232618690186,
      0.7001773169215613,
      0.7026362239632201,
      0.7042826544614373,
      0.7057151171655095
    ],
    "learning_rate": [
      0.001,
      0.001,
      0.001,
      0.001,
      0.001,
      0.001,
      0.001,
      0.001
    ]
  },
  "metadata": {
    "layer": 8,
    "num_assistant_tokens": 35038,
    "hidden_size": 8192,
    "label_distribution": [
      29014,
      6024
    ],
    "training_history": {
      "train_loss": [
        0.4375182747092421,
        0.4173338484682449,
        0.41059410435968335,
        0.40718558900160334,
        0.40479460178308835,
        0.4030885129622673,
        0.40201520579590644,
        0.40132370206727286
      ],
      "train_accuracy": [
        0.8267570460221192,
        0.8267570460221192,
        0.8267570460221192,
        0.826792722083482,
        0.8268997502675705,
        0.8269354263289332,
        0.8270067784516589,
        0.8271138066357474
      ],
      "val_loss": [
        0.41536625948819245,
        0.4112749446522106,
        0.40908075245943937,
        0.40736539147116924,
        0.40870531689036976,
        0.4065727103840221,
        0.40616408694874157,
        0.40597484328530054
      ],
      "val_accuracy": [
        0.8333333333333334,
        0.8333333333333334,
        0.8333333333333334,
        0.8334760273972602,
        0.8334760273972602,
        0.8334760273972602,
        0.8334760273972602,
        0.8334760273972602
      ],
      "val_f1": [
        0.0,
        0.0,
        0.0,
        0.0034158838599487617,
        0.0034158838599487617,
        0.0034158838599487617,
        0.0034158838599487617,
        0.0034158838599487617
      ],
      "val_auroc": [
        0.6672846248123474,
        0.6839714005911053,
        0.6954673132857947,
        0.6994232618690186,
        0.7001773169215613,
        0.7026362239632201,
        0.7042826544614373,
        0.7057151171655095
      ],
      "learning_rate": [
        0.001,
        0.001,
        0.001,
        0.001,
        0.001,
        0.001,
        0.001,
        0.001
      ]
    },
    "final_metrics": {
      "loss": 0.40597484328530054,
      "accuracy": 0.8334760273972602,
      "precision": 0.6666666666666666,
      "recall": 0.0017123287671232876,
      "f1": 0.0034158838599487617,
      "auroc": 0.7057151171655095
    },
    "best_val_f1": 0.0034158838599487617,
    "training_time": 8.349170446395874,
    "num_parameters": 8193
  },
  "config": {
    "dataset_path": "data/NTML-datasets/4T1L_500samples.jsonl",
    "max_length": 312,
    "model_name": "meta-llama/Llama-3.3-70B-Instruct",
    "hook_point": "blocks.8.hook_resid_pre",
    "hook_layer": 8,
    "device": "cuda",
    "dtype": "bfloat16",
    "batch_size": 32,
    "learning_rate": 0.001,
    "num_epochs": 8,
    "weight_decay": 0.001,
    "train_ratio": 0.8,
    "handle_class_imbalance": true,
    "optimizer_type": "AdamW",
    "scheduler_type": "cosine",
    "warmup_ratio": 0.1,
    "gradient_clip_norm": 1.0,
    "cache_dir": "./cache/ntml_binary/meta_llama_Llama_3.3_70B_Instruct_4T1L_500samples",
    "activation_batch_size": 4,
    "force_recache": false,
    "output_dir": "./ntml_4T1L_500samples_pytorch_llama70b",
    "probe_name": "ntml_binary_4T1L_500samples_layer_8",
    "save_checkpoints": true,
    "checkpoint_every": 5,
    "verbose": true,
    "log_every": 10,
    "eval_every": 1,
    "ignore_system_tokens": true,
    "ignore_user_tokens": true,
    "min_tokens_per_statement": 1,
    "token_overlap_strategy": "majority",
    "probe_method": "pytorch",
    "sklearn_C": 1.0,
    "sklearn_C_sweep": false,
    "sklearn_C_values": [
      0.0001,
      0.001,
      0.01,
      0.1,
      1.0,
      10.0,
      100.0,
      1000.0,
      10000.0
    ],
    "sklearn_solver": "liblinear",
    "sklearn_max_iter": 1000,
    "pytorch_bias": true,
    "pytorch_normalize_weights": true
  }
}