{
  "model_type": "pytorch_interpretability_probe",
  "training_history": {
    "train_loss": [
      0.08772693736878433,
      0.038349318977224225,
      0.030703259385339746,
      0.02754653669196313,
      0.02573580437310074,
      0.02470778939994605,
      0.02393242637903247,
      0.02335029844190398
    ],
    "train_accuracy": [
      0.9702104887620406,
      0.9899036746343204,
      0.9925793792365323,
      0.9940777738137709,
      0.9948626471637532,
      0.9953264359614699,
      0.9956118444523725,
      0.9959329290046379
    ],
    "val_loss": [
      0.048638595234264025,
      0.037887677279385655,
      0.034452382001009856,
      0.03278556303544478,
      0.031441020965576175,
      0.030962007695978337,
      0.030434404719959608,
      0.030313886295665393
    ],
    "val_accuracy": [
      0.9864440639269406,
      0.9894406392694064,
      0.990439497716895,
      0.9908675799086758,
      0.9914383561643836,
      0.9915810502283106,
      0.9917237442922374,
      0.9918664383561644
    ],
    "val_f1": [
      0.9601342845153168,
      0.969140950792327,
      0.9720949604331528,
      0.9733998337489609,
      0.9750623441396509,
      0.9754677754677755,
      0.9759136212624585,
      0.9763387297633873
    ],
    "val_auroc": [
      0.9987616559994215,
      0.9993389471971361,
      0.9994777965358574,
      0.9994921334716459,
      0.9995410061788662,
      0.9995668550384653,
      0.999576813205688,
      0.9995857826187183
    ],
    "learning_rate": [
      0.001,
      0.001,
      0.001,
      0.001,
      0.001,
      0.001,
      0.001,
      0.001
    ]
  },
  "metadata": {
    "layer": 33,
    "num_assistant_tokens": 35038,
    "hidden_size": 8192,
    "label_distribution": [
      29014,
      6024
    ],
    "training_history": {
      "train_loss": [
        0.08772693736878433,
        0.038349318977224225,
        0.030703259385339746,
        0.02754653669196313,
        0.02573580437310074,
        0.02470778939994605,
        0.02393242637903247,
        0.02335029844190398
      ],
      "train_accuracy": [
        0.9702104887620406,
        0.9899036746343204,
        0.9925793792365323,
        0.9940777738137709,
        0.9948626471637532,
        0.9953264359614699,
        0.9956118444523725,
        0.9959329290046379
      ],
      "val_loss": [
        0.048638595234264025,
        0.037887677279385655,
        0.034452382001009856,
        0.03278556303544478,
        0.031441020965576175,
        0.030962007695978337,
        0.030434404719959608,
        0.030313886295665393
      ],
      "val_accuracy": [
        0.9864440639269406,
        0.9894406392694064,
        0.990439497716895,
        0.9908675799086758,
        0.9914383561643836,
        0.9915810502283106,
        0.9917237442922374,
        0.9918664383561644
      ],
      "val_f1": [
        0.9601342845153168,
        0.969140950792327,
        0.9720949604331528,
        0.9733998337489609,
        0.9750623441396509,
        0.9754677754677755,
        0.9759136212624585,
        0.9763387297633873
      ],
      "val_auroc": [
        0.9987616559994215,
        0.9993389471971361,
        0.9994777965358574,
        0.9994921334716459,
        0.9995410061788662,
        0.9995668550384653,
        0.999576813205688,
        0.9995857826187183
      ],
      "learning_rate": [
        0.001,
        0.001,
        0.001,
        0.001,
        0.001,
        0.001,
        0.001,
        0.001
      ]
    },
    "final_metrics": {
      "loss": 0.030313886295665393,
      "accuracy": 0.9918664383561644,
      "precision": 0.9924050632911392,
      "recall": 0.9607843137254902,
      "f1": 0.9763387297633873,
      "auroc": 0.9995857826187183
    },
    "best_val_f1": 0.9763387297633873,
    "training_time": 8.166990518569946,
    "num_parameters": 8193
  },
  "config": {
    "dataset_path": "data/NTML-datasets/4T1L_500samples.jsonl",
    "max_length": 312,
    "model_name": "meta-llama/Llama-3.3-70B-Instruct",
    "hook_point": "blocks.33.hook_resid_pre",
    "hook_layer": 33,
    "device": "cuda",
    "dtype": "bfloat16",
    "batch_size": 32,
    "learning_rate": 0.001,
    "num_epochs": 8,
    "weight_decay": 0.001,
    "train_ratio": 0.8,
    "handle_class_imbalance": true,
    "optimizer_type": "AdamW",
    "scheduler_type": "cosine",
    "warmup_ratio": 0.1,
    "gradient_clip_norm": 1.0,
    "cache_dir": "./cache/ntml_binary/meta_llama_Llama_3.3_70B_Instruct_4T1L_500samples",
    "activation_batch_size": 4,
    "force_recache": false,
    "output_dir": "./ntml_4T1L_500samples_pytorch_llama70b",
    "probe_name": "ntml_binary_4T1L_500samples_layer_33",
    "save_checkpoints": true,
    "checkpoint_every": 5,
    "verbose": true,
    "log_every": 10,
    "eval_every": 1,
    "ignore_system_tokens": true,
    "ignore_user_tokens": true,
    "min_tokens_per_statement": 1,
    "token_overlap_strategy": "majority",
    "probe_method": "pytorch",
    "sklearn_C": 1.0,
    "sklearn_C_sweep": false,
    "sklearn_C_values": [
      0.0001,
      0.001,
      0.01,
      0.1,
      1.0,
      10.0,
      100.0,
      1000.0,
      10000.0
    ],
    "sklearn_solver": "liblinear",
    "sklearn_max_iter": 1000,
    "pytorch_bias": true,
    "pytorch_normalize_weights": true
  }
}