{
  "model_type": "pytorch_interpretability_probe",
  "training_history": {
    "train_loss": [
      0.08598586277330303,
      0.03409908743379595,
      0.02691967531052082,
      0.023791325128675527,
      0.02215429361203694,
      0.021004780097843304,
      0.020203383403434735,
      0.01966702651453617
    ],
    "train_accuracy": [
      0.9720656439529076,
      0.992436674991081,
      0.9950410274705672,
      0.9959329290046379,
      0.9967891544773457,
      0.9972172672136996,
      0.9974313235818766,
      0.9975026757046022
    ],
    "val_loss": [
      0.04578409628434615,
      0.03499784469604492,
      0.031114729967984287,
      0.029536620053378017,
      0.02809182947332209,
      0.027387601679021663,
      0.026858308098532936,
      0.026384843479503286
    ],
    "val_accuracy": [
      0.9867294520547946,
      0.9892979452054794,
      0.9912956621004566,
      0.9912956621004566,
      0.9922945205479452,
      0.9918664383561644,
      0.9922945205479452,
      0.9924372146118722
    ],
    "val_f1": [
      0.9615861214374225,
      0.9691484985602633,
      0.9750918742343814,
      0.975071516142215,
      0.9779951100244498,
      0.9767441860465116,
      0.9779591836734693,
      0.9783761729906161
    ],
    "val_auroc": [
      0.9994330262225373,
      0.9997574890922357,
      0.9997637609260571,
      0.999809824061124,
      0.9998282214403336,
      0.999846131010246,
      0.9998542147071716,
      0.9998569325018276
    ],
    "learning_rate": [
      0.001,
      0.001,
      0.001,
      0.001,
      0.001,
      0.001,
      0.001,
      0.001
    ]
  },
  "metadata": {
    "layer": 39,
    "num_assistant_tokens": 35038,
    "hidden_size": 8192,
    "label_distribution": [
      29014,
      6024
    ],
    "training_history": {
      "train_loss": [
        0.08598586277330303,
        0.03409908743379595,
        0.02691967531052082,
        0.023791325128675527,
        0.02215429361203694,
        0.021004780097843304,
        0.020203383403434735,
        0.01966702651453617
      ],
      "train_accuracy": [
        0.9720656439529076,
        0.992436674991081,
        0.9950410274705672,
        0.9959329290046379,
        0.9967891544773457,
        0.9972172672136996,
        0.9974313235818766,
        0.9975026757046022
      ],
      "val_loss": [
        0.04578409628434615,
        0.03499784469604492,
        0.031114729967984287,
        0.029536620053378017,
        0.02809182947332209,
        0.027387601679021663,
        0.026858308098532936,
        0.026384843479503286
      ],
      "val_accuracy": [
        0.9867294520547946,
        0.9892979452054794,
        0.9912956621004566,
        0.9912956621004566,
        0.9922945205479452,
        0.9918664383561644,
        0.9922945205479452,
        0.9924372146118722
      ],
      "val_f1": [
        0.9615861214374225,
        0.9691484985602633,
        0.9750918742343814,
        0.975071516142215,
        0.9779951100244498,
        0.9767441860465116,
        0.9779591836734693,
        0.9783761729906161
      ],
      "val_auroc": [
        0.9994330262225373,
        0.9997574890922357,
        0.9997637609260571,
        0.999809824061124,
        0.9998282214403336,
        0.999846131010246,
        0.9998542147071716,
        0.9998569325018276
      ],
      "learning_rate": [
        0.001,
        0.001,
        0.001,
        0.001,
        0.001,
        0.001,
        0.001,
        0.001
      ]
    },
    "final_metrics": {
      "loss": 0.026384843479503286,
      "accuracy": 0.9924372146118722,
      "precision": 0.9941956882255389,
      "recall": 0.9630522088353414,
      "f1": 0.9783761729906161,
      "auroc": 0.9998569325018276
    },
    "best_val_f1": 0.9783761729906161,
    "training_time": 8.117604970932007,
    "num_parameters": 8193
  },
  "config": {
    "dataset_path": "data/NTML-datasets/4T1L_500samples.jsonl",
    "max_length": 312,
    "model_name": "meta-llama/Llama-3.3-70B-Instruct",
    "hook_point": "blocks.39.hook_resid_pre",
    "hook_layer": 39,
    "device": "cuda",
    "dtype": "bfloat16",
    "batch_size": 32,
    "learning_rate": 0.001,
    "num_epochs": 8,
    "weight_decay": 0.001,
    "train_ratio": 0.8,
    "handle_class_imbalance": true,
    "optimizer_type": "AdamW",
    "scheduler_type": "cosine",
    "warmup_ratio": 0.1,
    "gradient_clip_norm": 1.0,
    "cache_dir": "./cache/ntml_binary/meta_llama_Llama_3.3_70B_Instruct_4T1L_500samples",
    "activation_batch_size": 4,
    "force_recache": false,
    "output_dir": "./ntml_4T1L_500samples_pytorch_llama70b",
    "probe_name": "ntml_binary_4T1L_500samples_layer_39",
    "save_checkpoints": true,
    "checkpoint_every": 5,
    "verbose": true,
    "log_every": 10,
    "eval_every": 1,
    "ignore_system_tokens": true,
    "ignore_user_tokens": true,
    "min_tokens_per_statement": 1,
    "token_overlap_strategy": "majority",
    "probe_method": "pytorch",
    "sklearn_C": 1.0,
    "sklearn_C_sweep": false,
    "sklearn_C_values": [
      0.0001,
      0.001,
      0.01,
      0.1,
      1.0,
      10.0,
      100.0,
      1000.0,
      10000.0
    ],
    "sklearn_solver": "liblinear",
    "sklearn_max_iter": 1000,
    "pytorch_bias": true,
    "pytorch_normalize_weights": true
  }
}