{
  "model_type": "pytorch_interpretability_probe",
  "training_history": {
    "train_loss": [
      0.14862116288444768,
      0.07876789712742584,
      0.0660364507914406,
      0.06052257000260293,
      0.057770275459816195,
      0.055768092583915956,
      0.05436907291038123,
      0.05337924086680151
    ],
    "train_accuracy": [
      0.9474134855511952,
      0.9769532643596147,
      0.981805208704959,
      0.9850160542276133,
      0.9866571530503032,
      0.9877631109525509,
      0.9880841955048163,
      0.9887263646093472
    ],
    "val_loss": [
      0.08848190307617188,
      0.07242628010836515,
      0.06525565169074318,
      0.06316353624517268,
      0.060878177122636275,
      0.05940574299205433,
      0.058813047409057614,
      0.0585489576513117
    ],
    "val_accuracy": [
      0.9726027397260274,
      0.976027397260274,
      0.9801655251141552,
      0.9838755707762558,
      0.9821632420091324,
      0.9838755707762558,
      0.9828767123287672,
      0.9838755707762558
    ],
    "val_f1": [
      0.9146666666666666,
      0.9254658385093167,
      0.9393807239424335,
      0.9511034184335785,
      0.9454862625381596,
      0.9509335649153279,
      0.9478260869565217,
      0.9510186389250108
    ],
    "val_auroc": [
      0.9961882281491162,
      0.9978769550078105,
      0.9983608271837343,
      0.9985271357360129,
      0.9986448986130054,
      0.998715556339201,
      0.998766118748772,
      0.9988825131274996
    ],
    "learning_rate": [
      0.001,
      0.001,
      0.001,
      0.001,
      0.001,
      0.001,
      0.001,
      0.001
    ]
  },
  "metadata": {
    "layer": 29,
    "num_assistant_tokens": 35038,
    "hidden_size": 8192,
    "label_distribution": [
      29014,
      6024
    ],
    "training_history": {
      "train_loss": [
        0.14862116288444768,
        0.07876789712742584,
        0.0660364507914406,
        0.06052257000260293,
        0.057770275459816195,
        0.055768092583915956,
        0.05436907291038123,
        0.05337924086680151
      ],
      "train_accuracy": [
        0.9474134855511952,
        0.9769532643596147,
        0.981805208704959,
        0.9850160542276133,
        0.9866571530503032,
        0.9877631109525509,
        0.9880841955048163,
        0.9887263646093472
      ],
      "val_loss": [
        0.08848190307617188,
        0.07242628010836515,
        0.06525565169074318,
        0.06316353624517268,
        0.060878177122636275,
        0.05940574299205433,
        0.058813047409057614,
        0.0585489576513117
      ],
      "val_accuracy": [
        0.9726027397260274,
        0.976027397260274,
        0.9801655251141552,
        0.9838755707762558,
        0.9821632420091324,
        0.9838755707762558,
        0.9828767123287672,
        0.9838755707762558
      ],
      "val_f1": [
        0.9146666666666666,
        0.9254658385093167,
        0.9393807239424335,
        0.9511034184335785,
        0.9454862625381596,
        0.9509335649153279,
        0.9478260869565217,
        0.9510186389250108
      ],
      "val_auroc": [
        0.9961882281491162,
        0.9978769550078105,
        0.9983608271837343,
        0.9985271357360129,
        0.9986448986130054,
        0.998715556339201,
        0.998766118748772,
        0.9988825131274996
      ],
      "learning_rate": [
        0.001,
        0.001,
        0.001,
        0.001,
        0.001,
        0.001,
        0.001,
        0.001
      ]
    },
    "final_metrics": {
      "loss": 0.0585489576513117,
      "accuracy": 0.9838755707762558,
      "precision": 0.9856244384546271,
      "recall": 0.9187604690117253,
      "f1": 0.9510186389250108,
      "auroc": 0.9988825131274996
    },
    "best_val_f1": 0.9511034184335785,
    "training_time": 8.334843635559082,
    "num_parameters": 8193
  },
  "config": {
    "dataset_path": "data/NTML-datasets/4T1L_500samples.jsonl",
    "max_length": 312,
    "model_name": "meta-llama/Llama-3.3-70B-Instruct",
    "hook_point": "blocks.29.hook_resid_pre",
    "hook_layer": 29,
    "device": "cuda",
    "dtype": "bfloat16",
    "batch_size": 32,
    "learning_rate": 0.001,
    "num_epochs": 8,
    "weight_decay": 0.001,
    "train_ratio": 0.8,
    "handle_class_imbalance": true,
    "optimizer_type": "AdamW",
    "scheduler_type": "cosine",
    "warmup_ratio": 0.1,
    "gradient_clip_norm": 1.0,
    "cache_dir": "./cache/ntml_binary/meta_llama_Llama_3.3_70B_Instruct_4T1L_500samples",
    "activation_batch_size": 4,
    "force_recache": false,
    "output_dir": "./ntml_4T1L_500samples_pytorch_llama70b",
    "probe_name": "ntml_binary_4T1L_500samples_layer_29",
    "save_checkpoints": true,
    "checkpoint_every": 5,
    "verbose": true,
    "log_every": 10,
    "eval_every": 1,
    "ignore_system_tokens": true,
    "ignore_user_tokens": true,
    "min_tokens_per_statement": 1,
    "token_overlap_strategy": "majority",
    "probe_method": "pytorch",
    "sklearn_C": 1.0,
    "sklearn_C_sweep": false,
    "sklearn_C_values": [
      0.0001,
      0.001,
      0.01,
      0.1,
      1.0,
      10.0,
      100.0,
      1000.0,
      10000.0
    ],
    "sklearn_solver": "liblinear",
    "sklearn_max_iter": 1000,
    "pytorch_bias": true,
    "pytorch_normalize_weights": true
  }
}