{
  "loss": 0.030629942362958736,
  "accuracy": 0.9897260273972602,
  "precision": 0.9921739130434782,
  "recall": 0.9476744186046512,
  "f1": 0.9694137638062872,
  "auroc": 0.9993044520791023
}