{
  "model_type": "pytorch_interpretability_probe",
  "training_history": {
    "train_loss": [
      0.44396793651798544,
      0.422467837935169,
      0.417151282231013,
      0.4139292740930705,
      0.41215952261261746,
      0.41088233343814606,
      0.4100695031792878,
      0.4093933790649998
    ],
    "train_accuracy": [
      0.8268997502675705,
      0.8268997502675705,
      0.8268997502675705,
      0.8269354263289332,
      0.8269711023902961,
      0.8270424545130217,
      0.8269711023902961,
      0.8270067784516589
    ],
    "val_loss": [
      0.42363000349564983,
      0.42100479819557884,
      0.4177598693154075,
      0.4168027574365789,
      0.4163781252774325,
      0.4157890276475386,
      0.4155517664822665,
      0.4154969735579057
    ],
    "val_accuracy": [
      0.8327625570776256,
      0.8327625570776256,
      0.8327625570776256,
      0.8327625570776256,
      0.8327625570776256,
      0.8327625570776256,
      0.8327625570776256,
      0.8327625570776256
    ],
    "val_f1": [
      0.0,
      0.0,
      0.0,
      0.0,
      0.0,
      0.0,
      0.0,
      0.0
    ],
    "val_auroc": [
      0.6287374674551507,
      0.650676146292168,
      0.6615916829049773,
      0.6678535692313451,
      0.6680953163488013,
      0.6706967112450203,
      0.673037864309324,
      0.6747208833251069
    ],
    "learning_rate": [
      0.001,
      0.001,
      0.001,
      0.001,
      0.001,
      0.001,
      0.001,
      0.001
    ]
  },
  "metadata": {
    "layer": 6,
    "num_assistant_tokens": 35038,
    "hidden_size": 8192,
    "label_distribution": [
      29014,
      6024
    ],
    "training_history": {
      "train_loss": [
        0.44396793651798544,
        0.422467837935169,
        0.417151282231013,
        0.4139292740930705,
        0.41215952261261746,
        0.41088233343814606,
        0.4100695031792878,
        0.4093933790649998
      ],
      "train_accuracy": [
        0.8268997502675705,
        0.8268997502675705,
        0.8268997502675705,
        0.8269354263289332,
        0.8269711023902961,
        0.8270424545130217,
        0.8269711023902961,
        0.8270067784516589
      ],
      "val_loss": [
        0.42363000349564983,
        0.42100479819557884,
        0.4177598693154075,
        0.4168027574365789,
        0.4163781252774325,
        0.4157890276475386,
        0.4155517664822665,
        0.4154969735579057
      ],
      "val_accuracy": [
        0.8327625570776256,
        0.8327625570776256,
        0.8327625570776256,
        0.8327625570776256,
        0.8327625570776256,
        0.8327625570776256,
        0.8327625570776256,
        0.8327625570776256
      ],
      "val_f1": [
        0.0,
        0.0,
        0.0,
        0.0,
        0.0,
        0.0,
        0.0,
        0.0
      ],
      "val_auroc": [
        0.6287374674551507,
        0.650676146292168,
        0.6615916829049773,
        0.6678535692313451,
        0.6680953163488013,
        0.6706967112450203,
        0.673037864309324,
        0.6747208833251069
      ],
      "learning_rate": [
        0.001,
        0.001,
        0.001,
        0.001,
        0.001,
        0.001,
        0.001,
        0.001
      ]
    },
    "final_metrics": {
      "loss": 0.4154969735579057,
      "accuracy": 0.8327625570776256,
      "precision": 0.0,
      "recall": 0.0,
      "f1": 0.0,
      "auroc": 0.6747208833251069
    },
    "best_val_f1": 0.0,
    "training_time": 8.331340551376343,
    "num_parameters": 8193
  },
  "config": {
    "dataset_path": "data/NTML-datasets/4T1L_500samples.jsonl",
    "max_length": 312,
    "model_name": "meta-llama/Llama-3.3-70B-Instruct",
    "hook_point": "blocks.6.hook_resid_pre",
    "hook_layer": 6,
    "device": "cuda",
    "dtype": "bfloat16",
    "batch_size": 32,
    "learning_rate": 0.001,
    "num_epochs": 8,
    "weight_decay": 0.001,
    "train_ratio": 0.8,
    "handle_class_imbalance": true,
    "optimizer_type": "AdamW",
    "scheduler_type": "cosine",
    "warmup_ratio": 0.1,
    "gradient_clip_norm": 1.0,
    "cache_dir": "./cache/ntml_binary/meta_llama_Llama_3.3_70B_Instruct_4T1L_500samples",
    "activation_batch_size": 4,
    "force_recache": false,
    "output_dir": "./ntml_4T1L_500samples_pytorch_llama70b",
    "probe_name": "ntml_binary_4T1L_500samples_layer_6",
    "save_checkpoints": true,
    "checkpoint_every": 5,
    "verbose": true,
    "log_every": 10,
    "eval_every": 1,
    "ignore_system_tokens": true,
    "ignore_user_tokens": true,
    "min_tokens_per_statement": 1,
    "token_overlap_strategy": "majority",
    "probe_method": "pytorch",
    "sklearn_C": 1.0,
    "sklearn_C_sweep": false,
    "sklearn_C_values": [
      0.0001,
      0.001,
      0.01,
      0.1,
      1.0,
      10.0,
      100.0,
      1000.0,
      10000.0
    ],
    "sklearn_solver": "liblinear",
    "sklearn_max_iter": 1000,
    "pytorch_bias": true,
    "pytorch_normalize_weights": true
  }
}