{
  "loss": 0.48623872236772014,
  "accuracy": 0.821917808219178,
  "precision": 0.0,
  "recall": 0.0,
  "f1": 0.0,
  "auroc": 0.6078317174897936
}