{
  "model_type": "pytorch_interpretability_probe",
  "training_history": {
    "train_loss": [
      0.3651319064506113,
      0.3052194675762359,
      0.28511359147965637,
      0.27523312272002165,
      0.26979818230826563,
      0.2665303512625226,
      0.2642655448826481,
      0.2624920418817703
    ],
    "train_accuracy": [
      0.844595076703532,
      0.8668569389939351,
      0.8746343203710311,
      0.8798787013913664,
      0.8829825187299322,
      0.885265786657153,
      0.8864430966821263,
      0.8868712094184802
    ],
    "val_loss": [
      0.3330090566114946,
      0.30540725968100807,
      0.2945250316099687,
      0.2895465027202259,
      0.286031081459739,
      0.2841439973224293,
      0.2831054774197665,
      0.2814874887466431
    ],
    "val_accuracy": [
      0.8477454337899544,
      0.8645833333333334,
      0.8687214611872146,
      0.8710045662100456,
      0.874857305936073,
      0.8742865296803652,
      0.8715753424657534,
      0.8777111872146118
    ],
    "val_f1": [
      0.2805124747134187,
      0.4152803450400493,
      0.4397076735688185,
      0.44945188794153473,
      0.47828673408685307,
      0.4752829064919595,
      0.45454545454545453,
      0.5002915451895044
    ],
    "val_auroc": [
      0.8837836371527779,
      0.9133475366141383,
      0.9253609942574785,
      0.9285299534811254,
      0.9313586460559118,
      0.9339363119880697,
      0.9356183782941596,
      0.9367375996038105
    ],
    "learning_rate": [
      0.001,
      0.001,
      0.001,
      0.001,
      0.001,
      0.001,
      0.001,
      0.001
    ]
  },
  "metadata": {
    "layer": 16,
    "num_assistant_tokens": 35038,
    "hidden_size": 8192,
    "label_distribution": [
      29014,
      6024
    ],
    "training_history": {
      "train_loss": [
        0.3651319064506113,
        0.3052194675762359,
        0.28511359147965637,
        0.27523312272002165,
        0.26979818230826563,
        0.2665303512625226,
        0.2642655448826481,
        0.2624920418817703
      ],
      "train_accuracy": [
        0.844595076703532,
        0.8668569389939351,
        0.8746343203710311,
        0.8798787013913664,
        0.8829825187299322,
        0.885265786657153,
        0.8864430966821263,
        0.8868712094184802
      ],
      "val_loss": [
        0.3330090566114946,
        0.30540725968100807,
        0.2945250316099687,
        0.2895465027202259,
        0.286031081459739,
        0.2841439973224293,
        0.2831054774197665,
        0.2814874887466431
      ],
      "val_accuracy": [
        0.8477454337899544,
        0.8645833333333334,
        0.8687214611872146,
        0.8710045662100456,
        0.874857305936073,
        0.8742865296803652,
        0.8715753424657534,
        0.8777111872146118
      ],
      "val_f1": [
        0.2805124747134187,
        0.4152803450400493,
        0.4397076735688185,
        0.44945188794153473,
        0.47828673408685307,
        0.4752829064919595,
        0.45454545454545453,
        0.5002915451895044
      ],
      "val_auroc": [
        0.8837836371527779,
        0.9133475366141383,
        0.9253609942574785,
        0.9285299534811254,
        0.9313586460559118,
        0.9339363119880697,
        0.9356183782941596,
        0.9367375996038105
      ],
      "learning_rate": [
        0.001,
        0.001,
        0.001,
        0.001,
        0.001,
        0.001,
        0.001,
        0.001
      ]
    },
    "final_metrics": {
      "loss": 0.2814874887466431,
      "accuracy": 0.8777111872146118,
      "precision": 0.9186295503211992,
      "recall": 0.34375,
      "f1": 0.5002915451895044,
      "auroc": 0.9367375996038105
    },
    "best_val_f1": 0.5002915451895044,
    "training_time": 8.659043550491333,
    "num_parameters": 8193
  },
  "config": {
    "dataset_path": "data/NTML-datasets/4T1L_500samples.jsonl",
    "max_length": 312,
    "model_name": "meta-llama/Llama-3.3-70B-Instruct",
    "hook_point": "blocks.16.hook_resid_pre",
    "hook_layer": 16,
    "device": "cuda",
    "dtype": "bfloat16",
    "batch_size": 32,
    "learning_rate": 0.001,
    "num_epochs": 8,
    "weight_decay": 0.001,
    "train_ratio": 0.8,
    "handle_class_imbalance": true,
    "optimizer_type": "AdamW",
    "scheduler_type": "cosine",
    "warmup_ratio": 0.1,
    "gradient_clip_norm": 1.0,
    "cache_dir": "./cache/ntml_binary/meta_llama_Llama_3.3_70B_Instruct_4T1L_500samples",
    "activation_batch_size": 4,
    "force_recache": false,
    "output_dir": "./ntml_4T1L_500samples_pytorch_llama70b",
    "probe_name": "ntml_binary_4T1L_500samples_layer_16",
    "save_checkpoints": true,
    "checkpoint_every": 5,
    "verbose": true,
    "log_every": 10,
    "eval_every": 1,
    "ignore_system_tokens": true,
    "ignore_user_tokens": true,
    "min_tokens_per_statement": 1,
    "token_overlap_strategy": "majority",
    "probe_method": "pytorch",
    "sklearn_C": 1.0,
    "sklearn_C_sweep": false,
    "sklearn_C_values": [
      0.0001,
      0.001,
      0.01,
      0.1,
      1.0,
      10.0,
      100.0,
      1000.0,
      10000.0
    ],
    "sklearn_solver": "liblinear",
    "sklearn_max_iter": 1000,
    "pytorch_bias": true,
    "pytorch_normalize_weights": true
  }
}