{
  "model_type": "pytorch_interpretability_probe",
  "training_history": {
    "train_loss": [
      0.39545429140737615,
      0.3501230871908741,
      0.33321766276337783,
      0.3245336692695204,
      0.31938779663685796,
      0.315923517289227,
      0.3136481760095244,
      0.3121420092472475
    ],
    "train_accuracy": [
      0.8341776667855869,
      0.8472707813057438,
      0.8535140920442383,
      0.8574027827327863,
      0.8582590082054942,
      0.8597574027827328,
      0.8607206564395291,
      0.8616839100963254
    ],
    "val_loss": [
      0.3627728042277423,
      0.3454835138537667,
      0.33913415562022814,
      0.3336112239144065,
      0.3306840549815785,
      0.32949389544400304,
      0.3277176770296964,
      0.32691696557131683
    ],
    "val_accuracy": [
      0.8441780821917808,
      0.8514554794520548,
      0.8567351598173516,
      0.8545947488584474,
      0.858304794520548,
      0.858304794520548,
      0.860587899543379,
      0.8620148401826484
    ],
    "val_f1": [
      0.15348837209302327,
      0.23173431734317343,
      0.2849002849002849,
      0.2578295702840495,
      0.3011963406052076,
      0.3021784961349262,
      0.3191637630662021,
      0.3335630599586492
    ],
    "val_auroc": [
      0.8158266428190495,
      0.8406243673790719,
      0.8468866161900166,
      0.8584123436814094,
      0.862313605839522,
      0.8640205486161248,
      0.8671456506517583,
      0.8693410584133595
    ],
    "learning_rate": [
      0.001,
      0.001,
      0.001,
      0.001,
      0.001,
      0.001,
      0.001,
      0.001
    ]
  },
  "metadata": {
    "layer": 15,
    "num_assistant_tokens": 35038,
    "hidden_size": 8192,
    "label_distribution": [
      29014,
      6024
    ],
    "training_history": {
      "train_loss": [
        0.39545429140737615,
        0.3501230871908741,
        0.33321766276337783,
        0.3245336692695204,
        0.31938779663685796,
        0.315923517289227,
        0.3136481760095244,
        0.3121420092472475
      ],
      "train_accuracy": [
        0.8341776667855869,
        0.8472707813057438,
        0.8535140920442383,
        0.8574027827327863,
        0.8582590082054942,
        0.8597574027827328,
        0.8607206564395291,
        0.8616839100963254
      ],
      "val_loss": [
        0.3627728042277423,
        0.3454835138537667,
        0.33913415562022814,
        0.3336112239144065,
        0.3306840549815785,
        0.32949389544400304,
        0.3277176770296964,
        0.32691696557131683
      ],
      "val_accuracy": [
        0.8441780821917808,
        0.8514554794520548,
        0.8567351598173516,
        0.8545947488584474,
        0.858304794520548,
        0.858304794520548,
        0.860587899543379,
        0.8620148401826484
      ],
      "val_f1": [
        0.15348837209302327,
        0.23173431734317343,
        0.2849002849002849,
        0.2578295702840495,
        0.3011963406052076,
        0.3021784961349262,
        0.3191637630662021,
        0.3335630599586492
      ],
      "val_auroc": [
        0.8158266428190495,
        0.8406243673790719,
        0.8468866161900166,
        0.8584123436814094,
        0.862313605839522,
        0.8640205486161248,
        0.8671456506517583,
        0.8693410584133595
      ],
      "learning_rate": [
        0.001,
        0.001,
        0.001,
        0.001,
        0.001,
        0.001,
        0.001,
        0.001
      ]
    },
    "final_metrics": {
      "loss": 0.32691696557131683,
      "accuracy": 0.8620148401826484,
      "precision": 0.9029850746268657,
      "recall": 0.20456466610312765,
      "f1": 0.3335630599586492,
      "auroc": 0.8693410584133595
    },
    "best_val_f1": 0.3335630599586492,
    "training_time": 8.024639129638672,
    "num_parameters": 8193
  },
  "config": {
    "dataset_path": "data/NTML-datasets/4T1L_500samples.jsonl",
    "max_length": 312,
    "model_name": "meta-llama/Llama-3.3-70B-Instruct",
    "hook_point": "blocks.15.hook_resid_pre",
    "hook_layer": 15,
    "device": "cuda",
    "dtype": "bfloat16",
    "batch_size": 32,
    "learning_rate": 0.001,
    "num_epochs": 8,
    "weight_decay": 0.001,
    "train_ratio": 0.8,
    "handle_class_imbalance": true,
    "optimizer_type": "AdamW",
    "scheduler_type": "cosine",
    "warmup_ratio": 0.1,
    "gradient_clip_norm": 1.0,
    "cache_dir": "./cache/ntml_binary/meta_llama_Llama_3.3_70B_Instruct_4T1L_500samples",
    "activation_batch_size": 4,
    "force_recache": false,
    "output_dir": "./ntml_4T1L_500samples_pytorch_llama70b",
    "probe_name": "ntml_binary_4T1L_500samples_layer_15",
    "save_checkpoints": true,
    "checkpoint_every": 5,
    "verbose": true,
    "log_every": 10,
    "eval_every": 1,
    "ignore_system_tokens": true,
    "ignore_user_tokens": true,
    "min_tokens_per_statement": 1,
    "token_overlap_strategy": "majority",
    "probe_method": "pytorch",
    "sklearn_C": 1.0,
    "sklearn_C_sweep": false,
    "sklearn_C_values": [
      0.0001,
      0.001,
      0.01,
      0.1,
      1.0,
      10.0,
      100.0,
      1000.0,
      10000.0
    ],
    "sklearn_solver": "liblinear",
    "sklearn_max_iter": 1000,
    "pytorch_bias": true,
    "pytorch_normalize_weights": true
  }
}