{
  "loss": 0.025409026579423385,
  "accuracy": 0.9934360730593608,
  "precision": 0.9956024626209323,
  "recall": 0.9650468883205456,
  "f1": 0.9800865800865801,
  "auroc": 0.9997519890188481
}