{
  "model_type": "pytorch_interpretability_probe",
  "training_history": {
    "train_loss": [
      0.4759235509998722,
      0.44342062037148977,
      0.4387059750622266,
      0.43676567836303143,
      0.4353709356289476,
      0.4344651070019426,
      0.4338884873477291,
      0.43352806870931904
    ],
    "train_accuracy": [
      0.8264359614698538,
      0.8264359614698538,
      0.8264359614698538,
      0.8264359614698538,
      0.8264359614698538,
      0.8264359614698538,
      0.8264359614698538,
      0.8264359614698538
    ],
    "val_loss": [
      0.4390686728737571,
      0.43227698586203833,
      0.4302438909357244,
      0.42931324351917616,
      0.4285634821111506,
      0.42806230024857955,
      0.4280283841219815,
      0.4277831337668679
    ],
    "val_accuracy": [
      0.8346175799086758,
      0.8346175799086758,
      0.8346175799086758,
      0.8346175799086758,
      0.8346175799086758,
      0.8346175799086758,
      0.8346175799086758,
      0.8346175799086758
    ],
    "val_f1": [
      0.0,
      0.0,
      0.0,
      0.0,
      0.0,
      0.0,
      0.0,
      0.0
    ],
    "val_auroc": [
      0.603162402782361,
      0.6093097040547775,
      0.6103965914691435,
      0.6104114904415716,
      0.6105315673084681,
      0.6102817513697835,
      0.6105096613935614,
      0.6105979488687918
    ],
    "learning_rate": [
      0.001,
      0.001,
      0.001,
      0.001,
      0.001,
      0.001,
      0.001,
      0.001
    ]
  },
  "metadata": {
    "layer": 1,
    "num_assistant_tokens": 35038,
    "hidden_size": 8192,
    "label_distribution": [
      29014,
      6024
    ],
    "training_history": {
      "train_loss": [
        0.4759235509998722,
        0.44342062037148977,
        0.4387059750622266,
        0.43676567836303143,
        0.4353709356289476,
        0.4344651070019426,
        0.4338884873477291,
        0.43352806870931904
      ],
      "train_accuracy": [
        0.8264359614698538,
        0.8264359614698538,
        0.8264359614698538,
        0.8264359614698538,
        0.8264359614698538,
        0.8264359614698538,
        0.8264359614698538,
        0.8264359614698538
      ],
      "val_loss": [
        0.4390686728737571,
        0.43227698586203833,
        0.4302438909357244,
        0.42931324351917616,
        0.4285634821111506,
        0.42806230024857955,
        0.4280283841219815,
        0.4277831337668679
      ],
      "val_accuracy": [
        0.8346175799086758,
        0.8346175799086758,
        0.8346175799086758,
        0.8346175799086758,
        0.8346175799086758,
        0.8346175799086758,
        0.8346175799086758,
        0.8346175799086758
      ],
      "val_f1": [
        0.0,
        0.0,
        0.0,
        0.0,
        0.0,
        0.0,
        0.0,
        0.0
      ],
      "val_auroc": [
        0.603162402782361,
        0.6093097040547775,
        0.6103965914691435,
        0.6104114904415716,
        0.6105315673084681,
        0.6102817513697835,
        0.6105096613935614,
        0.6105979488687918
      ],
      "learning_rate": [
        0.001,
        0.001,
        0.001,
        0.001,
        0.001,
        0.001,
        0.001,
        0.001
      ]
    },
    "final_metrics": {
      "loss": 0.4277831337668679,
      "accuracy": 0.8346175799086758,
      "precision": 0.0,
      "recall": 0.0,
      "f1": 0.0,
      "auroc": 0.6105979488687918
    },
    "best_val_f1": 0.0,
    "training_time": 8.066400289535522,
    "num_parameters": 8193
  },
  "config": {
    "dataset_path": "data/NTML-datasets/4T1L_500samples.jsonl",
    "max_length": 312,
    "model_name": "meta-llama/Llama-3.3-70B-Instruct",
    "hook_point": "blocks.1.hook_resid_pre",
    "hook_layer": 1,
    "device": "cuda",
    "dtype": "bfloat16",
    "batch_size": 32,
    "learning_rate": 0.001,
    "num_epochs": 8,
    "weight_decay": 0.001,
    "train_ratio": 0.8,
    "handle_class_imbalance": true,
    "optimizer_type": "AdamW",
    "scheduler_type": "cosine",
    "warmup_ratio": 0.1,
    "gradient_clip_norm": 1.0,
    "cache_dir": "./cache/ntml_binary/meta_llama_Llama_3.3_70B_Instruct_4T1L_500samples",
    "activation_batch_size": 4,
    "force_recache": false,
    "output_dir": "./ntml_4T1L_500samples_pytorch_llama70b",
    "probe_name": "ntml_binary_4T1L_500samples_layer_1",
    "save_checkpoints": true,
    "checkpoint_every": 5,
    "verbose": true,
    "log_every": 10,
    "eval_every": 1,
    "ignore_system_tokens": true,
    "ignore_user_tokens": true,
    "min_tokens_per_statement": 1,
    "token_overlap_strategy": "majority",
    "probe_method": "pytorch",
    "sklearn_C": 1.0,
    "sklearn_C_sweep": false,
    "sklearn_C_values": [
      0.0001,
      0.001,
      0.01,
      0.1,
      1.0,
      10.0,
      100.0,
      1000.0,
      10000.0
    ],
    "sklearn_solver": "liblinear",
    "sklearn_max_iter": 1000,
    "pytorch_bias": true,
    "pytorch_normalize_weights": true
  }
}