{
  "model_type": "pytorch_interpretability_probe",
  "training_history": {
    "train_loss": [
      0.4200017248454704,
      0.39404092875381586,
      0.38374558567456457,
      0.3777716180233106,
      0.3743020688698172,
      0.3718057165271071,
      0.3702958593629811,
      0.3690519769033885
    ],
    "train_accuracy": [
      0.8279343560470924,
      0.8305743845879415,
      0.8344987513378523,
      0.8354976810560114,
      0.8373528362468784,
      0.8376382447377809,
      0.8378523011059579,
      0.8380663574741348
    ],
    "val_loss": [
      0.4037926890633323,
      0.3943934830752286,
      0.3920978687026284,
      0.38911163752729244,
      0.3871777881275524,
      0.3863672343167392,
      0.3860734159296209,
      0.38649260347539727
    ],
    "val_accuracy": [
      0.8310502283105022,
      0.8344748858447488,
      0.836615296803653,
      0.8359018264840182,
      0.8356164383561644,
      0.8361872146118722,
      0.8361872146118722,
      0.836472602739726
    ],
    "val_f1": [
      0.019867549668874173,
      0.059967585089141004,
      0.10054988216810684,
      0.08585055643879173,
      0.07692307692307693,
      0.08744038155802862,
      0.09606299212598425,
      0.09047619047619047
    ],
    "val_auroc": [
      0.7274476230702479,
      0.7439339551199571,
      0.7571724801874566,
      0.7558212653096925,
      0.7642842510133572,
      0.7651318083678791,
      0.7655652617005066,
      0.7637533318218332
    ],
    "learning_rate": [
      0.001,
      0.001,
      0.001,
      0.001,
      0.001,
      0.001,
      0.001,
      0.001
    ]
  },
  "metadata": {
    "layer": 12,
    "num_assistant_tokens": 35038,
    "hidden_size": 8192,
    "label_distribution": [
      29014,
      6024
    ],
    "training_history": {
      "train_loss": [
        0.4200017248454704,
        0.39404092875381586,
        0.38374558567456457,
        0.3777716180233106,
        0.3743020688698172,
        0.3718057165271071,
        0.3702958593629811,
        0.3690519769033885
      ],
      "train_accuracy": [
        0.8279343560470924,
        0.8305743845879415,
        0.8344987513378523,
        0.8354976810560114,
        0.8373528362468784,
        0.8376382447377809,
        0.8378523011059579,
        0.8380663574741348
      ],
      "val_loss": [
        0.4037926890633323,
        0.3943934830752286,
        0.3920978687026284,
        0.38911163752729244,
        0.3871777881275524,
        0.3863672343167392,
        0.3860734159296209,
        0.38649260347539727
      ],
      "val_accuracy": [
        0.8310502283105022,
        0.8344748858447488,
        0.836615296803653,
        0.8359018264840182,
        0.8356164383561644,
        0.8361872146118722,
        0.8361872146118722,
        0.836472602739726
      ],
      "val_f1": [
        0.019867549668874173,
        0.059967585089141004,
        0.10054988216810684,
        0.08585055643879173,
        0.07692307692307693,
        0.08744038155802862,
        0.09606299212598425,
        0.09047619047619047
      ],
      "val_auroc": [
        0.7274476230702479,
        0.7439339551199571,
        0.7571724801874566,
        0.7558212653096925,
        0.7642842510133572,
        0.7651318083678791,
        0.7655652617005066,
        0.7637533318218332
      ],
      "learning_rate": [
        0.001,
        0.001,
        0.001,
        0.001,
        0.001,
        0.001,
        0.001,
        0.001
      ]
    },
    "final_metrics": {
      "loss": 0.38649260347539727,
      "accuracy": 0.836472602739726,
      "precision": 0.890625,
      "recall": 0.047658862876254184,
      "f1": 0.09047619047619047,
      "auroc": 0.7637533318218332
    },
    "best_val_f1": 0.10054988216810684,
    "training_time": 8.292735576629639,
    "num_parameters": 8193
  },
  "config": {
    "dataset_path": "data/NTML-datasets/4T1L_500samples.jsonl",
    "max_length": 312,
    "model_name": "meta-llama/Llama-3.3-70B-Instruct",
    "hook_point": "blocks.12.hook_resid_pre",
    "hook_layer": 12,
    "device": "cuda",
    "dtype": "bfloat16",
    "batch_size": 32,
    "learning_rate": 0.001,
    "num_epochs": 8,
    "weight_decay": 0.001,
    "train_ratio": 0.8,
    "handle_class_imbalance": true,
    "optimizer_type": "AdamW",
    "scheduler_type": "cosine",
    "warmup_ratio": 0.1,
    "gradient_clip_norm": 1.0,
    "cache_dir": "./cache/ntml_binary/meta_llama_Llama_3.3_70B_Instruct_4T1L_500samples",
    "activation_batch_size": 4,
    "force_recache": false,
    "output_dir": "./ntml_4T1L_500samples_pytorch_llama70b",
    "probe_name": "ntml_binary_4T1L_500samples_layer_12",
    "save_checkpoints": true,
    "checkpoint_every": 5,
    "verbose": true,
    "log_every": 10,
    "eval_every": 1,
    "ignore_system_tokens": true,
    "ignore_user_tokens": true,
    "min_tokens_per_statement": 1,
    "token_overlap_strategy": "majority",
    "probe_method": "pytorch",
    "sklearn_C": 1.0,
    "sklearn_C_sweep": false,
    "sklearn_C_values": [
      0.0001,
      0.001,
      0.01,
      0.1,
      1.0,
      10.0,
      100.0,
      1000.0,
      10000.0
    ],
    "sklearn_solver": "liblinear",
    "sklearn_max_iter": 1000,
    "pytorch_bias": true,
    "pytorch_normalize_weights": true
  }
}