{
  "loss": 0.4154969735579057,
  "accuracy": 0.8327625570776256,
  "precision": 0.0,
  "recall": 0.0,
  "f1": 0.0,
  "auroc": 0.6747208833251069
}