{
  "model_type": "pytorch_interpretability_probe",
  "training_history": {
    "train_loss": [
      0.09606237729084274,
      0.0367885792678962,
      0.02796599560217362,
      0.024194575408707505,
      0.022091949754075645,
      0.02080469207889209,
      0.019983045097661616,
      0.019409341536691948
    ],
    "train_accuracy": [
      0.9672136996075633,
      0.9925793792365323,
      0.9953621120228326,
      0.9968248305387085,
      0.9975026757046022,
      0.9979307884409562,
      0.9978594363182305,
      0.9983232251159472
    ],
    "val_loss": [
      0.04848812276666815,
      0.039324738762595436,
      0.03432950106534091,
      0.0326325850053267,
      0.03149721405722878,
      0.031177997589111328,
      0.030670252713290127,
      0.030254450711337002
    ],
    "val_accuracy": [
      0.9853025114155252,
      0.9888698630136986,
      0.9911529680365296,
      0.9910102739726028,
      0.9914383561643836,
      0.9911529680365296,
      0.9912956621004566,
      0.9912956621004566
    ],
    "val_f1": [
      0.9569577935645633,
      0.9677685950413223,
      0.9743589743589743,
      0.9738914214670534,
      0.9751655629139073,
      0.9743164871582436,
      0.9747412008281573,
      0.974762101779065
    ],
    "val_auroc": [
      0.9988902646697222,
      0.9992218504506458,
      0.9994650133566566,
      0.9995059054050389,
      0.9995258217394842,
      0.9995111316771983,
      0.9995229967275061,
      0.9995314717634404
    ],
    "learning_rate": [
      0.001,
      0.001,
      0.001,
      0.001,
      0.001,
      0.001,
      0.001,
      0.001
    ]
  },
  "metadata": {
    "layer": 51,
    "num_assistant_tokens": 35038,
    "hidden_size": 8192,
    "label_distribution": [
      29014,
      6024
    ],
    "training_history": {
      "train_loss": [
        0.09606237729084274,
        0.0367885792678962,
        0.02796599560217362,
        0.024194575408707505,
        0.022091949754075645,
        0.02080469207889209,
        0.019983045097661616,
        0.019409341536691948
      ],
      "train_accuracy": [
        0.9672136996075633,
        0.9925793792365323,
        0.9953621120228326,
        0.9968248305387085,
        0.9975026757046022,
        0.9979307884409562,
        0.9978594363182305,
        0.9983232251159472
      ],
      "val_loss": [
        0.04848812276666815,
        0.039324738762595436,
        0.03432950106534091,
        0.0326325850053267,
        0.03149721405722878,
        0.031177997589111328,
        0.030670252713290127,
        0.030254450711337002
      ],
      "val_accuracy": [
        0.9853025114155252,
        0.9888698630136986,
        0.9911529680365296,
        0.9910102739726028,
        0.9914383561643836,
        0.9911529680365296,
        0.9912956621004566,
        0.9912956621004566
      ],
      "val_f1": [
        0.9569577935645633,
        0.9677685950413223,
        0.9743589743589743,
        0.9738914214670534,
        0.9751655629139073,
        0.9743164871582436,
        0.9747412008281573,
        0.974762101779065
      ],
      "val_auroc": [
        0.9988902646697222,
        0.9992218504506458,
        0.9994650133566566,
        0.9995059054050389,
        0.9995258217394842,
        0.9995111316771983,
        0.9995229967275061,
        0.9995314717634404
      ],
      "learning_rate": [
        0.001,
        0.001,
        0.001,
        0.001,
        0.001,
        0.001,
        0.001,
        0.001
      ]
    },
    "final_metrics": {
      "loss": 0.030254450711337002,
      "accuracy": 0.9912956621004566,
      "precision": 0.9874266554903605,
      "recall": 0.9624183006535948,
      "f1": 0.974762101779065,
      "auroc": 0.9995314717634404
    },
    "best_val_f1": 0.9751655629139073,
    "training_time": 8.877136468887329,
    "num_parameters": 8193
  },
  "config": {
    "dataset_path": "data/NTML-datasets/4T1L_500samples.jsonl",
    "max_length": 312,
    "model_name": "meta-llama/Llama-3.3-70B-Instruct",
    "hook_point": "blocks.51.hook_resid_pre",
    "hook_layer": 51,
    "device": "cuda",
    "dtype": "bfloat16",
    "batch_size": 32,
    "learning_rate": 0.001,
    "num_epochs": 8,
    "weight_decay": 0.001,
    "train_ratio": 0.8,
    "handle_class_imbalance": true,
    "optimizer_type": "AdamW",
    "scheduler_type": "cosine",
    "warmup_ratio": 0.1,
    "gradient_clip_norm": 1.0,
    "cache_dir": "./cache/ntml_binary/meta_llama_Llama_3.3_70B_Instruct_4T1L_500samples",
    "activation_batch_size": 4,
    "force_recache": false,
    "output_dir": "./ntml_4T1L_500samples_pytorch_llama70b",
    "probe_name": "ntml_binary_4T1L_500samples_layer_51",
    "save_checkpoints": true,
    "checkpoint_every": 5,
    "verbose": true,
    "log_every": 10,
    "eval_every": 1,
    "ignore_system_tokens": true,
    "ignore_user_tokens": true,
    "min_tokens_per_statement": 1,
    "token_overlap_strategy": "majority",
    "probe_method": "pytorch",
    "sklearn_C": 1.0,
    "sklearn_C_sweep": false,
    "sklearn_C_values": [
      0.0001,
      0.001,
      0.01,
      0.1,
      1.0,
      10.0,
      100.0,
      1000.0,
      10000.0
    ],
    "sklearn_solver": "liblinear",
    "sklearn_max_iter": 1000,
    "pytorch_bias": true,
    "pytorch_normalize_weights": true
  }
}