{
  "loss": 0.32691696557131683,
  "accuracy": 0.8620148401826484,
  "precision": 0.9029850746268657,
  "recall": 0.20456466610312765,
  "f1": 0.3335630599586492,
  "auroc": 0.8693410584133595
}