{
  "loss": 0.027740309455178,
  "accuracy": 0.9921518264840182,
  "precision": 0.9885664028144239,
  "recall": 0.9639794168096055,
  "f1": 0.9761181068171949,
  "auroc": 0.9997193828566194
}