{
  "loss": 0.030611909519542346,
  "accuracy": 0.9911529680365296,
  "precision": 0.986990459670425,
  "recall": 0.960337552742616,
  "f1": 0.9734816082121471,
  "auroc": 0.9995053081371631
}