{
  "loss": 0.037037541649558324,
  "accuracy": 0.9885844748858448,
  "precision": 0.9901433691756273,
  "recall": 0.9412265758091993,
  "f1": 0.9650655021834061,
  "auroc": 0.9995821358551965
}