{
  "loss": 0.028668568351052023,
  "accuracy": 0.992722602739726,
  "precision": 0.9973799126637555,
  "recall": 0.9596638655462185,
  "f1": 0.9781584582441113,
  "auroc": 0.9997599452293808
}