{
  "loss": 0.03458016568964178,
  "accuracy": 0.98787100456621,
  "precision": 0.9838022165387894,
  "recall": 0.9459016393442623,
  "f1": 0.9644797325532805,
  "auroc": 0.9991601476202885
}