{
  "loss": 0.12285504341125489,
  "accuracy": 0.9620433789954338,
  "precision": 0.9728643216080402,
  "recall": 0.8019884009942005,
  "f1": 0.8792007266121707,
  "auroc": 0.9932277482084267
}