{
  "model_type": "pytorch_interpretability_probe",
  "training_history": {
    "train_loss": [
      0.09085697598211025,
      0.031234239879251377,
      0.022140031791032723,
      0.01900046746316685,
      0.017153581493793556,
      0.016086692390240492,
      0.01541872765043895,
      0.014872532531397935
    ],
    "train_accuracy": [
      0.9688547984302534,
      0.9933285765251516,
      0.9971459150909739,
      0.9977880841955048,
      0.9982875490545844,
      0.9984659293613986,
      0.9987156617909383,
      0.9990367463432037
    ],
    "val_loss": [
      0.04990114298733798,
      0.040049992908130994,
      0.036916617913679645,
      0.03628752448342063,
      0.034691275520758194,
      0.03453695990822532,
      0.034707134420221504,
      0.03458016568964178
    ],
    "val_accuracy": [
      0.9834474885844748,
      0.985730593607306,
      0.98787100456621,
      0.9870148401826484,
      0.9887271689497716,
      0.988156392694064,
      0.9875856164383562,
      0.98787100456621
    ],
    "val_f1": [
      0.9507640067911715,
      0.9582289055973267,
      0.964509394572025,
      0.9617807643847123,
      0.9670970428987922,
      0.9653733833959116,
      0.9636135508155583,
      0.9644797325532805
    ],
    "val_auroc": [
      0.9983582482694551,
      0.9989933242321593,
      0.9991152554182198,
      0.9991478978553706,
      0.9991835142238888,
      0.9991687153749419,
      0.999144994731893,
      0.9991601476202885
    ],
    "learning_rate": [
      0.001,
      0.001,
      0.001,
      0.001,
      0.001,
      0.001,
      0.001,
      0.001
    ]
  },
  "metadata": {
    "layer": 65,
    "num_assistant_tokens": 35038,
    "hidden_size": 8192,
    "label_distribution": [
      29014,
      6024
    ],
    "training_history": {
      "train_loss": [
        0.09085697598211025,
        0.031234239879251377,
        0.022140031791032723,
        0.01900046746316685,
        0.017153581493793556,
        0.016086692390240492,
        0.01541872765043895,
        0.014872532531397935
      ],
      "train_accuracy": [
        0.9688547984302534,
        0.9933285765251516,
        0.9971459150909739,
        0.9977880841955048,
        0.9982875490545844,
        0.9984659293613986,
        0.9987156617909383,
        0.9990367463432037
      ],
      "val_loss": [
        0.04990114298733798,
        0.040049992908130994,
        0.036916617913679645,
        0.03628752448342063,
        0.034691275520758194,
        0.03453695990822532,
        0.034707134420221504,
        0.03458016568964178
      ],
      "val_accuracy": [
        0.9834474885844748,
        0.985730593607306,
        0.98787100456621,
        0.9870148401826484,
        0.9887271689497716,
        0.988156392694064,
        0.9875856164383562,
        0.98787100456621
      ],
      "val_f1": [
        0.9507640067911715,
        0.9582289055973267,
        0.964509394572025,
        0.9617807643847123,
        0.9670970428987922,
        0.9653733833959116,
        0.9636135508155583,
        0.9644797325532805
      ],
      "val_auroc": [
        0.9983582482694551,
        0.9989933242321593,
        0.9991152554182198,
        0.9991478978553706,
        0.9991835142238888,
        0.9991687153749419,
        0.999144994731893,
        0.9991601476202885
      ],
      "learning_rate": [
        0.001,
        0.001,
        0.001,
        0.001,
        0.001,
        0.001,
        0.001,
        0.001
      ]
    },
    "final_metrics": {
      "loss": 0.03458016568964178,
      "accuracy": 0.98787100456621,
      "precision": 0.9838022165387894,
      "recall": 0.9459016393442623,
      "f1": 0.9644797325532805,
      "auroc": 0.9991601476202885
    },
    "best_val_f1": 0.9670970428987922,
    "training_time": 8.364035367965698,
    "num_parameters": 8193
  },
  "config": {
    "dataset_path": "data/NTML-datasets/4T1L_500samples.jsonl",
    "max_length": 312,
    "model_name": "meta-llama/Llama-3.3-70B-Instruct",
    "hook_point": "blocks.65.hook_resid_pre",
    "hook_layer": 65,
    "device": "cuda",
    "dtype": "bfloat16",
    "batch_size": 32,
    "learning_rate": 0.001,
    "num_epochs": 8,
    "weight_decay": 0.001,
    "train_ratio": 0.8,
    "handle_class_imbalance": true,
    "optimizer_type": "AdamW",
    "scheduler_type": "cosine",
    "warmup_ratio": 0.1,
    "gradient_clip_norm": 1.0,
    "cache_dir": "./cache/ntml_binary/meta_llama_Llama_3.3_70B_Instruct_4T1L_500samples",
    "activation_batch_size": 4,
    "force_recache": false,
    "output_dir": "./ntml_4T1L_500samples_pytorch_llama70b",
    "probe_name": "ntml_binary_4T1L_500samples_layer_65",
    "save_checkpoints": true,
    "checkpoint_every": 5,
    "verbose": true,
    "log_every": 10,
    "eval_every": 1,
    "ignore_system_tokens": true,
    "ignore_user_tokens": true,
    "min_tokens_per_statement": 1,
    "token_overlap_strategy": "majority",
    "probe_method": "pytorch",
    "sklearn_C": 1.0,
    "sklearn_C_sweep": false,
    "sklearn_C_values": [
      0.0001,
      0.001,
      0.01,
      0.1,
      1.0,
      10.0,
      100.0,
      1000.0,
      10000.0
    ],
    "sklearn_solver": "liblinear",
    "sklearn_max_iter": 1000,
    "pytorch_bias": true,
    "pytorch_normalize_weights": true
  }
}