{
  "loss": 0.026695893027565695,
  "accuracy": 0.992579908675799,
  "precision": 0.9910350448247759,
  "recall": 0.9673826571201273,
  "f1": 0.9790660225442834,
  "auroc": 0.9997731361997575
}