{
  "model_type": "pytorch_interpretability_probe",
  "training_history": {
    "train_loss": [
      0.3022881962324931,
      0.22054212616935168,
      0.1997714248490116,
      0.1906504245415398,
      0.185781045064126,
      0.18272679712470263,
      0.1807687976078628,
      0.17927567267866984
    ],
    "train_accuracy": [
      0.8720299678915447,
      0.9091330717088834,
      0.9196218337495541,
      0.9257224402425972,
      0.9272565108811988,
      0.9292543703175169,
      0.930467356403853,
      0.9311452015697467
    ],
    "val_loss": [
      0.2471849571574818,
      0.21844320080497048,
      0.2078338839791038,
      0.20236919142983176,
      0.19909300587394022,
      0.19742837819186124,
      0.19589989998123863,
      0.19441360953179274
    ],
    "val_accuracy": [
      0.8908390410958904,
      0.90625,
      0.9239440639269406,
      0.916095890410959,
      0.9155251141552512,
      0.9185216894977168,
      0.9185216894977168,
      0.9202340182648402
    ],
    "val_f1": [
      0.574763757643135,
      0.6554798112218144,
      0.7423876268728854,
      0.7045226130653266,
      0.6997971602434077,
      0.7149276085871193,
      0.71407110665999,
      0.7220288413724515
    ],
    "val_auroc": [
      0.9593735468460388,
      0.9711854626078535,
      0.9753615207538676,
      0.9769616997039854,
      0.978129013204236,
      0.9786474797927855,
      0.9790098787740695,
      0.9797901473853053
    ],
    "learning_rate": [
      0.001,
      0.001,
      0.001,
      0.001,
      0.001,
      0.001,
      0.001,
      0.001
    ]
  },
  "metadata": {
    "layer": 18,
    "num_assistant_tokens": 35038,
    "hidden_size": 8192,
    "label_distribution": [
      29014,
      6024
    ],
    "training_history": {
      "train_loss": [
        0.3022881962324931,
        0.22054212616935168,
        0.1997714248490116,
        0.1906504245415398,
        0.185781045064126,
        0.18272679712470263,
        0.1807687976078628,
        0.17927567267866984
      ],
      "train_accuracy": [
        0.8720299678915447,
        0.9091330717088834,
        0.9196218337495541,
        0.9257224402425972,
        0.9272565108811988,
        0.9292543703175169,
        0.930467356403853,
        0.9311452015697467
      ],
      "val_loss": [
        0.2471849571574818,
        0.21844320080497048,
        0.2078338839791038,
        0.20236919142983176,
        0.19909300587394022,
        0.19742837819186124,
        0.19589989998123863,
        0.19441360953179274
      ],
      "val_accuracy": [
        0.8908390410958904,
        0.90625,
        0.9239440639269406,
        0.916095890410959,
        0.9155251141552512,
        0.9185216894977168,
        0.9185216894977168,
        0.9202340182648402
      ],
      "val_f1": [
        0.574763757643135,
        0.6554798112218144,
        0.7423876268728854,
        0.7045226130653266,
        0.6997971602434077,
        0.7149276085871193,
        0.71407110665999,
        0.7220288413724515
      ],
      "val_auroc": [
        0.9593735468460388,
        0.9711854626078535,
        0.9753615207538676,
        0.9769616997039854,
        0.978129013204236,
        0.9786474797927855,
        0.9790098787740695,
        0.9797901473853053
      ],
      "learning_rate": [
        0.001,
        0.001,
        0.001,
        0.001,
        0.001,
        0.001,
        0.001,
        0.001
      ]
    },
    "final_metrics": {
      "loss": 0.19441360953179274,
      "accuracy": 0.9202340182648402,
      "precision": 0.9552631578947368,
      "recall": 0.580335731414868,
      "f1": 0.7220288413724515,
      "auroc": 0.9797901473853053
    },
    "best_val_f1": 0.7423876268728854,
    "training_time": 8.693711519241333,
    "num_parameters": 8193
  },
  "config": {
    "dataset_path": "data/NTML-datasets/4T1L_500samples.jsonl",
    "max_length": 312,
    "model_name": "meta-llama/Llama-3.3-70B-Instruct",
    "hook_point": "blocks.18.hook_resid_pre",
    "hook_layer": 18,
    "device": "cuda",
    "dtype": "bfloat16",
    "batch_size": 32,
    "learning_rate": 0.001,
    "num_epochs": 8,
    "weight_decay": 0.001,
    "train_ratio": 0.8,
    "handle_class_imbalance": true,
    "optimizer_type": "AdamW",
    "scheduler_type": "cosine",
    "warmup_ratio": 0.1,
    "gradient_clip_norm": 1.0,
    "cache_dir": "./cache/ntml_binary/meta_llama_Llama_3.3_70B_Instruct_4T1L_500samples",
    "activation_batch_size": 4,
    "force_recache": false,
    "output_dir": "./ntml_4T1L_500samples_pytorch_llama70b",
    "probe_name": "ntml_binary_4T1L_500samples_layer_18",
    "save_checkpoints": true,
    "checkpoint_every": 5,
    "verbose": true,
    "log_every": 10,
    "eval_every": 1,
    "ignore_system_tokens": true,
    "ignore_user_tokens": true,
    "min_tokens_per_statement": 1,
    "token_overlap_strategy": "majority",
    "probe_method": "pytorch",
    "sklearn_C": 1.0,
    "sklearn_C_sweep": false,
    "sklearn_C_values": [
      0.0001,
      0.001,
      0.01,
      0.1,
      1.0,
      10.0,
      100.0,
      1000.0,
      10000.0
    ],
    "sklearn_solver": "liblinear",
    "sklearn_max_iter": 1000,
    "pytorch_bias": true,
    "pytorch_normalize_weights": true
  }
}