{
  "model_type": "pytorch_interpretability_probe",
  "training_history": {
    "train_loss": [
      0.4407227845632867,
      0.41762594300317984,
      0.4113890929785493,
      0.4082352456436854,
      0.4060428734851754,
      0.4045153926360553,
      0.4036119457793562,
      0.40293922251490155
    ],
    "train_accuracy": [
      0.8282911166607206,
      0.8282911166607206,
      0.8283624687834463,
      0.8283267927220834,
      0.8284694969675348,
      0.8284694969675348,
      0.8285051730288976,
      0.8285408490902605
    ],
    "val_loss": [
      0.4280027519572865,
      0.42394716956398704,
      0.42333017696033826,
      0.4205036510120739,
      0.4201833811673251,
      0.4196766289797696,
      0.41931454051624645,
      0.419267259944569
    ],
    "val_accuracy": [
      0.8271974885844748,
      0.8271974885844748,
      0.8271974885844748,
      0.8271974885844748,
      0.8271974885844748,
      0.8271974885844748,
      0.8271974885844748,
      0.8271974885844748
    ],
    "val_f1": [
      0.0,
      0.0,
      0.0,
      0.0,
      0.0,
      0.0,
      0.0,
      0.0
    ],
    "val_auroc": [
      0.6620592501574392,
      0.6781805190674239,
      0.6852220894460204,
      0.6882490117400342,
      0.6891083217820887,
      0.6907092096242154,
      0.691751634968228,
      0.6923629452119872
    ],
    "learning_rate": [
      0.001,
      0.001,
      0.001,
      0.001,
      0.001,
      0.001,
      0.001,
      0.001
    ]
  },
  "metadata": {
    "layer": 7,
    "num_assistant_tokens": 35038,
    "hidden_size": 8192,
    "label_distribution": [
      29014,
      6024
    ],
    "training_history": {
      "train_loss": [
        0.4407227845632867,
        0.41762594300317984,
        0.4113890929785493,
        0.4082352456436854,
        0.4060428734851754,
        0.4045153926360553,
        0.4036119457793562,
        0.40293922251490155
      ],
      "train_accuracy": [
        0.8282911166607206,
        0.8282911166607206,
        0.8283624687834463,
        0.8283267927220834,
        0.8284694969675348,
        0.8284694969675348,
        0.8285051730288976,
        0.8285408490902605
      ],
      "val_loss": [
        0.4280027519572865,
        0.42394716956398704,
        0.42333017696033826,
        0.4205036510120739,
        0.4201833811673251,
        0.4196766289797696,
        0.41931454051624645,
        0.419267259944569
      ],
      "val_accuracy": [
        0.8271974885844748,
        0.8271974885844748,
        0.8271974885844748,
        0.8271974885844748,
        0.8271974885844748,
        0.8271974885844748,
        0.8271974885844748,
        0.8271974885844748
      ],
      "val_f1": [
        0.0,
        0.0,
        0.0,
        0.0,
        0.0,
        0.0,
        0.0,
        0.0
      ],
      "val_auroc": [
        0.6620592501574392,
        0.6781805190674239,
        0.6852220894460204,
        0.6882490117400342,
        0.6891083217820887,
        0.6907092096242154,
        0.691751634968228,
        0.6923629452119872
      ],
      "learning_rate": [
        0.001,
        0.001,
        0.001,
        0.001,
        0.001,
        0.001,
        0.001,
        0.001
      ]
    },
    "final_metrics": {
      "loss": 0.419267259944569,
      "accuracy": 0.8271974885844748,
      "precision": 0.0,
      "recall": 0.0,
      "f1": 0.0,
      "auroc": 0.6923629452119872
    },
    "best_val_f1": 0.0,
    "training_time": 8.55807089805603,
    "num_parameters": 8193
  },
  "config": {
    "dataset_path": "data/NTML-datasets/4T1L_500samples.jsonl",
    "max_length": 312,
    "model_name": "meta-llama/Llama-3.3-70B-Instruct",
    "hook_point": "blocks.7.hook_resid_pre",
    "hook_layer": 7,
    "device": "cuda",
    "dtype": "bfloat16",
    "batch_size": 32,
    "learning_rate": 0.001,
    "num_epochs": 8,
    "weight_decay": 0.001,
    "train_ratio": 0.8,
    "handle_class_imbalance": true,
    "optimizer_type": "AdamW",
    "scheduler_type": "cosine",
    "warmup_ratio": 0.1,
    "gradient_clip_norm": 1.0,
    "cache_dir": "./cache/ntml_binary/meta_llama_Llama_3.3_70B_Instruct_4T1L_500samples",
    "activation_batch_size": 4,
    "force_recache": false,
    "output_dir": "./ntml_4T1L_500samples_pytorch_llama70b",
    "probe_name": "ntml_binary_4T1L_500samples_layer_7",
    "save_checkpoints": true,
    "checkpoint_every": 5,
    "verbose": true,
    "log_every": 10,
    "eval_every": 1,
    "ignore_system_tokens": true,
    "ignore_user_tokens": true,
    "min_tokens_per_statement": 1,
    "token_overlap_strategy": "majority",
    "probe_method": "pytorch",
    "sklearn_C": 1.0,
    "sklearn_C_sweep": false,
    "sklearn_C_values": [
      0.0001,
      0.001,
      0.01,
      0.1,
      1.0,
      10.0,
      100.0,
      1000.0,
      10000.0
    ],
    "sklearn_solver": "liblinear",
    "sklearn_max_iter": 1000,
    "pytorch_bias": true,
    "pytorch_normalize_weights": true
  }
}