{
  "loss": 0.4373206398703835,
  "accuracy": 0.8227739726027398,
  "precision": 0.0,
  "recall": 0.0,
  "f1": 0.0,
  "auroc": 0.6380361193357921
}