{
  "loss": 0.3866928859190507,
  "accuracy": 0.8380422374429224,
  "precision": 0.875,
  "recall": 0.041631265930331354,
  "f1": 0.07948094079480941,
  "auroc": 0.7601776722340836
}