{
  "model_type": "pytorch_interpretability_probe",
  "training_history": {
    "train_loss": [
      0.08555513705854138,
      0.026678833174923238,
      0.01869087864232322,
      0.01591800591062125,
      0.01430746619951099,
      0.013444462288213579,
      0.012797002197927945,
      0.01242115385149984
    ],
    "train_accuracy": [
      0.9712807706029254,
      0.9942204780592223,
      0.9975740278273278,
      0.9984302533000357,
      0.9988583660363896,
      0.998965394220478,
      0.9992508027113807,
      0.999179450588655
    ],
    "val_loss": [
      0.041398533907803625,
      0.03298770731145685,
      0.03193972327492454,
      0.03109071037986062,
      0.031167744506489146,
      0.029227564551613548,
      0.030369645898992364,
      0.029177670045332477
    ],
    "val_accuracy": [
      0.9873002283105022,
      0.9898687214611872,
      0.988013698630137,
      0.9882990867579908,
      0.9884417808219178,
      0.9897260273972602,
      0.988156392694064,
      0.9888698630136986
    ],
    "val_f1": [
      0.9617204301075268,
      0.9696969696969697,
      0.9638242894056848,
      0.9646551724137931,
      0.9651912333476579,
      0.9692044482463644,
      0.9642087106511428,
      0.9665809768637532
    ],
    "val_auroc": [
      0.9988670480694088,
      0.9992317290862258,
      0.9994030860915686,
      0.9994031578791702,
      0.9992996401574675,
      0.9993256990568975,
      0.9993690587683458,
      0.9993605160437393
    ],
    "learning_rate": [
      0.001,
      0.001,
      0.001,
      0.001,
      0.001,
      0.001,
      0.001,
      0.001
    ]
  },
  "metadata": {
    "layer": 70,
    "num_assistant_tokens": 35038,
    "hidden_size": 8192,
    "label_distribution": [
      29014,
      6024
    ],
    "training_history": {
      "train_loss": [
        0.08555513705854138,
        0.026678833174923238,
        0.01869087864232322,
        0.01591800591062125,
        0.01430746619951099,
        0.013444462288213579,
        0.012797002197927945,
        0.01242115385149984
      ],
      "train_accuracy": [
        0.9712807706029254,
        0.9942204780592223,
        0.9975740278273278,
        0.9984302533000357,
        0.9988583660363896,
        0.998965394220478,
        0.9992508027113807,
        0.999179450588655
      ],
      "val_loss": [
        0.041398533907803625,
        0.03298770731145685,
        0.03193972327492454,
        0.03109071037986062,
        0.031167744506489146,
        0.029227564551613548,
        0.030369645898992364,
        0.029177670045332477
      ],
      "val_accuracy": [
        0.9873002283105022,
        0.9898687214611872,
        0.988013698630137,
        0.9882990867579908,
        0.9884417808219178,
        0.9897260273972602,
        0.988156392694064,
        0.9888698630136986
      ],
      "val_f1": [
        0.9617204301075268,
        0.9696969696969697,
        0.9638242894056848,
        0.9646551724137931,
        0.9651912333476579,
        0.9692044482463644,
        0.9642087106511428,
        0.9665809768637532
      ],
      "val_auroc": [
        0.9988670480694088,
        0.9992317290862258,
        0.9994030860915686,
        0.9994031578791702,
        0.9992996401574675,
        0.9993256990568975,
        0.9993690587683458,
        0.9993605160437393
      ],
      "learning_rate": [
        0.001,
        0.001,
        0.001,
        0.001,
        0.001,
        0.001,
        0.001,
        0.001
      ]
    },
    "final_metrics": {
      "loss": 0.029177670045332477,
      "accuracy": 0.9888698630136986,
      "precision": 0.9938325991189427,
      "recall": 0.9407839866555463,
      "f1": 0.9665809768637532,
      "auroc": 0.9993605160437393
    },
    "best_val_f1": 0.9696969696969697,
    "training_time": 8.285295248031616,
    "num_parameters": 8193
  },
  "config": {
    "dataset_path": "data/NTML-datasets/4T1L_500samples.jsonl",
    "max_length": 312,
    "model_name": "meta-llama/Llama-3.3-70B-Instruct",
    "hook_point": "blocks.70.hook_resid_pre",
    "hook_layer": 70,
    "device": "cuda",
    "dtype": "bfloat16",
    "batch_size": 32,
    "learning_rate": 0.001,
    "num_epochs": 8,
    "weight_decay": 0.001,
    "train_ratio": 0.8,
    "handle_class_imbalance": true,
    "optimizer_type": "AdamW",
    "scheduler_type": "cosine",
    "warmup_ratio": 0.1,
    "gradient_clip_norm": 1.0,
    "cache_dir": "./cache/ntml_binary/meta_llama_Llama_3.3_70B_Instruct_4T1L_500samples",
    "activation_batch_size": 4,
    "force_recache": false,
    "output_dir": "./ntml_4T1L_500samples_pytorch_llama70b",
    "probe_name": "ntml_binary_4T1L_500samples_layer_70",
    "save_checkpoints": true,
    "checkpoint_every": 5,
    "verbose": true,
    "log_every": 10,
    "eval_every": 1,
    "ignore_system_tokens": true,
    "ignore_user_tokens": true,
    "min_tokens_per_statement": 1,
    "token_overlap_strategy": "majority",
    "probe_method": "pytorch",
    "sklearn_C": 1.0,
    "sklearn_C_sweep": false,
    "sklearn_C_values": [
      0.0001,
      0.001,
      0.01,
      0.1,
      1.0,
      10.0,
      100.0,
      1000.0,
      10000.0
    ],
    "sklearn_solver": "liblinear",
    "sklearn_max_iter": 1000,
    "pytorch_bias": true,
    "pytorch_normalize_weights": true
  }
}