{
  "model_type": "pytorch_interpretability_probe",
  "training_history": {
    "train_loss": [
      0.09431886884753835,
      0.03699741566757837,
      0.02838460041941505,
      0.024538550893754854,
      0.022747457590906725,
      0.02151050718424663,
      0.020602751069289705,
      0.01997894594939128
    ],
    "train_accuracy": [
      0.9687834463075277,
      0.9921869425615412,
      0.9954334641455583,
      0.9963967178023546,
      0.9970032108455227,
      0.9975383517659651,
      0.9978594363182305,
      0.9978951123795933
    ],
    "val_loss": [
      0.051517642628062854,
      0.04106289419260892,
      0.03733925819396973,
      0.03583097891374068,
      0.034251317110928624,
      0.03325731537558816,
      0.032785194570367986,
      0.032578468322753906
    ],
    "val_accuracy": [
      0.985587899543379,
      0.98787100456621,
      0.9888698630136986,
      0.9891552511415526,
      0.990296803652968,
      0.9908675799086758,
      0.9907248858447488,
      0.9910102739726028
    ],
    "val_f1": [
      0.9569296375266525,
      0.9639372083156555,
      0.9669491525423729,
      0.9677966101694915,
      0.9712351945854484,
      0.9729501267962807,
      0.9724925941599661,
      0.9733615221987315
    ],
    "val_auroc": [
      0.9984895710043487,
      0.9989398625439401,
      0.999091750859602,
      0.9991195492871853,
      0.999247579674019,
      0.9992835456808408,
      0.9992705062122321,
      0.9992667806497724
    ],
    "learning_rate": [
      0.001,
      0.001,
      0.001,
      0.001,
      0.001,
      0.001,
      0.001,
      0.001
    ]
  },
  "metadata": {
    "layer": 46,
    "num_assistant_tokens": 35038,
    "hidden_size": 8192,
    "label_distribution": [
      29014,
      6024
    ],
    "training_history": {
      "train_loss": [
        0.09431886884753835,
        0.03699741566757837,
        0.02838460041941505,
        0.024538550893754854,
        0.022747457590906725,
        0.02151050718424663,
        0.020602751069289705,
        0.01997894594939128
      ],
      "train_accuracy": [
        0.9687834463075277,
        0.9921869425615412,
        0.9954334641455583,
        0.9963967178023546,
        0.9970032108455227,
        0.9975383517659651,
        0.9978594363182305,
        0.9978951123795933
      ],
      "val_loss": [
        0.051517642628062854,
        0.04106289419260892,
        0.03733925819396973,
        0.03583097891374068,
        0.034251317110928624,
        0.03325731537558816,
        0.032785194570367986,
        0.032578468322753906
      ],
      "val_accuracy": [
        0.985587899543379,
        0.98787100456621,
        0.9888698630136986,
        0.9891552511415526,
        0.990296803652968,
        0.9908675799086758,
        0.9907248858447488,
        0.9910102739726028
      ],
      "val_f1": [
        0.9569296375266525,
        0.9639372083156555,
        0.9669491525423729,
        0.9677966101694915,
        0.9712351945854484,
        0.9729501267962807,
        0.9724925941599661,
        0.9733615221987315
      ],
      "val_auroc": [
        0.9984895710043487,
        0.9989398625439401,
        0.999091750859602,
        0.9991195492871853,
        0.999247579674019,
        0.9992835456808408,
        0.9992705062122321,
        0.9992667806497724
      ],
      "learning_rate": [
        0.001,
        0.001,
        0.001,
        0.001,
        0.001,
        0.001,
        0.001,
        0.001
      ]
    },
    "final_metrics": {
      "loss": 0.032578468322753906,
      "accuracy": 0.9910102739726028,
      "precision": 0.9896818572656921,
      "recall": 0.9575707154742097,
      "f1": 0.9733615221987315,
      "auroc": 0.9992667806497724
    },
    "best_val_f1": 0.9733615221987315,
    "training_time": 8.076337575912476,
    "num_parameters": 8193
  },
  "config": {
    "dataset_path": "data/NTML-datasets/4T1L_500samples.jsonl",
    "max_length": 312,
    "model_name": "meta-llama/Llama-3.3-70B-Instruct",
    "hook_point": "blocks.46.hook_resid_pre",
    "hook_layer": 46,
    "device": "cuda",
    "dtype": "bfloat16",
    "batch_size": 32,
    "learning_rate": 0.001,
    "num_epochs": 8,
    "weight_decay": 0.001,
    "train_ratio": 0.8,
    "handle_class_imbalance": true,
    "optimizer_type": "AdamW",
    "scheduler_type": "cosine",
    "warmup_ratio": 0.1,
    "gradient_clip_norm": 1.0,
    "cache_dir": "./cache/ntml_binary/meta_llama_Llama_3.3_70B_Instruct_4T1L_500samples",
    "activation_batch_size": 4,
    "force_recache": false,
    "output_dir": "./ntml_4T1L_500samples_pytorch_llama70b",
    "probe_name": "ntml_binary_4T1L_500samples_layer_46",
    "save_checkpoints": true,
    "checkpoint_every": 5,
    "verbose": true,
    "log_every": 10,
    "eval_every": 1,
    "ignore_system_tokens": true,
    "ignore_user_tokens": true,
    "min_tokens_per_statement": 1,
    "token_overlap_strategy": "majority",
    "probe_method": "pytorch",
    "sklearn_C": 1.0,
    "sklearn_C_sweep": false,
    "sklearn_C_values": [
      0.0001,
      0.001,
      0.01,
      0.1,
      1.0,
      10.0,
      100.0,
      1000.0,
      10000.0
    ],
    "sklearn_solver": "liblinear",
    "sklearn_max_iter": 1000,
    "pytorch_bias": true,
    "pytorch_normalize_weights": true
  }
}