{
  "loss": 0.031018057736483487,
  "accuracy": 0.9891552511415526,
  "precision": 0.9844155844155844,
  "recall": 0.9514644351464435,
  "f1": 0.9676595744680851,
  "auroc": 0.9994158238603852
}