{
  "loss": 0.031822195920077234,
  "accuracy": 0.9895833333333334,
  "precision": 0.9913941480206541,
  "recall": 0.9481481481481482,
  "f1": 0.9692890197728229,
  "auroc": 0.9991143703305891
}