{
  "loss": 0.12157607078552246,
  "accuracy": 0.96175799086758,
  "precision": 0.9688109161793372,
  "recall": 0.808130081300813,
  "f1": 0.8812056737588653,
  "auroc": 0.9938713426594287
}