{
  "model_type": "pytorch_interpretability_probe",
  "training_history": {
    "train_loss": [
      0.0916643412188376,
      0.0332438215681407,
      0.025104638831222166,
      0.021660031938976417,
      0.01979439589088638,
      0.018596094169709237,
      0.01785159241790845,
      0.017294392411779935
    ],
    "train_accuracy": [
      0.9693542632893328,
      0.9932929004637888,
      0.9961826614341777,
      0.9970745629682483,
      0.9976453799500535,
      0.997966464502319,
      0.9981448448091331,
      0.9984302533000357
    ],
    "val_loss": [
      0.045530598813837225,
      0.03670777841047807,
      0.033232719247991385,
      0.031938669898293234,
      0.030573090639981357,
      0.029947965795343572,
      0.02948984666304155,
      0.02910972075028853
    ],
    "val_accuracy": [
      0.9873002283105022,
      0.9892979452054794,
      0.9912956621004566,
      0.990296803652968,
      0.9912956621004566,
      0.9914383561643836,
      0.9918664383561644,
      0.9921518264840182
    ],
    "val_f1": [
      0.961488533102553,
      0.9676305567544238,
      0.9737859905457671,
      0.9706390328151986,
      0.9737408523461042,
      0.9742046431642304,
      0.9755888650963598,
      0.9764049764049764
    ],
    "val_auroc": [
      0.9989073492491461,
      0.9991130596599347,
      0.9993654664064819,
      0.9993669891130829,
      0.9994096248979062,
      0.9994445746398871,
      0.9994803219900876,
      0.9995033801186145
    ],
    "learning_rate": [
      0.001,
      0.001,
      0.001,
      0.001,
      0.001,
      0.001,
      0.001,
      0.001
    ]
  },
  "metadata": {
    "layer": 55,
    "num_assistant_tokens": 35038,
    "hidden_size": 8192,
    "label_distribution": [
      29014,
      6024
    ],
    "training_history": {
      "train_loss": [
        0.0916643412188376,
        0.0332438215681407,
        0.025104638831222166,
        0.021660031938976417,
        0.01979439589088638,
        0.018596094169709237,
        0.01785159241790845,
        0.017294392411779935
      ],
      "train_accuracy": [
        0.9693542632893328,
        0.9932929004637888,
        0.9961826614341777,
        0.9970745629682483,
        0.9976453799500535,
        0.997966464502319,
        0.9981448448091331,
        0.9984302533000357
      ],
      "val_loss": [
        0.045530598813837225,
        0.03670777841047807,
        0.033232719247991385,
        0.031938669898293234,
        0.030573090639981357,
        0.029947965795343572,
        0.02948984666304155,
        0.02910972075028853
      ],
      "val_accuracy": [
        0.9873002283105022,
        0.9892979452054794,
        0.9912956621004566,
        0.990296803652968,
        0.9912956621004566,
        0.9914383561643836,
        0.9918664383561644,
        0.9921518264840182
      ],
      "val_f1": [
        0.961488533102553,
        0.9676305567544238,
        0.9737859905457671,
        0.9706390328151986,
        0.9737408523461042,
        0.9742046431642304,
        0.9755888650963598,
        0.9764049764049764
      ],
      "val_auroc": [
        0.9989073492491461,
        0.9991130596599347,
        0.9993654664064819,
        0.9993669891130829,
        0.9994096248979062,
        0.9994445746398871,
        0.9994803219900876,
        0.9995033801186145
      ],
      "learning_rate": [
        0.001,
        0.001,
        0.001,
        0.001,
        0.001,
        0.001,
        0.001,
        0.001
      ]
    },
    "final_metrics": {
      "loss": 0.02910972075028853,
      "accuracy": 0.9921518264840182,
      "precision": 0.992153443766347,
      "recall": 0.9611486486486487,
      "f1": 0.9764049764049764,
      "auroc": 0.9995033801186145
    },
    "best_val_f1": 0.9764049764049764,
    "training_time": 8.575122833251953,
    "num_parameters": 8193
  },
  "config": {
    "dataset_path": "data/NTML-datasets/4T1L_500samples.jsonl",
    "max_length": 312,
    "model_name": "meta-llama/Llama-3.3-70B-Instruct",
    "hook_point": "blocks.55.hook_resid_pre",
    "hook_layer": 55,
    "device": "cuda",
    "dtype": "bfloat16",
    "batch_size": 32,
    "learning_rate": 0.001,
    "num_epochs": 8,
    "weight_decay": 0.001,
    "train_ratio": 0.8,
    "handle_class_imbalance": true,
    "optimizer_type": "AdamW",
    "scheduler_type": "cosine",
    "warmup_ratio": 0.1,
    "gradient_clip_norm": 1.0,
    "cache_dir": "./cache/ntml_binary/meta_llama_Llama_3.3_70B_Instruct_4T1L_500samples",
    "activation_batch_size": 4,
    "force_recache": false,
    "output_dir": "./ntml_4T1L_500samples_pytorch_llama70b",
    "probe_name": "ntml_binary_4T1L_500samples_layer_55",
    "save_checkpoints": true,
    "checkpoint_every": 5,
    "verbose": true,
    "log_every": 10,
    "eval_every": 1,
    "ignore_system_tokens": true,
    "ignore_user_tokens": true,
    "min_tokens_per_statement": 1,
    "token_overlap_strategy": "majority",
    "probe_method": "pytorch",
    "sklearn_C": 1.0,
    "sklearn_C_sweep": false,
    "sklearn_C_values": [
      0.0001,
      0.001,
      0.01,
      0.1,
      1.0,
      10.0,
      100.0,
      1000.0,
      10000.0
    ],
    "sklearn_solver": "liblinear",
    "sklearn_max_iter": 1000,
    "pytorch_bias": true,
    "pytorch_normalize_weights": true
  }
}