{
  "model_type": "pytorch_interpretability_probe",
  "training_history": {
    "train_loss": [
      0.08135244191398835,
      0.02346531317896767,
      0.015431293287446305,
      0.01283846184670857,
      0.011241168773001629,
      0.010650922274259535,
      0.01010906903421906,
      0.009706841320858325
    ],
    "train_accuracy": [
      0.9716018551551908,
      0.9952550838387442,
      0.9980021405636817,
      0.9988226899750268,
      0.9990367463432037,
      0.9992508027113807,
      0.9995005351409204,
      0.9995362112022833
    ],
    "val_loss": [
      0.03782868818803267,
      0.030898033488880504,
      0.026342743093317206,
      0.027164389870383523,
      0.026102148402820935,
      0.025284142927689986,
      0.025246585499156603,
      0.025102004137906163
    ],
    "val_accuracy": [
      0.98787100456621,
      0.98787100456621,
      0.990296803652968,
      0.9897260273972602,
      0.9895833333333334,
      0.990582191780822,
      0.9908675799086758,
      0.9898687214611872
    ],
    "val_f1": [
      0.9627682873412177,
      0.9625715543813298,
      0.970357454228422,
      0.968476357267951,
      0.9681639773222852,
      0.971304347826087,
      0.9721980886185926,
      0.9690901175446234
    ],
    "val_auroc": [
      0.9988553745494015,
      0.9996039353243491,
      0.9996199445831101,
      0.9996365386549767,
      0.9995999878358874,
      0.9996172398224975,
      0.9996059090685798,
      0.9996213335142354
    ],
    "learning_rate": [
      0.001,
      0.001,
      0.001,
      0.001,
      0.001,
      0.001,
      0.001,
      0.001
    ]
  },
  "metadata": {
    "layer": 74,
    "num_assistant_tokens": 35038,
    "hidden_size": 8192,
    "label_distribution": [
      29014,
      6024
    ],
    "training_history": {
      "train_loss": [
        0.08135244191398835,
        0.02346531317896767,
        0.015431293287446305,
        0.01283846184670857,
        0.011241168773001629,
        0.010650922274259535,
        0.01010906903421906,
        0.009706841320858325
      ],
      "train_accuracy": [
        0.9716018551551908,
        0.9952550838387442,
        0.9980021405636817,
        0.9988226899750268,
        0.9990367463432037,
        0.9992508027113807,
        0.9995005351409204,
        0.9995362112022833
      ],
      "val_loss": [
        0.03782868818803267,
        0.030898033488880504,
        0.026342743093317206,
        0.027164389870383523,
        0.026102148402820935,
        0.025284142927689986,
        0.025246585499156603,
        0.025102004137906163
      ],
      "val_accuracy": [
        0.98787100456621,
        0.98787100456621,
        0.990296803652968,
        0.9897260273972602,
        0.9895833333333334,
        0.990582191780822,
        0.9908675799086758,
        0.9898687214611872
      ],
      "val_f1": [
        0.9627682873412177,
        0.9625715543813298,
        0.970357454228422,
        0.968476357267951,
        0.9681639773222852,
        0.971304347826087,
        0.9721980886185926,
        0.9690901175446234
      ],
      "val_auroc": [
        0.9988553745494015,
        0.9996039353243491,
        0.9996199445831101,
        0.9996365386549767,
        0.9995999878358874,
        0.9996172398224975,
        0.9996059090685798,
        0.9996213335142354
      ],
      "learning_rate": [
        0.001,
        0.001,
        0.001,
        0.001,
        0.001,
        0.001,
        0.001,
        0.001
      ]
    },
    "final_metrics": {
      "loss": 0.025102004137906163,
      "accuracy": 0.9898687214611872,
      "precision": 0.9893333333333333,
      "recall": 0.9496587030716723,
      "f1": 0.9690901175446234,
      "auroc": 0.9996213335142354
    },
    "best_val_f1": 0.9721980886185926,
    "training_time": 8.539554119110107,
    "num_parameters": 8193
  },
  "config": {
    "dataset_path": "data/NTML-datasets/4T1L_500samples.jsonl",
    "max_length": 312,
    "model_name": "meta-llama/Llama-3.3-70B-Instruct",
    "hook_point": "blocks.74.hook_resid_pre",
    "hook_layer": 74,
    "device": "cuda",
    "dtype": "bfloat16",
    "batch_size": 32,
    "learning_rate": 0.001,
    "num_epochs": 8,
    "weight_decay": 0.001,
    "train_ratio": 0.8,
    "handle_class_imbalance": true,
    "optimizer_type": "AdamW",
    "scheduler_type": "cosine",
    "warmup_ratio": 0.1,
    "gradient_clip_norm": 1.0,
    "cache_dir": "./cache/ntml_binary/meta_llama_Llama_3.3_70B_Instruct_4T1L_500samples",
    "activation_batch_size": 4,
    "force_recache": false,
    "output_dir": "./ntml_4T1L_500samples_pytorch_llama70b",
    "probe_name": "ntml_binary_4T1L_500samples_layer_74",
    "save_checkpoints": true,
    "checkpoint_every": 5,
    "verbose": true,
    "log_every": 10,
    "eval_every": 1,
    "ignore_system_tokens": true,
    "ignore_user_tokens": true,
    "min_tokens_per_statement": 1,
    "token_overlap_strategy": "majority",
    "probe_method": "pytorch",
    "sklearn_C": 1.0,
    "sklearn_C_sweep": false,
    "sklearn_C_values": [
      0.0001,
      0.001,
      0.01,
      0.1,
      1.0,
      10.0,
      100.0,
      1000.0,
      10000.0
    ],
    "sklearn_solver": "liblinear",
    "sklearn_max_iter": 1000,
    "pytorch_bias": true,
    "pytorch_normalize_weights": true
  }
}