{
  "loss": 0.19441360953179274,
  "accuracy": 0.9202340182648402,
  "precision": 0.9552631578947368,
  "recall": 0.580335731414868,
  "f1": 0.7220288413724515,
  "auroc": 0.9797901473853053
}