{
  "model_type": "pytorch_interpretability_probe",
  "training_history": {
    "train_loss": [
      0.09067667848069101,
      0.032687565943302764,
      0.024109360051753858,
      0.020650514983040488,
      0.018760650307067656,
      0.017560793167686082,
      0.01679446592025425,
      0.016165829431605803
    ],
    "train_accuracy": [
      0.9696396717802355,
      0.9931858722797003,
      0.9964323938637174,
      0.9974669996432394,
      0.9979307884409562,
      0.9982518729932216,
      0.9986799857295755,
      0.9987156617909383
    ],
    "val_loss": [
      0.046122195503928445,
      0.034713944521817294,
      0.031464853069999,
      0.029494029825383968,
      0.029220767454667524,
      0.028963784738020464,
      0.02845776297829368,
      0.028143033114346593
    ],
    "val_accuracy": [
      0.985445205479452,
      0.9911529680365296,
      0.9920091324200914,
      0.9931506849315068,
      0.992865296803653,
      0.9924372146118722,
      0.992865296803653,
      0.992722602739726
    ],
    "val_f1": [
      0.9558441558441558,
      0.9735720375106565,
      0.9762107051826678,
      0.979557069846678,
      0.9787414965986394,
      0.9774946921443737,
      0.9787234042553191,
      0.9783071033602723
    ],
    "val_auroc": [
      0.9990346985943351,
      0.9994793087488942,
      0.9995137143914196,
      0.9996116049224542,
      0.9995731684933569,
      0.9995332924976265,
      0.9995407782441174,
      0.9995974971694521
    ],
    "learning_rate": [
      0.001,
      0.001,
      0.001,
      0.001,
      0.001,
      0.001,
      0.001,
      0.001
    ]
  },
  "metadata": {
    "layer": 58,
    "num_assistant_tokens": 35038,
    "hidden_size": 8192,
    "label_distribution": [
      29014,
      6024
    ],
    "training_history": {
      "train_loss": [
        0.09067667848069101,
        0.032687565943302764,
        0.024109360051753858,
        0.020650514983040488,
        0.018760650307067656,
        0.017560793167686082,
        0.01679446592025425,
        0.016165829431605803
      ],
      "train_accuracy": [
        0.9696396717802355,
        0.9931858722797003,
        0.9964323938637174,
        0.9974669996432394,
        0.9979307884409562,
        0.9982518729932216,
        0.9986799857295755,
        0.9987156617909383
      ],
      "val_loss": [
        0.046122195503928445,
        0.034713944521817294,
        0.031464853069999,
        0.029494029825383968,
        0.029220767454667524,
        0.028963784738020464,
        0.02845776297829368,
        0.028143033114346593
      ],
      "val_accuracy": [
        0.985445205479452,
        0.9911529680365296,
        0.9920091324200914,
        0.9931506849315068,
        0.992865296803653,
        0.9924372146118722,
        0.992865296803653,
        0.992722602739726
      ],
      "val_f1": [
        0.9558441558441558,
        0.9735720375106565,
        0.9762107051826678,
        0.979557069846678,
        0.9787414965986394,
        0.9774946921443737,
        0.9787234042553191,
        0.9783071033602723
      ],
      "val_auroc": [
        0.9990346985943351,
        0.9994793087488942,
        0.9995137143914196,
        0.9996116049224542,
        0.9995731684933569,
        0.9995332924976265,
        0.9995407782441174,
        0.9995974971694521
      ],
      "learning_rate": [
        0.001,
        0.001,
        0.001,
        0.001,
        0.001,
        0.001,
        0.001,
        0.001
      ]
    },
    "final_metrics": {
      "loss": 0.028143033114346593,
      "accuracy": 0.992722602739726,
      "precision": 0.9948096885813149,
      "recall": 0.9623430962343096,
      "f1": 0.9783071033602723,
      "auroc": 0.9995974971694521
    },
    "best_val_f1": 0.979557069846678,
    "training_time": 8.553365468978882,
    "num_parameters": 8193
  },
  "config": {
    "dataset_path": "data/NTML-datasets/4T1L_500samples.jsonl",
    "max_length": 312,
    "model_name": "meta-llama/Llama-3.3-70B-Instruct",
    "hook_point": "blocks.58.hook_resid_pre",
    "hook_layer": 58,
    "device": "cuda",
    "dtype": "bfloat16",
    "batch_size": 32,
    "learning_rate": 0.001,
    "num_epochs": 8,
    "weight_decay": 0.001,
    "train_ratio": 0.8,
    "handle_class_imbalance": true,
    "optimizer_type": "AdamW",
    "scheduler_type": "cosine",
    "warmup_ratio": 0.1,
    "gradient_clip_norm": 1.0,
    "cache_dir": "./cache/ntml_binary/meta_llama_Llama_3.3_70B_Instruct_4T1L_500samples",
    "activation_batch_size": 4,
    "force_recache": false,
    "output_dir": "./ntml_4T1L_500samples_pytorch_llama70b",
    "probe_name": "ntml_binary_4T1L_500samples_layer_58",
    "save_checkpoints": true,
    "checkpoint_every": 5,
    "verbose": true,
    "log_every": 10,
    "eval_every": 1,
    "ignore_system_tokens": true,
    "ignore_user_tokens": true,
    "min_tokens_per_statement": 1,
    "token_overlap_strategy": "majority",
    "probe_method": "pytorch",
    "sklearn_C": 1.0,
    "sklearn_C_sweep": false,
    "sklearn_C_values": [
      0.0001,
      0.001,
      0.01,
      0.1,
      1.0,
      10.0,
      100.0,
      1000.0,
      10000.0
    ],
    "sklearn_solver": "liblinear",
    "sklearn_max_iter": 1000,
    "pytorch_bias": true,
    "pytorch_normalize_weights": true
  }
}