{
  "loss": 0.20338325066999954,
  "accuracy": 0.9149543378995434,
  "precision": 0.9707241910631741,
  "recall": 0.5219552609776305,
  "f1": 0.6788793103448276,
  "auroc": 0.9760460406863541
}