{
  "loss": 0.030005429007790307,
  "accuracy": 0.9875856164383562,
  "precision": 0.989492119089317,
  "recall": 0.9377593360995851,
  "f1": 0.9629314017895185,
  "auroc": 0.9994332592313462
}