{
  "model_type": "pytorch_interpretability_probe",
  "training_history": {
    "train_loss": [
      0.10571916375870574,
      0.04994888314828447,
      0.04082878285670253,
      0.03693452687534295,
      0.03473103394918994,
      0.0333025750159775,
      0.032474704567325985,
      0.03183316048787541
    ],
    "train_accuracy": [
      0.9648590795576168,
      0.9858722797003211,
      0.9896896182661434,
      0.9909739564752051,
      0.9923653228683553,
      0.9928647877274349,
      0.9931501962183374,
      0.9936853371387799
    ],
    "val_loss": [
      0.05834477164528586,
      0.04654340310530229,
      0.04219706708734686,
      0.03985846692865545,
      0.03888817266984419,
      0.03795828385786577,
      0.037457786906849255,
      0.0369738752191717
    ],
    "val_accuracy": [
      0.9837328767123288,
      0.9888698630136986,
      0.988156392694064,
      0.9895833333333334,
      0.990154109589041,
      0.9900114155251142,
      0.990296803652968,
      0.990154109589041
    ],
    "val_f1": [
      0.950477845351868,
      0.9665809768637532,
      0.9643623872906827,
      0.9688167449807774,
      0.9705756929637527,
      0.9701365187713311,
      0.9709897610921502,
      0.970550576184379
    ],
    "val_auroc": [
      0.9979314147269106,
      0.9989749565790714,
      0.9992610704473525,
      0.9994036595223373,
      0.9994571394227482,
      0.9994671444108465,
      0.9994966555268202,
      0.999516665503017
    ],
    "learning_rate": [
      0.001,
      0.001,
      0.001,
      0.001,
      0.001,
      0.001,
      0.001,
      0.001
    ]
  },
  "metadata": {
    "layer": 31,
    "num_assistant_tokens": 35038,
    "hidden_size": 8192,
    "label_distribution": [
      29014,
      6024
    ],
    "training_history": {
      "train_loss": [
        0.10571916375870574,
        0.04994888314828447,
        0.04082878285670253,
        0.03693452687534295,
        0.03473103394918994,
        0.0333025750159775,
        0.032474704567325985,
        0.03183316048787541
      ],
      "train_accuracy": [
        0.9648590795576168,
        0.9858722797003211,
        0.9896896182661434,
        0.9909739564752051,
        0.9923653228683553,
        0.9928647877274349,
        0.9931501962183374,
        0.9936853371387799
      ],
      "val_loss": [
        0.05834477164528586,
        0.04654340310530229,
        0.04219706708734686,
        0.03985846692865545,
        0.03888817266984419,
        0.03795828385786577,
        0.037457786906849255,
        0.0369738752191717
      ],
      "val_accuracy": [
        0.9837328767123288,
        0.9888698630136986,
        0.988156392694064,
        0.9895833333333334,
        0.990154109589041,
        0.9900114155251142,
        0.990296803652968,
        0.990154109589041
      ],
      "val_f1": [
        0.950477845351868,
        0.9665809768637532,
        0.9643623872906827,
        0.9688167449807774,
        0.9705756929637527,
        0.9701365187713311,
        0.9709897610921502,
        0.970550576184379
      ],
      "val_auroc": [
        0.9979314147269106,
        0.9989749565790714,
        0.9992610704473525,
        0.9994036595223373,
        0.9994571394227482,
        0.9994671444108465,
        0.9994966555268202,
        0.999516665503017
      ],
      "learning_rate": [
        0.001,
        0.001,
        0.001,
        0.001,
        0.001,
        0.001,
        0.001,
        0.001
      ]
    },
    "final_metrics": {
      "loss": 0.0369738752191717,
      "accuracy": 0.990154109589041,
      "precision": 0.990418118466899,
      "recall": 0.9514644351464435,
      "f1": 0.970550576184379,
      "auroc": 0.999516665503017
    },
    "best_val_f1": 0.9709897610921502,
    "training_time": 8.184996366500854,
    "num_parameters": 8193
  },
  "config": {
    "dataset_path": "data/NTML-datasets/4T1L_500samples.jsonl",
    "max_length": 312,
    "model_name": "meta-llama/Llama-3.3-70B-Instruct",
    "hook_point": "blocks.31.hook_resid_pre",
    "hook_layer": 31,
    "device": "cuda",
    "dtype": "bfloat16",
    "batch_size": 32,
    "learning_rate": 0.001,
    "num_epochs": 8,
    "weight_decay": 0.001,
    "train_ratio": 0.8,
    "handle_class_imbalance": true,
    "optimizer_type": "AdamW",
    "scheduler_type": "cosine",
    "warmup_ratio": 0.1,
    "gradient_clip_norm": 1.0,
    "cache_dir": "./cache/ntml_binary/meta_llama_Llama_3.3_70B_Instruct_4T1L_500samples",
    "activation_batch_size": 4,
    "force_recache": false,
    "output_dir": "./ntml_4T1L_500samples_pytorch_llama70b",
    "probe_name": "ntml_binary_4T1L_500samples_layer_31",
    "save_checkpoints": true,
    "checkpoint_every": 5,
    "verbose": true,
    "log_every": 10,
    "eval_every": 1,
    "ignore_system_tokens": true,
    "ignore_user_tokens": true,
    "min_tokens_per_statement": 1,
    "token_overlap_strategy": "majority",
    "probe_method": "pytorch",
    "sklearn_C": 1.0,
    "sklearn_C_sweep": false,
    "sklearn_C_values": [
      0.0001,
      0.001,
      0.01,
      0.1,
      1.0,
      10.0,
      100.0,
      1000.0,
      10000.0
    ],
    "sklearn_solver": "liblinear",
    "sklearn_max_iter": 1000,
    "pytorch_bias": true,
    "pytorch_normalize_weights": true
  }
}