{
  "model_type": "pytorch_interpretability_probe",
  "training_history": {
    "train_loss": [
      0.07404105256887825,
      0.018898195309615503,
      0.011604628679167148,
      0.009348912580793544,
      0.00814866250355358,
      0.0075948737709481086,
      0.007149569992163138,
      0.006946655896122325
    ],
    "train_accuracy": [
      0.9741705315733143,
      0.9964680699250803,
      0.9986799857295755,
      0.9994648590795576,
      0.9996789154477346,
      0.9998216196931858,
      0.9998929718159115,
      0.9999286478772743
    ],
    "val_loss": [
      0.0375281420621005,
      0.030515228618275037,
      0.027699726278131657,
      0.026056020910089666,
      0.027220444245771927,
      0.02652416554364291,
      0.025438737869262696,
      0.025311149250377307
    ],
    "val_accuracy": [
      0.9867294520547946,
      0.9888698630136986,
      0.9900114155251142,
      0.990582191780822,
      0.990154109589041,
      0.990439497716895,
      0.9908675799086758,
      0.9910102739726028
    ],
    "val_f1": [
      0.959931064196467,
      0.9665523156089194,
      0.9702633814783348,
      0.9718909710391823,
      0.9705002137665669,
      0.9714041826717883,
      0.9727659574468085,
      0.9732711073398388
    ],
    "val_auroc": [
      0.9987963372816993,
      0.999130077842168,
      0.9991546292019616,
      0.9993320881534521,
      0.9993080393068706,
      0.9992928203353026,
      0.999297342954212,
      0.9992885848668003
    ],
    "learning_rate": [
      0.001,
      0.001,
      0.001,
      0.001,
      0.001,
      0.001,
      0.001,
      0.001
    ]
  },
  "metadata": {
    "layer": 77,
    "num_assistant_tokens": 35038,
    "hidden_size": 8192,
    "label_distribution": [
      29014,
      6024
    ],
    "training_history": {
      "train_loss": [
        0.07404105256887825,
        0.018898195309615503,
        0.011604628679167148,
        0.009348912580793544,
        0.00814866250355358,
        0.0075948737709481086,
        0.007149569992163138,
        0.006946655896122325
      ],
      "train_accuracy": [
        0.9741705315733143,
        0.9964680699250803,
        0.9986799857295755,
        0.9994648590795576,
        0.9996789154477346,
        0.9998216196931858,
        0.9998929718159115,
        0.9999286478772743
      ],
      "val_loss": [
        0.0375281420621005,
        0.030515228618275037,
        0.027699726278131657,
        0.026056020910089666,
        0.027220444245771927,
        0.02652416554364291,
        0.025438737869262696,
        0.025311149250377307
      ],
      "val_accuracy": [
        0.9867294520547946,
        0.9888698630136986,
        0.9900114155251142,
        0.990582191780822,
        0.990154109589041,
        0.990439497716895,
        0.9908675799086758,
        0.9910102739726028
      ],
      "val_f1": [
        0.959931064196467,
        0.9665523156089194,
        0.9702633814783348,
        0.9718909710391823,
        0.9705002137665669,
        0.9714041826717883,
        0.9727659574468085,
        0.9732711073398388
      ],
      "val_auroc": [
        0.9987963372816993,
        0.999130077842168,
        0.9991546292019616,
        0.9993320881534521,
        0.9993080393068706,
        0.9992928203353026,
        0.999297342954212,
        0.9992885848668003
      ],
      "learning_rate": [
        0.001,
        0.001,
        0.001,
        0.001,
        0.001,
        0.001,
        0.001,
        0.001
      ]
    },
    "final_metrics": {
      "loss": 0.025311149250377307,
      "accuracy": 0.9910102739726028,
      "precision": 0.9905008635578584,
      "recall": 0.9566305254378649,
      "f1": 0.9732711073398388,
      "auroc": 0.9992885848668003
    },
    "best_val_f1": 0.9732711073398388,
    "training_time": 8.32576847076416,
    "num_parameters": 8193
  },
  "config": {
    "dataset_path": "data/NTML-datasets/4T1L_500samples.jsonl",
    "max_length": 312,
    "model_name": "meta-llama/Llama-3.3-70B-Instruct",
    "hook_point": "blocks.77.hook_resid_pre",
    "hook_layer": 77,
    "device": "cuda",
    "dtype": "bfloat16",
    "batch_size": 32,
    "learning_rate": 0.001,
    "num_epochs": 8,
    "weight_decay": 0.001,
    "train_ratio": 0.8,
    "handle_class_imbalance": true,
    "optimizer_type": "AdamW",
    "scheduler_type": "cosine",
    "warmup_ratio": 0.1,
    "gradient_clip_norm": 1.0,
    "cache_dir": "./cache/ntml_binary/meta_llama_Llama_3.3_70B_Instruct_4T1L_500samples",
    "activation_batch_size": 4,
    "force_recache": false,
    "output_dir": "./ntml_4T1L_500samples_pytorch_llama70b",
    "probe_name": "ntml_binary_4T1L_500samples_layer_77",
    "save_checkpoints": true,
    "checkpoint_every": 5,
    "verbose": true,
    "log_every": 10,
    "eval_every": 1,
    "ignore_system_tokens": true,
    "ignore_user_tokens": true,
    "min_tokens_per_statement": 1,
    "token_overlap_strategy": "majority",
    "probe_method": "pytorch",
    "sklearn_C": 1.0,
    "sklearn_C_sweep": false,
    "sklearn_C_values": [
      0.0001,
      0.001,
      0.01,
      0.1,
      1.0,
      10.0,
      100.0,
      1000.0,
      10000.0
    ],
    "sklearn_solver": "liblinear",
    "sklearn_max_iter": 1000,
    "pytorch_bias": true,
    "pytorch_normalize_weights": true
  }
}