{
  "model_type": "pytorch_interpretability_probe",
  "training_history": {
    "train_loss": [
      0.09185005724004823,
      0.031143320537253057,
      0.022355537019567946,
      0.01908084590596117,
      0.017343277983435487,
      0.016287272162395252,
      0.015587769397725798,
      0.014988725987947695
    ],
    "train_accuracy": [
      0.9679985729575454,
      0.9934356047092401,
      0.9965750981091688,
      0.9976453799500535,
      0.9983232251159472,
      0.9987513378523011,
      0.9988583660363896,
      0.998965394220478
    ],
    "val_loss": [
      0.047705338217995386,
      0.0379166993227872,
      0.03498163277452642,
      0.03324392058632591,
      0.032401264797557484,
      0.03143222982233221,
      0.031825587966225366,
      0.031822195920077234
    ],
    "val_accuracy": [
      0.9853025114155252,
      0.9885844748858448,
      0.98787100456621,
      0.9898687214611872,
      0.9895833333333334,
      0.990439497716895,
      0.9895833333333334,
      0.9895833333333334
    ],
    "val_f1": [
      0.9567771716323962,
      0.9667497921862012,
      0.9640591966173362,
      0.9700800674252001,
      0.9692113032475749,
      0.9718605627887442,
      0.9692372524230931,
      0.9692890197728229
    ],
    "val_auroc": [
      0.9984315539046345,
      0.9988742621824694,
      0.9990232997252964,
      0.999099807558292,
      0.9990959004730415,
      0.9991532280693529,
      0.9991041408710243,
      0.9991143703305891
    ],
    "learning_rate": [
      0.001,
      0.001,
      0.001,
      0.001,
      0.001,
      0.001,
      0.001,
      0.001
    ]
  },
  "metadata": {
    "layer": 66,
    "num_assistant_tokens": 35038,
    "hidden_size": 8192,
    "label_distribution": [
      29014,
      6024
    ],
    "training_history": {
      "train_loss": [
        0.09185005724004823,
        0.031143320537253057,
        0.022355537019567946,
        0.01908084590596117,
        0.017343277983435487,
        0.016287272162395252,
        0.015587769397725798,
        0.014988725987947695
      ],
      "train_accuracy": [
        0.9679985729575454,
        0.9934356047092401,
        0.9965750981091688,
        0.9976453799500535,
        0.9983232251159472,
        0.9987513378523011,
        0.9988583660363896,
        0.998965394220478
      ],
      "val_loss": [
        0.047705338217995386,
        0.0379166993227872,
        0.03498163277452642,
        0.03324392058632591,
        0.032401264797557484,
        0.03143222982233221,
        0.031825587966225366,
        0.031822195920077234
      ],
      "val_accuracy": [
        0.9853025114155252,
        0.9885844748858448,
        0.98787100456621,
        0.9898687214611872,
        0.9895833333333334,
        0.990439497716895,
        0.9895833333333334,
        0.9895833333333334
      ],
      "val_f1": [
        0.9567771716323962,
        0.9667497921862012,
        0.9640591966173362,
        0.9700800674252001,
        0.9692113032475749,
        0.9718605627887442,
        0.9692372524230931,
        0.9692890197728229
      ],
      "val_auroc": [
        0.9984315539046345,
        0.9988742621824694,
        0.9990232997252964,
        0.999099807558292,
        0.9990959004730415,
        0.9991532280693529,
        0.9991041408710243,
        0.9991143703305891
      ],
      "learning_rate": [
        0.001,
        0.001,
        0.001,
        0.001,
        0.001,
        0.001,
        0.001,
        0.001
      ]
    },
    "final_metrics": {
      "loss": 0.031822195920077234,
      "accuracy": 0.9895833333333334,
      "precision": 0.9913941480206541,
      "recall": 0.9481481481481482,
      "f1": 0.9692890197728229,
      "auroc": 0.9991143703305891
    },
    "best_val_f1": 0.9718605627887442,
    "training_time": 8.5116446018219,
    "num_parameters": 8193
  },
  "config": {
    "dataset_path": "data/NTML-datasets/4T1L_500samples.jsonl",
    "max_length": 312,
    "model_name": "meta-llama/Llama-3.3-70B-Instruct",
    "hook_point": "blocks.66.hook_resid_pre",
    "hook_layer": 66,
    "device": "cuda",
    "dtype": "bfloat16",
    "batch_size": 32,
    "learning_rate": 0.001,
    "num_epochs": 8,
    "weight_decay": 0.001,
    "train_ratio": 0.8,
    "handle_class_imbalance": true,
    "optimizer_type": "AdamW",
    "scheduler_type": "cosine",
    "warmup_ratio": 0.1,
    "gradient_clip_norm": 1.0,
    "cache_dir": "./cache/ntml_binary/meta_llama_Llama_3.3_70B_Instruct_4T1L_500samples",
    "activation_batch_size": 4,
    "force_recache": false,
    "output_dir": "./ntml_4T1L_500samples_pytorch_llama70b",
    "probe_name": "ntml_binary_4T1L_500samples_layer_66",
    "save_checkpoints": true,
    "checkpoint_every": 5,
    "verbose": true,
    "log_every": 10,
    "eval_every": 1,
    "ignore_system_tokens": true,
    "ignore_user_tokens": true,
    "min_tokens_per_statement": 1,
    "token_overlap_strategy": "majority",
    "probe_method": "pytorch",
    "sklearn_C": 1.0,
    "sklearn_C_sweep": false,
    "sklearn_C_values": [
      0.0001,
      0.001,
      0.01,
      0.1,
      1.0,
      10.0,
      100.0,
      1000.0,
      10000.0
    ],
    "sklearn_solver": "liblinear",
    "sklearn_max_iter": 1000,
    "pytorch_bias": true,
    "pytorch_normalize_weights": true
  }
}