{
  "model_type": "pytorch_interpretability_probe",
  "training_history": {
    "train_loss": [
      0.2171388856011983,
      0.13229840104234272,
      0.11473549750195519,
      0.10745550193675033,
      0.1033656005683827,
      0.10093747964766744,
      0.09923529997467995,
      0.09826951176268325
    ],
    "train_accuracy": [
      0.9138779878701392,
      0.9575454869782376,
      0.9668926150552979,
      0.9698537281484124,
      0.971780235462005,
      0.972814841241527,
      0.9735640385301463,
      0.9742062076346771
    ],
    "val_loss": [
      0.15338672724637117,
      0.1288521116430109,
      0.12150089524009011,
      0.11786694093184037,
      0.11486372947692872,
      0.11322128989479759,
      0.11244438378648325,
      0.11149748672138561
    ],
    "val_accuracy": [
      0.9474885844748858,
      0.9609018264840182,
      0.9597602739726028,
      0.9624714611872146,
      0.9677511415525114,
      0.9668949771689498,
      0.9660388127853882,
      0.966466894977169
    ],
    "val_f1": [
      0.8232468780019212,
      0.8740808823529411,
      0.8690807799442897,
      0.879080459770115,
      0.8982898289828983,
      0.8950226244343892,
      0.8918181818181818,
      0.8934240362811792
    ],
    "val_auroc": [
      0.9859723119775482,
      0.9919544257863295,
      0.9926419591503377,
      0.9927257679618628,
      0.9935158936349322,
      0.9939864847716737,
      0.9939152221894189,
      0.9941500159086187
    ],
    "learning_rate": [
      0.001,
      0.001,
      0.001,
      0.001,
      0.001,
      0.001,
      0.001,
      0.001
    ]
  },
  "metadata": {
    "layer": 25,
    "num_assistant_tokens": 35038,
    "hidden_size": 8192,
    "label_distribution": [
      29014,
      6024
    ],
    "training_history": {
      "train_loss": [
        0.2171388856011983,
        0.13229840104234272,
        0.11473549750195519,
        0.10745550193675033,
        0.1033656005683827,
        0.10093747964766744,
        0.09923529997467995,
        0.09826951176268325
      ],
      "train_accuracy": [
        0.9138779878701392,
        0.9575454869782376,
        0.9668926150552979,
        0.9698537281484124,
        0.971780235462005,
        0.972814841241527,
        0.9735640385301463,
        0.9742062076346771
      ],
      "val_loss": [
        0.15338672724637117,
        0.1288521116430109,
        0.12150089524009011,
        0.11786694093184037,
        0.11486372947692872,
        0.11322128989479759,
        0.11244438378648325,
        0.11149748672138561
      ],
      "val_accuracy": [
        0.9474885844748858,
        0.9609018264840182,
        0.9597602739726028,
        0.9624714611872146,
        0.9677511415525114,
        0.9668949771689498,
        0.9660388127853882,
        0.966466894977169
      ],
      "val_f1": [
        0.8232468780019212,
        0.8740808823529411,
        0.8690807799442897,
        0.879080459770115,
        0.8982898289828983,
        0.8950226244343892,
        0.8918181818181818,
        0.8934240362811792
      ],
      "val_auroc": [
        0.9859723119775482,
        0.9919544257863295,
        0.9926419591503377,
        0.9927257679618628,
        0.9935158936349322,
        0.9939864847716737,
        0.9939152221894189,
        0.9941500159086187
      ],
      "learning_rate": [
        0.001,
        0.001,
        0.001,
        0.001,
        0.001,
        0.001,
        0.001,
        0.001
      ]
    },
    "final_metrics": {
      "loss": 0.11149748672138561,
      "accuracy": 0.966466894977169,
      "precision": 0.9810756972111554,
      "recall": 0.8201498751040799,
      "f1": 0.8934240362811792,
      "auroc": 0.9941500159086187
    },
    "best_val_f1": 0.8982898289828983,
    "training_time": 8.03633427619934,
    "num_parameters": 8193
  },
  "config": {
    "dataset_path": "data/NTML-datasets/4T1L_500samples.jsonl",
    "max_length": 312,
    "model_name": "meta-llama/Llama-3.3-70B-Instruct",
    "hook_point": "blocks.25.hook_resid_pre",
    "hook_layer": 25,
    "device": "cuda",
    "dtype": "bfloat16",
    "batch_size": 32,
    "learning_rate": 0.001,
    "num_epochs": 8,
    "weight_decay": 0.001,
    "train_ratio": 0.8,
    "handle_class_imbalance": true,
    "optimizer_type": "AdamW",
    "scheduler_type": "cosine",
    "warmup_ratio": 0.1,
    "gradient_clip_norm": 1.0,
    "cache_dir": "./cache/ntml_binary/meta_llama_Llama_3.3_70B_Instruct_4T1L_500samples",
    "activation_batch_size": 4,
    "force_recache": false,
    "output_dir": "./ntml_4T1L_500samples_pytorch_llama70b",
    "probe_name": "ntml_binary_4T1L_500samples_layer_25",
    "save_checkpoints": true,
    "checkpoint_every": 5,
    "verbose": true,
    "log_every": 10,
    "eval_every": 1,
    "ignore_system_tokens": true,
    "ignore_user_tokens": true,
    "min_tokens_per_statement": 1,
    "token_overlap_strategy": "majority",
    "probe_method": "pytorch",
    "sklearn_C": 1.0,
    "sklearn_C_sweep": false,
    "sklearn_C_values": [
      0.0001,
      0.001,
      0.01,
      0.1,
      1.0,
      10.0,
      100.0,
      1000.0,
      10000.0
    ],
    "sklearn_solver": "liblinear",
    "sklearn_max_iter": 1000,
    "pytorch_bias": true,
    "pytorch_normalize_weights": true
  }
}