{
  "loss": 0.027981597726995294,
  "accuracy": 0.9911529680365296,
  "precision": 0.9906303236797275,
  "recall": 0.9579901153212521,
  "f1": 0.974036850921273,
  "auroc": 0.9996588671232355
}