{
  "loss": 0.030147201364690606,
  "accuracy": 0.990582191780822,
  "precision": 0.9887834339948232,
  "recall": 0.9557964970809008,
  "f1": 0.9720101781170484,
  "auroc": 0.9995897338560811
}