{
  "model_type": "pytorch_interpretability_probe",
  "training_history": {
    "train_loss": [
      0.0796321361074777,
      0.02028279834465213,
      0.012001904033838886,
      0.009472041515225214,
      0.008387415086187115,
      0.0075982894352956175,
      0.007271390055842085,
      0.007031633284742429
    ],
    "train_accuracy": [
      0.9706029254370317,
      0.995718872636461,
      0.9984302533000357,
      0.9995005351409204,
      0.9995718872636461,
      0.9998216196931858,
      0.9998216196931858,
      0.9999286478772743
    ],
    "val_loss": [
      0.03821325735612349,
      0.028890837322581898,
      0.03021946820345792,
      0.02785342823375355,
      0.026424781842665238,
      0.0266473726792769,
      0.026312611319802025,
      0.02708301544189453
    ],
    "val_accuracy": [
      0.9884417808219178,
      0.990439497716895,
      0.988156392694064,
      0.9897260273972602,
      0.9907248858447488,
      0.990154109589041,
      0.990154109589041,
      0.9897260273972602
    ],
    "val_f1": [
      0.9668168783285539,
      0.9725522326915199,
      0.9657731958762886,
      0.9704433497536946,
      0.9733933688088416,
      0.9716864997948297,
      0.9717560376586164,
      0.9704433497536946
    ],
    "val_auroc": [
      0.9986785982849531,
      0.9991777325053386,
      0.9992476029284773,
      0.9992650356687813,
      0.9993111278341451,
      0.9993256318740782,
      0.9992929977842289,
      0.99925750472497
    ],
    "learning_rate": [
      0.001,
      0.001,
      0.001,
      0.001,
      0.001,
      0.001,
      0.001,
      0.001
    ]
  },
  "metadata": {
    "layer": 78,
    "num_assistant_tokens": 35038,
    "hidden_size": 8192,
    "label_distribution": [
      29014,
      6024
    ],
    "training_history": {
      "train_loss": [
        0.0796321361074777,
        0.02028279834465213,
        0.012001904033838886,
        0.009472041515225214,
        0.008387415086187115,
        0.0075982894352956175,
        0.007271390055842085,
        0.007031633284742429
      ],
      "train_accuracy": [
        0.9706029254370317,
        0.995718872636461,
        0.9984302533000357,
        0.9995005351409204,
        0.9995718872636461,
        0.9998216196931858,
        0.9998216196931858,
        0.9999286478772743
      ],
      "val_loss": [
        0.03821325735612349,
        0.028890837322581898,
        0.03021946820345792,
        0.02785342823375355,
        0.026424781842665238,
        0.0266473726792769,
        0.026312611319802025,
        0.02708301544189453
      ],
      "val_accuracy": [
        0.9884417808219178,
        0.990439497716895,
        0.988156392694064,
        0.9897260273972602,
        0.9907248858447488,
        0.990154109589041,
        0.990154109589041,
        0.9897260273972602
      ],
      "val_f1": [
        0.9668168783285539,
        0.9725522326915199,
        0.9657731958762886,
        0.9704433497536946,
        0.9733933688088416,
        0.9716864997948297,
        0.9717560376586164,
        0.9704433497536946
      ],
      "val_auroc": [
        0.9986785982849531,
        0.9991777325053386,
        0.9992476029284773,
        0.9992650356687813,
        0.9993111278341451,
        0.9993256318740782,
        0.9992929977842289,
        0.99925750472497
      ],
      "learning_rate": [
        0.001,
        0.001,
        0.001,
        0.001,
        0.001,
        0.001,
        0.001,
        0.001
      ]
    },
    "final_metrics": {
      "loss": 0.02708301544189453,
      "accuracy": 0.9897260273972602,
      "precision": 0.9916107382550335,
      "recall": 0.9501607717041801,
      "f1": 0.9704433497536946,
      "auroc": 0.99925750472497
    },
    "best_val_f1": 0.9733933688088416,
    "training_time": 8.358887434005737,
    "num_parameters": 8193
  },
  "config": {
    "dataset_path": "data/NTML-datasets/4T1L_500samples.jsonl",
    "max_length": 312,
    "model_name": "meta-llama/Llama-3.3-70B-Instruct",
    "hook_point": "blocks.78.hook_resid_pre",
    "hook_layer": 78,
    "device": "cuda",
    "dtype": "bfloat16",
    "batch_size": 32,
    "learning_rate": 0.001,
    "num_epochs": 8,
    "weight_decay": 0.001,
    "train_ratio": 0.8,
    "handle_class_imbalance": true,
    "optimizer_type": "AdamW",
    "scheduler_type": "cosine",
    "warmup_ratio": 0.1,
    "gradient_clip_norm": 1.0,
    "cache_dir": "./cache/ntml_binary/meta_llama_Llama_3.3_70B_Instruct_4T1L_500samples",
    "activation_batch_size": 4,
    "force_recache": false,
    "output_dir": "./ntml_4T1L_500samples_pytorch_llama70b",
    "probe_name": "ntml_binary_4T1L_500samples_layer_78",
    "save_checkpoints": true,
    "checkpoint_every": 5,
    "verbose": true,
    "log_every": 10,
    "eval_every": 1,
    "ignore_system_tokens": true,
    "ignore_user_tokens": true,
    "min_tokens_per_statement": 1,
    "token_overlap_strategy": "majority",
    "probe_method": "pytorch",
    "sklearn_C": 1.0,
    "sklearn_C_sweep": false,
    "sklearn_C_values": [
      0.0001,
      0.001,
      0.01,
      0.1,
      1.0,
      10.0,
      100.0,
      1000.0,
      10000.0
    ],
    "sklearn_solver": "liblinear",
    "sklearn_max_iter": 1000,
    "pytorch_bias": true,
    "pytorch_normalize_weights": true
  }
}