{
  "loss": 0.11545391082763672,
  "accuracy": 0.9631849315068494,
  "precision": 0.972972972972973,
  "recall": 0.8079800498753117,
  "f1": 0.8828337874659401,
  "auroc": 0.9931378129468176
}