{
  "model_type": "pytorch_interpretability_probe",
  "training_history": {
    "train_loss": [
      0.4643074107020413,
      0.4360835413750448,
      0.43230751946092194,
      0.4303187946682651,
      0.4290098582296611,
      0.42832628076207147,
      0.427815320931341,
      0.4274602010505929
    ],
    "train_accuracy": [
      0.8272565108811987,
      0.8272565108811987,
      0.8272565108811987,
      0.8272565108811987,
      0.8272565108811987,
      0.8272565108811987,
      0.8272565108811987,
      0.8272565108811987
    ],
    "val_loss": [
      0.43182823874733667,
      0.42765520269220525,
      0.4264828768643466,
      0.4252547524192116,
      0.42511055686257104,
      0.42492568276145243,
      0.4247901916503906,
      0.4247552351518111
    ],
    "val_accuracy": [
      0.8313356164383562,
      0.8313356164383562,
      0.8313356164383562,
      0.8313356164383562,
      0.8313356164383562,
      0.8313356164383562,
      0.8313356164383562,
      0.8313356164383562
    ],
    "val_f1": [
      0.0,
      0.0,
      0.0,
      0.0,
      0.0,
      0.0,
      0.0,
      0.0
    ],
    "val_auroc": [
      0.627676969393866,
      0.6330982154215045,
      0.6349347519114676,
      0.6365058350367075,
      0.6367914733126431,
      0.6369607942225266,
      0.6378124813035445,
      0.6380118617574639
    ],
    "learning_rate": [
      0.001,
      0.001,
      0.001,
      0.001,
      0.001,
      0.001,
      0.001,
      0.001
    ]
  },
  "metadata": {
    "layer": 2,
    "num_assistant_tokens": 35038,
    "hidden_size": 8192,
    "label_distribution": [
      29014,
      6024
    ],
    "training_history": {
      "train_loss": [
        0.4643074107020413,
        0.4360835413750448,
        0.43230751946092194,
        0.4303187946682651,
        0.4290098582296611,
        0.42832628076207147,
        0.427815320931341,
        0.4274602010505929
      ],
      "train_accuracy": [
        0.8272565108811987,
        0.8272565108811987,
        0.8272565108811987,
        0.8272565108811987,
        0.8272565108811987,
        0.8272565108811987,
        0.8272565108811987,
        0.8272565108811987
      ],
      "val_loss": [
        0.43182823874733667,
        0.42765520269220525,
        0.4264828768643466,
        0.4252547524192116,
        0.42511055686257104,
        0.42492568276145243,
        0.4247901916503906,
        0.4247552351518111
      ],
      "val_accuracy": [
        0.8313356164383562,
        0.8313356164383562,
        0.8313356164383562,
        0.8313356164383562,
        0.8313356164383562,
        0.8313356164383562,
        0.8313356164383562,
        0.8313356164383562
      ],
      "val_f1": [
        0.0,
        0.0,
        0.0,
        0.0,
        0.0,
        0.0,
        0.0,
        0.0
      ],
      "val_auroc": [
        0.627676969393866,
        0.6330982154215045,
        0.6349347519114676,
        0.6365058350367075,
        0.6367914733126431,
        0.6369607942225266,
        0.6378124813035445,
        0.6380118617574639
      ],
      "learning_rate": [
        0.001,
        0.001,
        0.001,
        0.001,
        0.001,
        0.001,
        0.001,
        0.001
      ]
    },
    "final_metrics": {
      "loss": 0.4247552351518111,
      "accuracy": 0.8313356164383562,
      "precision": 0.0,
      "recall": 0.0,
      "f1": 0.0,
      "auroc": 0.6380118617574639
    },
    "best_val_f1": 0.0,
    "training_time": 8.59725546836853,
    "num_parameters": 8193
  },
  "config": {
    "dataset_path": "data/NTML-datasets/4T1L_500samples.jsonl",
    "max_length": 312,
    "model_name": "meta-llama/Llama-3.3-70B-Instruct",
    "hook_point": "blocks.2.hook_resid_pre",
    "hook_layer": 2,
    "device": "cuda",
    "dtype": "bfloat16",
    "batch_size": 32,
    "learning_rate": 0.001,
    "num_epochs": 8,
    "weight_decay": 0.001,
    "train_ratio": 0.8,
    "handle_class_imbalance": true,
    "optimizer_type": "AdamW",
    "scheduler_type": "cosine",
    "warmup_ratio": 0.1,
    "gradient_clip_norm": 1.0,
    "cache_dir": "./cache/ntml_binary/meta_llama_Llama_3.3_70B_Instruct_4T1L_500samples",
    "activation_batch_size": 4,
    "force_recache": false,
    "output_dir": "./ntml_4T1L_500samples_pytorch_llama70b",
    "probe_name": "ntml_binary_4T1L_500samples_layer_2",
    "save_checkpoints": true,
    "checkpoint_every": 5,
    "verbose": true,
    "log_every": 10,
    "eval_every": 1,
    "ignore_system_tokens": true,
    "ignore_user_tokens": true,
    "min_tokens_per_statement": 1,
    "token_overlap_strategy": "majority",
    "probe_method": "pytorch",
    "sklearn_C": 1.0,
    "sklearn_C_sweep": false,
    "sklearn_C_values": [
      0.0001,
      0.001,
      0.01,
      0.1,
      1.0,
      10.0,
      100.0,
      1000.0,
      10000.0
    ],
    "sklearn_solver": "liblinear",
    "sklearn_max_iter": 1000,
    "pytorch_bias": true,
    "pytorch_normalize_weights": true
  }
}