{
  "loss": 0.029233525016091087,
  "accuracy": 0.99300799086758,
  "precision": 0.995819397993311,
  "recall": 0.9643724696356275,
  "f1": 0.9798436857260386,
  "auroc": 0.9997670995300615
}