{
  "model_type": "pytorch_interpretability_probe",
  "training_history": {
    "train_loss": [
      0.07328483768096661,
      0.029132081965435312,
      0.02319460014969995,
      0.020493984660431404,
      0.01899807500444591,
      0.01806791166224215,
      0.017472337842089673,
      0.01706893545720029
    ],
    "train_accuracy": [
      0.9763467713164466,
      0.9927220834819835,
      0.9949696753478416,
      0.9961826614341777,
      0.9966107741705316,
      0.9968605066000713,
      0.9975383517659651,
      0.9975026757046022
    ],
    "val_loss": [
      0.033335330269553445,
      0.025912878730080344,
      0.022475996884432706,
      0.021035302769054066,
      0.020137596130371093,
      0.019651425968516958,
      0.019329127398404207,
      0.019089182940396396
    ],
    "val_accuracy": [
      0.990439497716895,
      0.9940068493150684,
      0.9947203196347032,
      0.995291095890411,
      0.9954337899543378,
      0.9954337899543378,
      0.9954337899543378,
      0.995291095890411
    ],
    "val_f1": [
      0.9717418810628426,
      0.9824707846410684,
      0.98456403838131,
      0.9862442684451855,
      0.9866666666666667,
      0.9866555462885738,
      0.9866666666666667,
      0.986232790988736
    ],
    "val_auroc": [
      0.9995885263992238,
      0.9997875369835121,
      0.9998770775110637,
      0.999904409436803,
      0.9999208512983804,
      0.99993444608436,
      0.9999275419260352,
      0.9999353713839293
    ],
    "learning_rate": [
      0.001,
      0.001,
      0.001,
      0.001,
      0.001,
      0.001,
      0.001,
      0.001
    ]
  },
  "metadata": {
    "layer": 35,
    "num_assistant_tokens": 35038,
    "hidden_size": 8192,
    "label_distribution": [
      29014,
      6024
    ],
    "training_history": {
      "train_loss": [
        0.07328483768096661,
        0.029132081965435312,
        0.02319460014969995,
        0.020493984660431404,
        0.01899807500444591,
        0.01806791166224215,
        0.017472337842089673,
        0.01706893545720029
      ],
      "train_accuracy": [
        0.9763467713164466,
        0.9927220834819835,
        0.9949696753478416,
        0.9961826614341777,
        0.9966107741705316,
        0.9968605066000713,
        0.9975383517659651,
        0.9975026757046022
      ],
      "val_loss": [
        0.033335330269553445,
        0.025912878730080344,
        0.022475996884432706,
        0.021035302769054066,
        0.020137596130371093,
        0.019651425968516958,
        0.019329127398404207,
        0.019089182940396396
      ],
      "val_accuracy": [
        0.990439497716895,
        0.9940068493150684,
        0.9947203196347032,
        0.995291095890411,
        0.9954337899543378,
        0.9954337899543378,
        0.9954337899543378,
        0.995291095890411
      ],
      "val_f1": [
        0.9717418810628426,
        0.9824707846410684,
        0.98456403838131,
        0.9862442684451855,
        0.9866666666666667,
        0.9866555462885738,
        0.9866666666666667,
        0.986232790988736
      ],
      "val_auroc": [
        0.9995885263992238,
        0.9997875369835121,
        0.9998770775110637,
        0.999904409436803,
        0.9999208512983804,
        0.99993444608436,
        0.9999275419260352,
        0.9999353713839293
      ],
      "learning_rate": [
        0.001,
        0.001,
        0.001,
        0.001,
        0.001,
        0.001,
        0.001,
        0.001
      ]
    },
    "final_metrics": {
      "loss": 0.019089182940396396,
      "accuracy": 0.995291095890411,
      "precision": 0.9974683544303797,
      "recall": 0.9752475247524752,
      "f1": 0.986232790988736,
      "auroc": 0.9999353713839293
    },
    "best_val_f1": 0.9866666666666667,
    "training_time": 8.075620174407959,
    "num_parameters": 8193
  },
  "config": {
    "dataset_path": "data/NTML-datasets/4T1L_500samples.jsonl",
    "max_length": 312,
    "model_name": "meta-llama/Llama-3.3-70B-Instruct",
    "hook_point": "blocks.35.hook_resid_pre",
    "hook_layer": 35,
    "device": "cuda",
    "dtype": "bfloat16",
    "batch_size": 32,
    "learning_rate": 0.001,
    "num_epochs": 8,
    "weight_decay": 0.001,
    "train_ratio": 0.8,
    "handle_class_imbalance": true,
    "optimizer_type": "AdamW",
    "scheduler_type": "cosine",
    "warmup_ratio": 0.1,
    "gradient_clip_norm": 1.0,
    "cache_dir": "./cache/ntml_binary/meta_llama_Llama_3.3_70B_Instruct_4T1L_500samples",
    "activation_batch_size": 4,
    "force_recache": false,
    "output_dir": "./ntml_4T1L_500samples_pytorch_llama70b",
    "probe_name": "ntml_binary_4T1L_500samples_layer_35",
    "save_checkpoints": true,
    "checkpoint_every": 5,
    "verbose": true,
    "log_every": 10,
    "eval_every": 1,
    "ignore_system_tokens": true,
    "ignore_user_tokens": true,
    "min_tokens_per_statement": 1,
    "token_overlap_strategy": "majority",
    "probe_method": "pytorch",
    "sklearn_C": 1.0,
    "sklearn_C_sweep": false,
    "sklearn_C_values": [
      0.0001,
      0.001,
      0.01,
      0.1,
      1.0,
      10.0,
      100.0,
      1000.0,
      10000.0
    ],
    "sklearn_solver": "liblinear",
    "sklearn_max_iter": 1000,
    "pytorch_bias": true,
    "pytorch_normalize_weights": true
  }
}