{
  "model_type": "pytorch_interpretability_probe",
  "training_history": {
    "train_loss": [
      0.09823867893824566,
      0.03973424852268609,
      0.03007202293961968,
      0.02630908797882055,
      0.024375995436096438,
      0.02283333070133919,
      0.021936906746176144,
      0.021307466241220634
    ],
    "train_accuracy": [
      0.9673207277916518,
      0.9911880128433821,
      0.9947912950410275,
      0.9961826614341777,
      0.9965037459864431,
      0.9971102390296112,
      0.9974669996432394,
      0.9977167320727791
    ],
    "val_loss": [
      0.04958757053722035,
      0.03752507729963823,
      0.03399633927778764,
      0.03244481086730957,
      0.030910301208496093,
      0.030171940543434837,
      0.029431473125110973,
      0.029127892580899324
    ],
    "val_accuracy": [
      0.9864440639269406,
      0.990582191780822,
      0.9911529680365296,
      0.9914383561643836,
      0.9920091324200914,
      0.9912956621004566,
      0.9924372146118722,
      0.9921518264840182
    ],
    "val_f1": [
      0.9585333915320821,
      0.9715025906735751,
      0.9732758620689655,
      0.9740932642487047,
      0.9758828596037898,
      0.9736728528269314,
      0.9772238934250107,
      0.9763440860215054
    ],
    "val_auroc": [
      0.9990507737089768,
      0.9995435505689412,
      0.9995744397599866,
      0.9995921321604915,
      0.9996486898342367,
      0.9996949511109667,
      0.9997089455097267,
      0.9997055375473345
    ],
    "learning_rate": [
      0.001,
      0.001,
      0.001,
      0.001,
      0.001,
      0.001,
      0.001,
      0.001
    ]
  },
  "metadata": {
    "layer": 45,
    "num_assistant_tokens": 35038,
    "hidden_size": 8192,
    "label_distribution": [
      29014,
      6024
    ],
    "training_history": {
      "train_loss": [
        0.09823867893824566,
        0.03973424852268609,
        0.03007202293961968,
        0.02630908797882055,
        0.024375995436096438,
        0.02283333070133919,
        0.021936906746176144,
        0.021307466241220634
      ],
      "train_accuracy": [
        0.9673207277916518,
        0.9911880128433821,
        0.9947912950410275,
        0.9961826614341777,
        0.9965037459864431,
        0.9971102390296112,
        0.9974669996432394,
        0.9977167320727791
      ],
      "val_loss": [
        0.04958757053722035,
        0.03752507729963823,
        0.03399633927778764,
        0.03244481086730957,
        0.030910301208496093,
        0.030171940543434837,
        0.029431473125110973,
        0.029127892580899324
      ],
      "val_accuracy": [
        0.9864440639269406,
        0.990582191780822,
        0.9911529680365296,
        0.9914383561643836,
        0.9920091324200914,
        0.9912956621004566,
        0.9924372146118722,
        0.9921518264840182
      ],
      "val_f1": [
        0.9585333915320821,
        0.9715025906735751,
        0.9732758620689655,
        0.9740932642487047,
        0.9758828596037898,
        0.9736728528269314,
        0.9772238934250107,
        0.9763440860215054
      ],
      "val_auroc": [
        0.9990507737089768,
        0.9995435505689412,
        0.9995744397599866,
        0.9995921321604915,
        0.9996486898342367,
        0.9996949511109667,
        0.9997089455097267,
        0.9997055375473345
      ],
      "learning_rate": [
        0.001,
        0.001,
        0.001,
        0.001,
        0.001,
        0.001,
        0.001,
        0.001
      ]
    },
    "final_metrics": {
      "loss": 0.029127892580899324,
      "accuracy": 0.9921518264840182,
      "precision": 0.9947414548641542,
      "recall": 0.9586148648648649,
      "f1": 0.9763440860215054,
      "auroc": 0.9997055375473345
    },
    "best_val_f1": 0.9772238934250107,
    "training_time": 7.967492580413818,
    "num_parameters": 8193
  },
  "config": {
    "dataset_path": "data/NTML-datasets/4T1L_500samples.jsonl",
    "max_length": 312,
    "model_name": "meta-llama/Llama-3.3-70B-Instruct",
    "hook_point": "blocks.45.hook_resid_pre",
    "hook_layer": 45,
    "device": "cuda",
    "dtype": "bfloat16",
    "batch_size": 32,
    "learning_rate": 0.001,
    "num_epochs": 8,
    "weight_decay": 0.001,
    "train_ratio": 0.8,
    "handle_class_imbalance": true,
    "optimizer_type": "AdamW",
    "scheduler_type": "cosine",
    "warmup_ratio": 0.1,
    "gradient_clip_norm": 1.0,
    "cache_dir": "./cache/ntml_binary/meta_llama_Llama_3.3_70B_Instruct_4T1L_500samples",
    "activation_batch_size": 4,
    "force_recache": false,
    "output_dir": "./ntml_4T1L_500samples_pytorch_llama70b",
    "probe_name": "ntml_binary_4T1L_500samples_layer_45",
    "save_checkpoints": true,
    "checkpoint_every": 5,
    "verbose": true,
    "log_every": 10,
    "eval_every": 1,
    "ignore_system_tokens": true,
    "ignore_user_tokens": true,
    "min_tokens_per_statement": 1,
    "token_overlap_strategy": "majority",
    "probe_method": "pytorch",
    "sklearn_C": 1.0,
    "sklearn_C_sweep": false,
    "sklearn_C_values": [
      0.0001,
      0.001,
      0.01,
      0.1,
      1.0,
      10.0,
      100.0,
      1000.0,
      10000.0
    ],
    "sklearn_solver": "liblinear",
    "sklearn_max_iter": 1000,
    "pytorch_bias": true,
    "pytorch_normalize_weights": true
  }
}