{
  "model_type": "pytorch_interpretability_probe",
  "training_history": {
    "train_loss": [
      0.07460544650447151,
      0.019516481722377615,
      0.012448686515789087,
      0.010142962863991998,
      0.009026279188248703,
      0.008389702816036654,
      0.008062923553407184,
      0.007834969263855521
    ],
    "train_accuracy": [
      0.9744916161255798,
      0.9961469853728149,
      0.9988940420977525,
      0.9993935069568319,
      0.9996432393863718,
      0.9997145915090974,
      0.9998929718159115,
      0.999785943631823
    ],
    "val_loss": [
      0.03296468908136541,
      0.02715910564769398,
      0.024841182882135566,
      0.023802900314331056,
      0.02401184168728915,
      0.023822927474975587,
      0.023842503807761452,
      0.024074567448009145
    ],
    "val_accuracy": [
      0.9891552511415526,
      0.9918664383561644,
      0.9921518264840182,
      0.992579908675799,
      0.9921518264840182,
      0.9911529680365296,
      0.9921518264840182,
      0.9915810502283106
    ],
    "val_f1": [
      0.9684908789386402,
      0.9765913757700205,
      0.9773755656108597,
      0.9786535303776683,
      0.9774312679524005,
      0.9745484400656814,
      0.9773941635840526,
      0.9756701030927835
    ],
    "val_auroc": [
      0.9991395855283102,
      0.9993427565449438,
      0.9994477915958161,
      0.9995077713969845,
      0.9994474396016778,
      0.9994844693850283,
      0.9994409629095329,
      0.9994824278190261
    ],
    "learning_rate": [
      0.001,
      0.001,
      0.001,
      0.001,
      0.001,
      0.001,
      0.001,
      0.001
    ]
  },
  "metadata": {
    "layer": 76,
    "num_assistant_tokens": 35038,
    "hidden_size": 8192,
    "label_distribution": [
      29014,
      6024
    ],
    "training_history": {
      "train_loss": [
        0.07460544650447151,
        0.019516481722377615,
        0.012448686515789087,
        0.010142962863991998,
        0.009026279188248703,
        0.008389702816036654,
        0.008062923553407184,
        0.007834969263855521
      ],
      "train_accuracy": [
        0.9744916161255798,
        0.9961469853728149,
        0.9988940420977525,
        0.9993935069568319,
        0.9996432393863718,
        0.9997145915090974,
        0.9998929718159115,
        0.999785943631823
      ],
      "val_loss": [
        0.03296468908136541,
        0.02715910564769398,
        0.024841182882135566,
        0.023802900314331056,
        0.02401184168728915,
        0.023822927474975587,
        0.023842503807761452,
        0.024074567448009145
      ],
      "val_accuracy": [
        0.9891552511415526,
        0.9918664383561644,
        0.9921518264840182,
        0.992579908675799,
        0.9921518264840182,
        0.9911529680365296,
        0.9921518264840182,
        0.9915810502283106
      ],
      "val_f1": [
        0.9684908789386402,
        0.9765913757700205,
        0.9773755656108597,
        0.9786535303776683,
        0.9774312679524005,
        0.9745484400656814,
        0.9773941635840526,
        0.9756701030927835
      ],
      "val_auroc": [
        0.9991395855283102,
        0.9993427565449438,
        0.9994477915958161,
        0.9995077713969845,
        0.9994474396016778,
        0.9994844693850283,
        0.9994409629095329,
        0.9994824278190261
      ],
      "learning_rate": [
        0.001,
        0.001,
        0.001,
        0.001,
        0.001,
        0.001,
        0.001,
        0.001
      ]
    },
    "final_metrics": {
      "loss": 0.024074567448009145,
      "accuracy": 0.9915810502283106,
      "precision": 0.9891304347826086,
      "recall": 0.9625711960943857,
      "f1": 0.9756701030927835,
      "auroc": 0.9994824278190261
    },
    "best_val_f1": 0.9786535303776683,
    "training_time": 8.290568828582764,
    "num_parameters": 8193
  },
  "config": {
    "dataset_path": "data/NTML-datasets/4T1L_500samples.jsonl",
    "max_length": 312,
    "model_name": "meta-llama/Llama-3.3-70B-Instruct",
    "hook_point": "blocks.76.hook_resid_pre",
    "hook_layer": 76,
    "device": "cuda",
    "dtype": "bfloat16",
    "batch_size": 32,
    "learning_rate": 0.001,
    "num_epochs": 8,
    "weight_decay": 0.001,
    "train_ratio": 0.8,
    "handle_class_imbalance": true,
    "optimizer_type": "AdamW",
    "scheduler_type": "cosine",
    "warmup_ratio": 0.1,
    "gradient_clip_norm": 1.0,
    "cache_dir": "./cache/ntml_binary/meta_llama_Llama_3.3_70B_Instruct_4T1L_500samples",
    "activation_batch_size": 4,
    "force_recache": false,
    "output_dir": "./ntml_4T1L_500samples_pytorch_llama70b",
    "probe_name": "ntml_binary_4T1L_500samples_layer_76",
    "save_checkpoints": true,
    "checkpoint_every": 5,
    "verbose": true,
    "log_every": 10,
    "eval_every": 1,
    "ignore_system_tokens": true,
    "ignore_user_tokens": true,
    "min_tokens_per_statement": 1,
    "token_overlap_strategy": "majority",
    "probe_method": "pytorch",
    "sklearn_C": 1.0,
    "sklearn_C_sweep": false,
    "sklearn_C_values": [
      0.0001,
      0.001,
      0.01,
      0.1,
      1.0,
      10.0,
      100.0,
      1000.0,
      10000.0
    ],
    "sklearn_solver": "liblinear",
    "sklearn_max_iter": 1000,
    "pytorch_bias": true,
    "pytorch_normalize_weights": true
  }
}