{
  "loss": 0.0338655948638916,
  "accuracy": 0.9874429223744292,
  "precision": 0.9883720930232558,
  "recall": 0.9364406779661016,
  "f1": 0.9617058311575283,
  "auroc": 0.9991721002059025
}