{
  "loss": 0.13945506702769886,
  "accuracy": 0.9500570776255708,
  "precision": 0.9728260869565217,
  "recall": 0.7336065573770492,
  "f1": 0.8364485981308412,
  "auroc": 0.9909509641202261
}