{
  "model_type": "pytorch_interpretability_probe",
  "training_history": {
    "train_loss": [
      0.21371327337200782,
      0.12984318679122075,
      0.11237061661604332,
      0.10485244097111568,
      0.10089967962456485,
      0.09814671806344703,
      0.09643129940616758,
      0.095177085440793
    ],
    "train_accuracy": [
      0.9158401712450945,
      0.9558687120941848,
      0.9647163753121656,
      0.9700677845165894,
      0.9724937566892615,
      0.9726721369960757,
      0.9745272921869426,
      0.9748127006778452
    ],
    "val_loss": [
      0.14850201390006326,
      0.12401442744515159,
      0.1165623513135043,
      0.11269164302132346,
      0.11036974733526056,
      0.10883142839778553,
      0.10841394784775647,
      0.10690772533416748
    ],
    "val_accuracy": [
      0.9501997716894978,
      0.9551940639269406,
      0.963898401826484,
      0.9658961187214612,
      0.9660388127853882,
      0.9671803652968036,
      0.963898401826484,
      0.9656107305936074
    ],
    "val_f1": [
      0.8351440717997166,
      0.8514664143803217,
      0.88515660463005,
      0.8916099773242631,
      0.8918181818181818,
      0.8959276018099548,
      0.8834638415476739,
      0.8902050113895217
    ],
    "val_auroc": [
      0.9875157182681725,
      0.9928358526949047,
      0.993351793376122,
      0.9940791344173749,
      0.9942859281641854,
      0.9946057998700071,
      0.9945420270681714,
      0.9946299845894392
    ],
    "learning_rate": [
      0.001,
      0.001,
      0.001,
      0.001,
      0.001,
      0.001,
      0.001,
      0.001
    ]
  },
  "metadata": {
    "layer": 27,
    "num_assistant_tokens": 35038,
    "hidden_size": 8192,
    "label_distribution": [
      29014,
      6024
    ],
    "training_history": {
      "train_loss": [
        0.21371327337200782,
        0.12984318679122075,
        0.11237061661604332,
        0.10485244097111568,
        0.10089967962456485,
        0.09814671806344703,
        0.09643129940616758,
        0.095177085440793
      ],
      "train_accuracy": [
        0.9158401712450945,
        0.9558687120941848,
        0.9647163753121656,
        0.9700677845165894,
        0.9724937566892615,
        0.9726721369960757,
        0.9745272921869426,
        0.9748127006778452
      ],
      "val_loss": [
        0.14850201390006326,
        0.12401442744515159,
        0.1165623513135043,
        0.11269164302132346,
        0.11036974733526056,
        0.10883142839778553,
        0.10841394784775647,
        0.10690772533416748
      ],
      "val_accuracy": [
        0.9501997716894978,
        0.9551940639269406,
        0.963898401826484,
        0.9658961187214612,
        0.9660388127853882,
        0.9671803652968036,
        0.963898401826484,
        0.9656107305936074
      ],
      "val_f1": [
        0.8351440717997166,
        0.8514664143803217,
        0.88515660463005,
        0.8916099773242631,
        0.8918181818181818,
        0.8959276018099548,
        0.8834638415476739,
        0.8902050113895217
      ],
      "val_auroc": [
        0.9875157182681725,
        0.9928358526949047,
        0.993351793376122,
        0.9940791344173749,
        0.9942859281641854,
        0.9946057998700071,
        0.9945420270681714,
        0.9946299845894392
      ],
      "learning_rate": [
        0.001,
        0.001,
        0.001,
        0.001,
        0.001,
        0.001,
        0.001,
        0.001
      ]
    },
    "final_metrics": {
      "loss": 0.10690772533416748,
      "accuracy": 0.9656107305936074,
      "precision": 0.977,
      "recall": 0.8175732217573222,
      "f1": 0.8902050113895217,
      "auroc": 0.9946299845894392
    },
    "best_val_f1": 0.8959276018099548,
    "training_time": 8.588951826095581,
    "num_parameters": 8193
  },
  "config": {
    "dataset_path": "data/NTML-datasets/4T1L_500samples.jsonl",
    "max_length": 312,
    "model_name": "meta-llama/Llama-3.3-70B-Instruct",
    "hook_point": "blocks.27.hook_resid_pre",
    "hook_layer": 27,
    "device": "cuda",
    "dtype": "bfloat16",
    "batch_size": 32,
    "learning_rate": 0.001,
    "num_epochs": 8,
    "weight_decay": 0.001,
    "train_ratio": 0.8,
    "handle_class_imbalance": true,
    "optimizer_type": "AdamW",
    "scheduler_type": "cosine",
    "warmup_ratio": 0.1,
    "gradient_clip_norm": 1.0,
    "cache_dir": "./cache/ntml_binary/meta_llama_Llama_3.3_70B_Instruct_4T1L_500samples",
    "activation_batch_size": 4,
    "force_recache": false,
    "output_dir": "./ntml_4T1L_500samples_pytorch_llama70b",
    "probe_name": "ntml_binary_4T1L_500samples_layer_27",
    "save_checkpoints": true,
    "checkpoint_every": 5,
    "verbose": true,
    "log_every": 10,
    "eval_every": 1,
    "ignore_system_tokens": true,
    "ignore_user_tokens": true,
    "min_tokens_per_statement": 1,
    "token_overlap_strategy": "majority",
    "probe_method": "pytorch",
    "sklearn_C": 1.0,
    "sklearn_C_sweep": false,
    "sklearn_C_values": [
      0.0001,
      0.001,
      0.01,
      0.1,
      1.0,
      10.0,
      100.0,
      1000.0,
      10000.0
    ],
    "sklearn_solver": "liblinear",
    "sklearn_max_iter": 1000,
    "pytorch_bias": true,
    "pytorch_normalize_weights": true
  }
}