{
  "model_type": "pytorch_interpretability_probe",
  "training_history": {
    "train_loss": [
      0.2931443816858884,
      0.20696082381216901,
      0.18614486839673292,
      0.17740303728746498,
      0.17261377676096681,
      0.16940269270512068,
      0.1674341808102991,
      0.16614968096624771
    ],
    "train_accuracy": [
      0.8749910809846593,
      0.9178737067427756,
      0.9284694969675348,
      0.9331073849447021,
      0.9352479486264716,
      0.9378166250445951,
      0.939885836603639,
      0.9405993578308954
    ],
    "val_loss": [
      0.2237474801865491,
      0.19459713155573063,
      0.18466663143851542,
      0.17963776588439942,
      0.17674368023872375,
      0.17535336992957376,
      0.17407924912192604,
      0.1730127220804041
    ],
    "val_accuracy": [
      0.9129566210045662,
      0.9218036529680366,
      0.930079908675799,
      0.932505707762557,
      0.9357876712328768,
      0.9375,
      0.9333618721461188,
      0.9345034246575342
    ],
    "val_f1": [
      0.6640969162995595,
      0.71005291005291,
      0.7482014388489209,
      0.7587965323814381,
      0.7727272727272727,
      0.7812187812187812,
      0.762582613116421,
      0.7659357470678225
    ],
    "val_auroc": [
      0.9683339266591582,
      0.9792079446424121,
      0.9819585435456921,
      0.983266985658632,
      0.9836090615566407,
      0.9843695908302023,
      0.9845928813594527,
      0.9845639603316009
    ],
    "learning_rate": [
      0.001,
      0.001,
      0.001,
      0.001,
      0.001,
      0.001,
      0.001,
      0.001
    ]
  },
  "metadata": {
    "layer": 19,
    "num_assistant_tokens": 35038,
    "hidden_size": 8192,
    "label_distribution": [
      29014,
      6024
    ],
    "training_history": {
      "train_loss": [
        0.2931443816858884,
        0.20696082381216901,
        0.18614486839673292,
        0.17740303728746498,
        0.17261377676096681,
        0.16940269270512068,
        0.1674341808102991,
        0.16614968096624771
      ],
      "train_accuracy": [
        0.8749910809846593,
        0.9178737067427756,
        0.9284694969675348,
        0.9331073849447021,
        0.9352479486264716,
        0.9378166250445951,
        0.939885836603639,
        0.9405993578308954
      ],
      "val_loss": [
        0.2237474801865491,
        0.19459713155573063,
        0.18466663143851542,
        0.17963776588439942,
        0.17674368023872375,
        0.17535336992957376,
        0.17407924912192604,
        0.1730127220804041
      ],
      "val_accuracy": [
        0.9129566210045662,
        0.9218036529680366,
        0.930079908675799,
        0.932505707762557,
        0.9357876712328768,
        0.9375,
        0.9333618721461188,
        0.9345034246575342
      ],
      "val_f1": [
        0.6640969162995595,
        0.71005291005291,
        0.7482014388489209,
        0.7587965323814381,
        0.7727272727272727,
        0.7812187812187812,
        0.762582613116421,
        0.7659357470678225
      ],
      "val_auroc": [
        0.9683339266591582,
        0.9792079446424121,
        0.9819585435456921,
        0.983266985658632,
        0.9836090615566407,
        0.9843695908302023,
        0.9845928813594527,
        0.9845639603316009
      ],
      "learning_rate": [
        0.001,
        0.001,
        0.001,
        0.001,
        0.001,
        0.001,
        0.001,
        0.001
      ]
    },
    "final_metrics": {
      "loss": 0.1730127220804041,
      "accuracy": 0.9345034246575342,
      "precision": 0.976592977893368,
      "recall": 0.6300335570469798,
      "f1": 0.7659357470678225,
      "auroc": 0.9845639603316009
    },
    "best_val_f1": 0.7812187812187812,
    "training_time": 8.630013704299927,
    "num_parameters": 8193
  },
  "config": {
    "dataset_path": "data/NTML-datasets/4T1L_500samples.jsonl",
    "max_length": 312,
    "model_name": "meta-llama/Llama-3.3-70B-Instruct",
    "hook_point": "blocks.19.hook_resid_pre",
    "hook_layer": 19,
    "device": "cuda",
    "dtype": "bfloat16",
    "batch_size": 32,
    "learning_rate": 0.001,
    "num_epochs": 8,
    "weight_decay": 0.001,
    "train_ratio": 0.8,
    "handle_class_imbalance": true,
    "optimizer_type": "AdamW",
    "scheduler_type": "cosine",
    "warmup_ratio": 0.1,
    "gradient_clip_norm": 1.0,
    "cache_dir": "./cache/ntml_binary/meta_llama_Llama_3.3_70B_Instruct_4T1L_500samples",
    "activation_batch_size": 4,
    "force_recache": false,
    "output_dir": "./ntml_4T1L_500samples_pytorch_llama70b",
    "probe_name": "ntml_binary_4T1L_500samples_layer_19",
    "save_checkpoints": true,
    "checkpoint_every": 5,
    "verbose": true,
    "log_every": 10,
    "eval_every": 1,
    "ignore_system_tokens": true,
    "ignore_user_tokens": true,
    "min_tokens_per_statement": 1,
    "token_overlap_strategy": "majority",
    "probe_method": "pytorch",
    "sklearn_C": 1.0,
    "sklearn_C_sweep": false,
    "sklearn_C_values": [
      0.0001,
      0.001,
      0.01,
      0.1,
      1.0,
      10.0,
      100.0,
      1000.0,
      10000.0
    ],
    "sklearn_solver": "liblinear",
    "sklearn_max_iter": 1000,
    "pytorch_bias": true,
    "pytorch_normalize_weights": true
  }
}