{
  "model_type": "pytorch_interpretability_probe",
  "training_history": {
    "train_loss": [
      0.09297067821706266,
      0.03736018339920466,
      0.02899587397637977,
      0.02531731502497441,
      0.02348728477529603,
      0.02224525157149592,
      0.021469398403803915,
      0.020861379923426532
    ],
    "train_accuracy": [
      0.9695683196575098,
      0.9917588298251873,
      0.9945415626114877,
      0.9962540135569034,
      0.9968605066000713,
      0.9971459150909739,
      0.9972886193364252,
      0.9976453799500535
    ],
    "val_loss": [
      0.047149014405228874,
      0.03643288178877397,
      0.03310961289839311,
      0.030940615047108044,
      0.030025867982344193,
      0.02956153696233576,
      0.028807158903642133,
      0.028668568351052023
    ],
    "val_accuracy": [
      0.988013698630137,
      0.9907248858447488,
      0.992579908675799,
      0.9921518264840182,
      0.992722602739726,
      0.9922945205479452,
      0.992722602739726,
      0.992722602739726
    ],
    "val_f1": [
      0.9636363636363636,
      0.9721149721149721,
      0.9777587681779298,
      0.9764453961456103,
      0.9781771501925546,
      0.9768637532133676,
      0.9781771501925546,
      0.9781584582441113
    ],
    "val_auroc": [
      0.9991117829049805,
      0.9995591774007644,
      0.9996617278743742,
      0.9997262191229189,
      0.9997083811180023,
      0.9997390018227985,
      0.9997577064514359,
      0.9997599452293808
    ],
    "learning_rate": [
      0.001,
      0.001,
      0.001,
      0.001,
      0.001,
      0.001,
      0.001,
      0.001
    ]
  },
  "metadata": {
    "layer": 43,
    "num_assistant_tokens": 35038,
    "hidden_size": 8192,
    "label_distribution": [
      29014,
      6024
    ],
    "training_history": {
      "train_loss": [
        0.09297067821706266,
        0.03736018339920466,
        0.02899587397637977,
        0.02531731502497441,
        0.02348728477529603,
        0.02224525157149592,
        0.021469398403803915,
        0.020861379923426532
      ],
      "train_accuracy": [
        0.9695683196575098,
        0.9917588298251873,
        0.9945415626114877,
        0.9962540135569034,
        0.9968605066000713,
        0.9971459150909739,
        0.9972886193364252,
        0.9976453799500535
      ],
      "val_loss": [
        0.047149014405228874,
        0.03643288178877397,
        0.03310961289839311,
        0.030940615047108044,
        0.030025867982344193,
        0.02956153696233576,
        0.028807158903642133,
        0.028668568351052023
      ],
      "val_accuracy": [
        0.988013698630137,
        0.9907248858447488,
        0.992579908675799,
        0.9921518264840182,
        0.992722602739726,
        0.9922945205479452,
        0.992722602739726,
        0.992722602739726
      ],
      "val_f1": [
        0.9636363636363636,
        0.9721149721149721,
        0.9777587681779298,
        0.9764453961456103,
        0.9781771501925546,
        0.9768637532133676,
        0.9781771501925546,
        0.9781584582441113
      ],
      "val_auroc": [
        0.9991117829049805,
        0.9995591774007644,
        0.9996617278743742,
        0.9997262191229189,
        0.9997083811180023,
        0.9997390018227985,
        0.9997577064514359,
        0.9997599452293808
      ],
      "learning_rate": [
        0.001,
        0.001,
        0.001,
        0.001,
        0.001,
        0.001,
        0.001,
        0.001
      ]
    },
    "final_metrics": {
      "loss": 0.028668568351052023,
      "accuracy": 0.992722602739726,
      "precision": 0.9973799126637555,
      "recall": 0.9596638655462185,
      "f1": 0.9781584582441113,
      "auroc": 0.9997599452293808
    },
    "best_val_f1": 0.9781771501925546,
    "training_time": 7.968213319778442,
    "num_parameters": 8193
  },
  "config": {
    "dataset_path": "data/NTML-datasets/4T1L_500samples.jsonl",
    "max_length": 312,
    "model_name": "meta-llama/Llama-3.3-70B-Instruct",
    "hook_point": "blocks.43.hook_resid_pre",
    "hook_layer": 43,
    "device": "cuda",
    "dtype": "bfloat16",
    "batch_size": 32,
    "learning_rate": 0.001,
    "num_epochs": 8,
    "weight_decay": 0.001,
    "train_ratio": 0.8,
    "handle_class_imbalance": true,
    "optimizer_type": "AdamW",
    "scheduler_type": "cosine",
    "warmup_ratio": 0.1,
    "gradient_clip_norm": 1.0,
    "cache_dir": "./cache/ntml_binary/meta_llama_Llama_3.3_70B_Instruct_4T1L_500samples",
    "activation_batch_size": 4,
    "force_recache": false,
    "output_dir": "./ntml_4T1L_500samples_pytorch_llama70b",
    "probe_name": "ntml_binary_4T1L_500samples_layer_43",
    "save_checkpoints": true,
    "checkpoint_every": 5,
    "verbose": true,
    "log_every": 10,
    "eval_every": 1,
    "ignore_system_tokens": true,
    "ignore_user_tokens": true,
    "min_tokens_per_statement": 1,
    "token_overlap_strategy": "majority",
    "probe_method": "pytorch",
    "sklearn_C": 1.0,
    "sklearn_C_sweep": false,
    "sklearn_C_values": [
      0.0001,
      0.001,
      0.01,
      0.1,
      1.0,
      10.0,
      100.0,
      1000.0,
      10000.0
    ],
    "sklearn_solver": "liblinear",
    "sklearn_max_iter": 1000,
    "pytorch_bias": true,
    "pytorch_normalize_weights": true
  }
}