{
  "model_type": "pytorch_interpretability_probe",
  "training_history": {
    "train_loss": [
      0.08834782427338432,
      0.03135264751003825,
      0.023552397580723784,
      0.020128017438141858,
      0.018218597668312388,
      0.017208789930291915,
      0.0165082275783473,
      0.015973239402461065
    ],
    "train_accuracy": [
      0.9702818408847663,
      0.9936853371387799,
      0.9967534784159828,
      0.9976810560114163,
      0.9978237602568676,
      0.9984302533000357,
      0.9984659293613986,
      0.9988226899750268
    ],
    "val_loss": [
      0.0468076153235002,
      0.03841242356733842,
      0.034795895489779384,
      0.03306177746165882,
      0.03256910064003684,
      0.03207011656327681,
      0.0315903750332919,
      0.030909274924885145
    ],
    "val_accuracy": [
      0.9865867579908676,
      0.988013698630137,
      0.9897260273972602,
      0.9885844748858448,
      0.9892979452054794,
      0.9884417808219178,
      0.9884417808219178,
      0.9898687214611872
    ],
    "val_f1": [
      0.9607023411371237,
      0.9650291423813488,
      0.9702725020644096,
      0.9667774086378738,
      0.9690210656753407,
      0.9664596273291925,
      0.9664318276004973,
      0.9706732755059893
    ],
    "val_auroc": [
      0.9990073083493036,
      0.9993184127064532,
      0.9993981938780967,
      0.9994862767942321,
      0.9994588388251483,
      0.9994784675261084,
      0.9995106895513399,
      0.9995243381821151
    ],
    "learning_rate": [
      0.001,
      0.001,
      0.001,
      0.001,
      0.001,
      0.001,
      0.001,
      0.001
    ]
  },
  "metadata": {
    "layer": 57,
    "num_assistant_tokens": 35038,
    "hidden_size": 8192,
    "label_distribution": [
      29014,
      6024
    ],
    "training_history": {
      "train_loss": [
        0.08834782427338432,
        0.03135264751003825,
        0.023552397580723784,
        0.020128017438141858,
        0.018218597668312388,
        0.017208789930291915,
        0.0165082275783473,
        0.015973239402461065
      ],
      "train_accuracy": [
        0.9702818408847663,
        0.9936853371387799,
        0.9967534784159828,
        0.9976810560114163,
        0.9978237602568676,
        0.9984302533000357,
        0.9984659293613986,
        0.9988226899750268
      ],
      "val_loss": [
        0.0468076153235002,
        0.03841242356733842,
        0.034795895489779384,
        0.03306177746165882,
        0.03256910064003684,
        0.03207011656327681,
        0.0315903750332919,
        0.030909274924885145
      ],
      "val_accuracy": [
        0.9865867579908676,
        0.988013698630137,
        0.9897260273972602,
        0.9885844748858448,
        0.9892979452054794,
        0.9884417808219178,
        0.9884417808219178,
        0.9898687214611872
      ],
      "val_f1": [
        0.9607023411371237,
        0.9650291423813488,
        0.9702725020644096,
        0.9667774086378738,
        0.9690210656753407,
        0.9664596273291925,
        0.9664318276004973,
        0.9706732755059893
      ],
      "val_auroc": [
        0.9990073083493036,
        0.9993184127064532,
        0.9993981938780967,
        0.9994862767942321,
        0.9994588388251483,
        0.9994784675261084,
        0.9995106895513399,
        0.9995243381821151
      ],
      "learning_rate": [
        0.001,
        0.001,
        0.001,
        0.001,
        0.001,
        0.001,
        0.001,
        0.001
      ]
    },
    "final_metrics": {
      "loss": 0.030909274924885145,
      "accuracy": 0.9898687214611872,
      "precision": 0.9865659109991604,
      "recall": 0.9552845528455285,
      "f1": 0.9706732755059893,
      "auroc": 0.9995243381821151
    },
    "best_val_f1": 0.9706732755059893,
    "training_time": 8.533679485321045,
    "num_parameters": 8193
  },
  "config": {
    "dataset_path": "data/NTML-datasets/4T1L_500samples.jsonl",
    "max_length": 312,
    "model_name": "meta-llama/Llama-3.3-70B-Instruct",
    "hook_point": "blocks.57.hook_resid_pre",
    "hook_layer": 57,
    "device": "cuda",
    "dtype": "bfloat16",
    "batch_size": 32,
    "learning_rate": 0.001,
    "num_epochs": 8,
    "weight_decay": 0.001,
    "train_ratio": 0.8,
    "handle_class_imbalance": true,
    "optimizer_type": "AdamW",
    "scheduler_type": "cosine",
    "warmup_ratio": 0.1,
    "gradient_clip_norm": 1.0,
    "cache_dir": "./cache/ntml_binary/meta_llama_Llama_3.3_70B_Instruct_4T1L_500samples",
    "activation_batch_size": 4,
    "force_recache": false,
    "output_dir": "./ntml_4T1L_500samples_pytorch_llama70b",
    "probe_name": "ntml_binary_4T1L_500samples_layer_57",
    "save_checkpoints": true,
    "checkpoint_every": 5,
    "verbose": true,
    "log_every": 10,
    "eval_every": 1,
    "ignore_system_tokens": true,
    "ignore_user_tokens": true,
    "min_tokens_per_statement": 1,
    "token_overlap_strategy": "majority",
    "probe_method": "pytorch",
    "sklearn_C": 1.0,
    "sklearn_C_sweep": false,
    "sklearn_C_values": [
      0.0001,
      0.001,
      0.01,
      0.1,
      1.0,
      10.0,
      100.0,
      1000.0,
      10000.0
    ],
    "sklearn_solver": "liblinear",
    "sklearn_max_iter": 1000,
    "pytorch_bias": true,
    "pytorch_normalize_weights": true
  }
}