{
  "loss": 0.028143033114346593,
  "accuracy": 0.992722602739726,
  "precision": 0.9948096885813149,
  "recall": 0.9623430962343096,
  "f1": 0.9783071033602723,
  "auroc": 0.9995974971694521
}