{
  "loss": 0.1730127220804041,
  "accuracy": 0.9345034246575342,
  "precision": 0.976592977893368,
  "recall": 0.6300335570469798,
  "f1": 0.7659357470678225,
  "auroc": 0.9845639603316009
}