{
  "loss": 0.03196521238847212,
  "accuracy": 0.9918664383561644,
  "precision": 0.9939183318853171,
  "recall": 0.9581239530988275,
  "f1": 0.9756929637526652,
  "auroc": 0.9995485396250834
}