{
  "loss": 0.02992266308177601,
  "accuracy": 0.990296803652968,
  "precision": 0.9910634495084897,
  "recall": 0.9502999143101971,
  "f1": 0.9702537182852143,
  "auroc": 0.9995448508585192
}