{
  "loss": 0.026384843479503286,
  "accuracy": 0.9924372146118722,
  "precision": 0.9941956882255389,
  "recall": 0.9630522088353414,
  "f1": 0.9783761729906161,
  "auroc": 0.9998569325018276
}