{
  "model_type": "pytorch_interpretability_probe",
  "training_history": {
    "train_loss": [
      0.09192847270416478,
      0.03247376714012326,
      0.023605306762521535,
      0.020159293092642677,
      0.018424309698703217,
      0.017246911297956285,
      0.016422860699676013,
      0.015868012040649374
    ],
    "train_accuracy": [
      0.9688904744916161,
      0.9927577595433464,
      0.9967891544773457,
      0.9975740278273278,
      0.9980021405636817,
      0.9983945772386729,
      0.9986443096682126,
      0.9986799857295755
    ],
    "val_loss": [
      0.04483029192144221,
      0.03412897370078347,
      0.030437863956798206,
      0.028909587860107423,
      0.028039143302223898,
      0.027505644884976473,
      0.026995650204745206,
      0.026426436684348367
    ],
    "val_accuracy": [
      0.98787100456621,
      0.9914383561643836,
      0.9911529680365296,
      0.9922945205479452,
      0.9915810502283106,
      0.9920091324200914,
      0.992865296803653,
      0.9931506849315068
    ],
    "val_f1": [
      0.9621043245653144,
      0.9731663685152058,
      0.9722222222222222,
      0.9758064516129032,
      0.9735069600359227,
      0.974910394265233,
      0.9776186213070726,
      0.9785714285714285
    ],
    "val_auroc": [
      0.9987596277124171,
      0.9991393089695881,
      0.9993307657429035,
      0.9994423173140066,
      0.9993978921263232,
      0.9993970652615779,
      0.9994093178937139,
      0.9994746402085986
    ],
    "learning_rate": [
      0.001,
      0.001,
      0.001,
      0.001,
      0.001,
      0.001,
      0.001,
      0.001
    ]
  },
  "metadata": {
    "layer": 61,
    "num_assistant_tokens": 35038,
    "hidden_size": 8192,
    "label_distribution": [
      29014,
      6024
    ],
    "training_history": {
      "train_loss": [
        0.09192847270416478,
        0.03247376714012326,
        0.023605306762521535,
        0.020159293092642677,
        0.018424309698703217,
        0.017246911297956285,
        0.016422860699676013,
        0.015868012040649374
      ],
      "train_accuracy": [
        0.9688904744916161,
        0.9927577595433464,
        0.9967891544773457,
        0.9975740278273278,
        0.9980021405636817,
        0.9983945772386729,
        0.9986443096682126,
        0.9986799857295755
      ],
      "val_loss": [
        0.04483029192144221,
        0.03412897370078347,
        0.030437863956798206,
        0.028909587860107423,
        0.028039143302223898,
        0.027505644884976473,
        0.026995650204745206,
        0.026426436684348367
      ],
      "val_accuracy": [
        0.98787100456621,
        0.9914383561643836,
        0.9911529680365296,
        0.9922945205479452,
        0.9915810502283106,
        0.9920091324200914,
        0.992865296803653,
        0.9931506849315068
      ],
      "val_f1": [
        0.9621043245653144,
        0.9731663685152058,
        0.9722222222222222,
        0.9758064516129032,
        0.9735069600359227,
        0.974910394265233,
        0.9776186213070726,
        0.9785714285714285
      ],
      "val_auroc": [
        0.9987596277124171,
        0.9991393089695881,
        0.9993307657429035,
        0.9994423173140066,
        0.9993978921263232,
        0.9993970652615779,
        0.9994093178937139,
        0.9994746402085986
      ],
      "learning_rate": [
        0.001,
        0.001,
        0.001,
        0.001,
        0.001,
        0.001,
        0.001,
        0.001
      ]
    },
    "final_metrics": {
      "loss": 0.026426436684348367,
      "accuracy": 0.9931506849315068,
      "precision": 0.9891696750902527,
      "recall": 0.9681978798586572,
      "f1": 0.9785714285714285,
      "auroc": 0.9994746402085986
    },
    "best_val_f1": 0.9785714285714285,
    "training_time": 8.454217672348022,
    "num_parameters": 8193
  },
  "config": {
    "dataset_path": "data/NTML-datasets/4T1L_500samples.jsonl",
    "max_length": 312,
    "model_name": "meta-llama/Llama-3.3-70B-Instruct",
    "hook_point": "blocks.61.hook_resid_pre",
    "hook_layer": 61,
    "device": "cuda",
    "dtype": "bfloat16",
    "batch_size": 32,
    "learning_rate": 0.001,
    "num_epochs": 8,
    "weight_decay": 0.001,
    "train_ratio": 0.8,
    "handle_class_imbalance": true,
    "optimizer_type": "AdamW",
    "scheduler_type": "cosine",
    "warmup_ratio": 0.1,
    "gradient_clip_norm": 1.0,
    "cache_dir": "./cache/ntml_binary/meta_llama_Llama_3.3_70B_Instruct_4T1L_500samples",
    "activation_batch_size": 4,
    "force_recache": false,
    "output_dir": "./ntml_4T1L_500samples_pytorch_llama70b",
    "probe_name": "ntml_binary_4T1L_500samples_layer_61",
    "save_checkpoints": true,
    "checkpoint_every": 5,
    "verbose": true,
    "log_every": 10,
    "eval_every": 1,
    "ignore_system_tokens": true,
    "ignore_user_tokens": true,
    "min_tokens_per_statement": 1,
    "token_overlap_strategy": "majority",
    "probe_method": "pytorch",
    "sklearn_C": 1.0,
    "sklearn_C_sweep": false,
    "sklearn_C_values": [
      0.0001,
      0.001,
      0.01,
      0.1,
      1.0,
      10.0,
      100.0,
      1000.0,
      10000.0
    ],
    "sklearn_solver": "liblinear",
    "sklearn_max_iter": 1000,
    "pytorch_bias": true,
    "pytorch_normalize_weights": true
  }
}