{
  "loss": 0.03203296661376953,
  "accuracy": 0.9912956621004566,
  "precision": 0.9914893617021276,
  "recall": 0.9580592105263158,
  "f1": 0.9744876620660812,
  "auroc": 0.9994781396526969
}