{
  "model_type": "pytorch_interpretability_probe",
  "training_history": {
    "train_loss": [
      0.2296308756521031,
      0.14520462182218627,
      0.12790669963512247,
      0.11987383457827785,
      0.11556699897532594,
      0.11295935397618982,
      0.11129735144850327,
      0.11004310552898335
    ],
    "train_accuracy": [
      0.9061719586157688,
      0.9495540492329647,
      0.9587227970032108,
      0.9635390652871922,
      0.9654655726007849,
      0.9667142347484837,
      0.9676418123439172,
      0.9682126293257224
    ],
    "val_loss": [
      0.16526913724162362,
      0.1412052804773504,
      0.1316626028581099,
      0.12755084037780762,
      0.12475861202586781,
      0.1232557329264554,
      0.12213354977694425,
      0.12157607078552246
    ],
    "val_accuracy": [
      0.9356449771689498,
      0.9477739726027398,
      0.956763698630137,
      0.9570490867579908,
      0.9571917808219178,
      0.9599029680365296,
      0.9604737442922374,
      0.96175799086758
    ],
    "val_f1": [
      0.7820202996616723,
      0.8299256505576208,
      0.8640646029609691,
      0.8641083521444696,
      0.8647430117222723,
      0.874497543546226,
      0.8772707133362871,
      0.8812056737588653
    ],
    "val_auroc": [
      0.9860254202230496,
      0.990847326697566,
      0.9921911539987673,
      0.9928203980897546,
      0.9932738984710718,
      0.9938182959192001,
      0.9937684150984811,
      0.9938713426594287
    ],
    "learning_rate": [
      0.001,
      0.001,
      0.001,
      0.001,
      0.001,
      0.001,
      0.001,
      0.001
    ]
  },
  "metadata": {
    "layer": 22,
    "num_assistant_tokens": 35038,
    "hidden_size": 8192,
    "label_distribution": [
      29014,
      6024
    ],
    "training_history": {
      "train_loss": [
        0.2296308756521031,
        0.14520462182218627,
        0.12790669963512247,
        0.11987383457827785,
        0.11556699897532594,
        0.11295935397618982,
        0.11129735144850327,
        0.11004310552898335
      ],
      "train_accuracy": [
        0.9061719586157688,
        0.9495540492329647,
        0.9587227970032108,
        0.9635390652871922,
        0.9654655726007849,
        0.9667142347484837,
        0.9676418123439172,
        0.9682126293257224
      ],
      "val_loss": [
        0.16526913724162362,
        0.1412052804773504,
        0.1316626028581099,
        0.12755084037780762,
        0.12475861202586781,
        0.1232557329264554,
        0.12213354977694425,
        0.12157607078552246
      ],
      "val_accuracy": [
        0.9356449771689498,
        0.9477739726027398,
        0.956763698630137,
        0.9570490867579908,
        0.9571917808219178,
        0.9599029680365296,
        0.9604737442922374,
        0.96175799086758
      ],
      "val_f1": [
        0.7820202996616723,
        0.8299256505576208,
        0.8640646029609691,
        0.8641083521444696,
        0.8647430117222723,
        0.874497543546226,
        0.8772707133362871,
        0.8812056737588653
      ],
      "val_auroc": [
        0.9860254202230496,
        0.990847326697566,
        0.9921911539987673,
        0.9928203980897546,
        0.9932738984710718,
        0.9938182959192001,
        0.9937684150984811,
        0.9938713426594287
      ],
      "learning_rate": [
        0.001,
        0.001,
        0.001,
        0.001,
        0.001,
        0.001,
        0.001,
        0.001
      ]
    },
    "final_metrics": {
      "loss": 0.12157607078552246,
      "accuracy": 0.96175799086758,
      "precision": 0.9688109161793372,
      "recall": 0.808130081300813,
      "f1": 0.8812056737588653,
      "auroc": 0.9938713426594287
    },
    "best_val_f1": 0.8812056737588653,
    "training_time": 8.620869874954224,
    "num_parameters": 8193
  },
  "config": {
    "dataset_path": "data/NTML-datasets/4T1L_500samples.jsonl",
    "max_length": 312,
    "model_name": "meta-llama/Llama-3.3-70B-Instruct",
    "hook_point": "blocks.22.hook_resid_pre",
    "hook_layer": 22,
    "device": "cuda",
    "dtype": "bfloat16",
    "batch_size": 32,
    "learning_rate": 0.001,
    "num_epochs": 8,
    "weight_decay": 0.001,
    "train_ratio": 0.8,
    "handle_class_imbalance": true,
    "optimizer_type": "AdamW",
    "scheduler_type": "cosine",
    "warmup_ratio": 0.1,
    "gradient_clip_norm": 1.0,
    "cache_dir": "./cache/ntml_binary/meta_llama_Llama_3.3_70B_Instruct_4T1L_500samples",
    "activation_batch_size": 4,
    "force_recache": false,
    "output_dir": "./ntml_4T1L_500samples_pytorch_llama70b",
    "probe_name": "ntml_binary_4T1L_500samples_layer_22",
    "save_checkpoints": true,
    "checkpoint_every": 5,
    "verbose": true,
    "log_every": 10,
    "eval_every": 1,
    "ignore_system_tokens": true,
    "ignore_user_tokens": true,
    "min_tokens_per_statement": 1,
    "token_overlap_strategy": "majority",
    "probe_method": "pytorch",
    "sklearn_C": 1.0,
    "sklearn_C_sweep": false,
    "sklearn_C_values": [
      0.0001,
      0.001,
      0.01,
      0.1,
      1.0,
      10.0,
      100.0,
      1000.0,
      10000.0
    ],
    "sklearn_solver": "liblinear",
    "sklearn_max_iter": 1000,
    "pytorch_bias": true,
    "pytorch_normalize_weights": true
  }
}