{
  "loss": 0.10690772533416748,
  "accuracy": 0.9656107305936074,
  "precision": 0.977,
  "recall": 0.8175732217573222,
  "f1": 0.8902050113895217,
  "auroc": 0.9946299845894392
}