{
  "model_type": "pytorch_interpretability_probe",
  "training_history": {
    "train_loss": [
      0.4123747666200546,
      0.38027455164417284,
      0.36786645365087955,
      0.3611949298479786,
      0.3572262488475673,
      0.35404167508017526,
      0.3522915492114955,
      0.35078820177953535
    ],
    "train_accuracy": [
      0.8303960042811274,
      0.8369960756332501,
      0.8399571887263646,
      0.8412772029967892,
      0.8421691045308598,
      0.8435247948626472,
      0.8442026400285408,
      0.8444523724580806
    ],
    "val_loss": [
      0.4039511978626251,
      0.39190062176097523,
      0.38671393394470216,
      0.38269127932461827,
      0.38066639412533154,
      0.3802166841246865,
      0.3783352277495644,
      0.3774465344168923
    ],
    "val_accuracy": [
      0.8281963470319634,
      0.8301940639269406,
      0.8303367579908676,
      0.8311929223744292,
      0.831763698630137,
      0.8334760273972602,
      0.8333333333333334,
      0.8330479452054794
    ],
    "val_f1": [
      0.05642633228840126,
      0.080370942812983,
      0.09167303284950344,
      0.10310841546626232,
      0.11018867924528301,
      0.14505494505494507,
      0.13864306784660768,
      0.12816691505216096
    ],
    "val_auroc": [
      0.7465419632739144,
      0.7734237985439076,
      0.7866353046192034,
      0.7934046670953699,
      0.7993636060096412,
      0.8015313871550886,
      0.8047286746321546,
      0.8050674167850846
    ],
    "learning_rate": [
      0.001,
      0.001,
      0.001,
      0.001,
      0.001,
      0.001,
      0.001,
      0.001
    ]
  },
  "metadata": {
    "layer": 13,
    "num_assistant_tokens": 35038,
    "hidden_size": 8192,
    "label_distribution": [
      29014,
      6024
    ],
    "training_history": {
      "train_loss": [
        0.4123747666200546,
        0.38027455164417284,
        0.36786645365087955,
        0.3611949298479786,
        0.3572262488475673,
        0.35404167508017526,
        0.3522915492114955,
        0.35078820177953535
      ],
      "train_accuracy": [
        0.8303960042811274,
        0.8369960756332501,
        0.8399571887263646,
        0.8412772029967892,
        0.8421691045308598,
        0.8435247948626472,
        0.8442026400285408,
        0.8444523724580806
      ],
      "val_loss": [
        0.4039511978626251,
        0.39190062176097523,
        0.38671393394470216,
        0.38269127932461827,
        0.38066639412533154,
        0.3802166841246865,
        0.3783352277495644,
        0.3774465344168923
      ],
      "val_accuracy": [
        0.8281963470319634,
        0.8301940639269406,
        0.8303367579908676,
        0.8311929223744292,
        0.831763698630137,
        0.8334760273972602,
        0.8333333333333334,
        0.8330479452054794
      ],
      "val_f1": [
        0.05642633228840126,
        0.080370942812983,
        0.09167303284950344,
        0.10310841546626232,
        0.11018867924528301,
        0.14505494505494507,
        0.13864306784660768,
        0.12816691505216096
      ],
      "val_auroc": [
        0.7465419632739144,
        0.7734237985439076,
        0.7866353046192034,
        0.7934046670953699,
        0.7993636060096412,
        0.8015313871550886,
        0.8047286746321546,
        0.8050674167850846
      ],
      "learning_rate": [
        0.001,
        0.001,
        0.001,
        0.001,
        0.001,
        0.001,
        0.001,
        0.001
      ]
    },
    "final_metrics": {
      "loss": 0.3774465344168923,
      "accuracy": 0.8330479452054794,
      "precision": 0.7818181818181819,
      "recall": 0.0698051948051948,
      "f1": 0.12816691505216096,
      "auroc": 0.8050674167850846
    },
    "best_val_f1": 0.14505494505494507,
    "training_time": 8.361016273498535,
    "num_parameters": 8193
  },
  "config": {
    "dataset_path": "data/NTML-datasets/4T1L_500samples.jsonl",
    "max_length": 312,
    "model_name": "meta-llama/Llama-3.3-70B-Instruct",
    "hook_point": "blocks.13.hook_resid_pre",
    "hook_layer": 13,
    "device": "cuda",
    "dtype": "bfloat16",
    "batch_size": 32,
    "learning_rate": 0.001,
    "num_epochs": 8,
    "weight_decay": 0.001,
    "train_ratio": 0.8,
    "handle_class_imbalance": true,
    "optimizer_type": "AdamW",
    "scheduler_type": "cosine",
    "warmup_ratio": 0.1,
    "gradient_clip_norm": 1.0,
    "cache_dir": "./cache/ntml_binary/meta_llama_Llama_3.3_70B_Instruct_4T1L_500samples",
    "activation_batch_size": 4,
    "force_recache": false,
    "output_dir": "./ntml_4T1L_500samples_pytorch_llama70b",
    "probe_name": "ntml_binary_4T1L_500samples_layer_13",
    "save_checkpoints": true,
    "checkpoint_every": 5,
    "verbose": true,
    "log_every": 10,
    "eval_every": 1,
    "ignore_system_tokens": true,
    "ignore_user_tokens": true,
    "min_tokens_per_statement": 1,
    "token_overlap_strategy": "majority",
    "probe_method": "pytorch",
    "sklearn_C": 1.0,
    "sklearn_C_sweep": false,
    "sklearn_C_values": [
      0.0001,
      0.001,
      0.01,
      0.1,
      1.0,
      10.0,
      100.0,
      1000.0,
      10000.0
    ],
    "sklearn_solver": "liblinear",
    "sklearn_max_iter": 1000,
    "pytorch_bias": true,
    "pytorch_normalize_weights": true
  }
}