{
  "loss": 0.0585489576513117,
  "accuracy": 0.9838755707762558,
  "precision": 0.9856244384546271,
  "recall": 0.9187604690117253,
  "f1": 0.9510186389250108,
  "auroc": 0.9988825131274996
}