{
  "loss": 0.029127892580899324,
  "accuracy": 0.9921518264840182,
  "precision": 0.9947414548641542,
  "recall": 0.9586148648648649,
  "f1": 0.9763440860215054,
  "auroc": 0.9997055375473345
}