{
  "model_type": "pytorch_interpretability_probe",
  "training_history": {
    "train_loss": [
      0.21836512255137913,
      0.13423275488288436,
      0.11665829595977857,
      0.10878446218493866,
      0.10479322020559823,
      0.10189326855111612,
      0.10006275396692017,
      0.09877248960610939
    ],
    "train_accuracy": [
      0.9124509454156261,
      0.9545130217623974,
      0.9635747413485551,
      0.9681412772029968,
      0.9704245451302176,
      0.9717445594006422,
      0.9725294327506243,
      0.973421334284695
    ],
    "val_loss": [
      0.1589509530500932,
      0.13470892039212315,
      0.1255449901927601,
      0.12308941104195335,
      0.11895904541015626,
      0.1175031219016422,
      0.11639863361011851,
      0.11545391082763672
    ],
    "val_accuracy": [
      0.9486301369863014,
      0.954337899543379,
      0.959046803652968,
      0.9630422374429224,
      0.9619006849315068,
      0.9631849315068494,
      0.963755707762557,
      0.9631849315068494
    ],
    "val_f1": [
      0.8301886792452831,
      0.8504672897196262,
      0.8678028558268079,
      0.8842199374161824,
      0.8782489740082079,
      0.8828337874659401,
      0.8845454545454545,
      0.8828337874659401
    ],
    "val_auroc": [
      0.9838787326830783,
      0.9902040763723765,
      0.9918660855756103,
      0.9924609950862149,
      0.9927713017198605,
      0.9928569331766763,
      0.9932306042244374,
      0.9931378129468176
    ],
    "learning_rate": [
      0.001,
      0.001,
      0.001,
      0.001,
      0.001,
      0.001,
      0.001,
      0.001
    ]
  },
  "metadata": {
    "layer": 26,
    "num_assistant_tokens": 35038,
    "hidden_size": 8192,
    "label_distribution": [
      29014,
      6024
    ],
    "training_history": {
      "train_loss": [
        0.21836512255137913,
        0.13423275488288436,
        0.11665829595977857,
        0.10878446218493866,
        0.10479322020559823,
        0.10189326855111612,
        0.10006275396692017,
        0.09877248960610939
      ],
      "train_accuracy": [
        0.9124509454156261,
        0.9545130217623974,
        0.9635747413485551,
        0.9681412772029968,
        0.9704245451302176,
        0.9717445594006422,
        0.9725294327506243,
        0.973421334284695
      ],
      "val_loss": [
        0.1589509530500932,
        0.13470892039212315,
        0.1255449901927601,
        0.12308941104195335,
        0.11895904541015626,
        0.1175031219016422,
        0.11639863361011851,
        0.11545391082763672
      ],
      "val_accuracy": [
        0.9486301369863014,
        0.954337899543379,
        0.959046803652968,
        0.9630422374429224,
        0.9619006849315068,
        0.9631849315068494,
        0.963755707762557,
        0.9631849315068494
      ],
      "val_f1": [
        0.8301886792452831,
        0.8504672897196262,
        0.8678028558268079,
        0.8842199374161824,
        0.8782489740082079,
        0.8828337874659401,
        0.8845454545454545,
        0.8828337874659401
      ],
      "val_auroc": [
        0.9838787326830783,
        0.9902040763723765,
        0.9918660855756103,
        0.9924609950862149,
        0.9927713017198605,
        0.9928569331766763,
        0.9932306042244374,
        0.9931378129468176
      ],
      "learning_rate": [
        0.001,
        0.001,
        0.001,
        0.001,
        0.001,
        0.001,
        0.001,
        0.001
      ]
    },
    "final_metrics": {
      "loss": 0.11545391082763672,
      "accuracy": 0.9631849315068494,
      "precision": 0.972972972972973,
      "recall": 0.8079800498753117,
      "f1": 0.8828337874659401,
      "auroc": 0.9931378129468176
    },
    "best_val_f1": 0.8845454545454545,
    "training_time": 8.15871810913086,
    "num_parameters": 8193
  },
  "config": {
    "dataset_path": "data/NTML-datasets/4T1L_500samples.jsonl",
    "max_length": 312,
    "model_name": "meta-llama/Llama-3.3-70B-Instruct",
    "hook_point": "blocks.26.hook_resid_pre",
    "hook_layer": 26,
    "device": "cuda",
    "dtype": "bfloat16",
    "batch_size": 32,
    "learning_rate": 0.001,
    "num_epochs": 8,
    "weight_decay": 0.001,
    "train_ratio": 0.8,
    "handle_class_imbalance": true,
    "optimizer_type": "AdamW",
    "scheduler_type": "cosine",
    "warmup_ratio": 0.1,
    "gradient_clip_norm": 1.0,
    "cache_dir": "./cache/ntml_binary/meta_llama_Llama_3.3_70B_Instruct_4T1L_500samples",
    "activation_batch_size": 4,
    "force_recache": false,
    "output_dir": "./ntml_4T1L_500samples_pytorch_llama70b",
    "probe_name": "ntml_binary_4T1L_500samples_layer_26",
    "save_checkpoints": true,
    "checkpoint_every": 5,
    "verbose": true,
    "log_every": 10,
    "eval_every": 1,
    "ignore_system_tokens": true,
    "ignore_user_tokens": true,
    "min_tokens_per_statement": 1,
    "token_overlap_strategy": "majority",
    "probe_method": "pytorch",
    "sklearn_C": 1.0,
    "sklearn_C_sweep": false,
    "sklearn_C_values": [
      0.0001,
      0.001,
      0.01,
      0.1,
      1.0,
      10.0,
      100.0,
      1000.0,
      10000.0
    ],
    "sklearn_solver": "liblinear",
    "sklearn_max_iter": 1000,
    "pytorch_bias": true,
    "pytorch_normalize_weights": true
  }
}