{
  "loss": 0.028004689650102096,
  "accuracy": 0.992722602739726,
  "precision": 0.9982905982905983,
  "recall": 0.9597370583401807,
  "f1": 0.9786342689568496,
  "auroc": 0.9997931224421427
}