{
  "model_type": "pytorch_interpretability_probe",
  "training_history": {
    "train_loss": [
      0.09281944719113444,
      0.0374342617429963,
      0.0290907702353447,
      0.025465807560661205,
      0.023556470872034833,
      0.022393836061465958,
      0.02163222267985616,
      0.021095932780267442
    ],
    "train_accuracy": [
      0.9697466999643239,
      0.9916874777024617,
      0.9949696753478416,
      0.9961469853728149,
      0.9971102390296112,
      0.9972886193364252,
      0.9975383517659651,
      0.9975740278273278
    ],
    "val_loss": [
      0.04679459658536044,
      0.03685997832905163,
      0.032718511061234905,
      0.03063008351759477,
      0.02961844964460893,
      0.028699926896528765,
      0.028049746426669034,
      0.027740309455178
    ],
    "val_accuracy": [
      0.9860159817351598,
      0.990439497716895,
      0.9918664383561644,
      0.9918664383561644,
      0.9917237442922374,
      0.9918664383561644,
      0.992579908675799,
      0.9921518264840182
    ],
    "val_f1": [
      0.9567901234567902,
      0.9709327548806942,
      0.9752066115702479,
      0.9751850239442751,
      0.9748263888888888,
      0.9752496743378203,
      0.9774501300954033,
      0.9761181068171949
    ],
    "val_auroc": [
      0.9991979326377923,
      0.9994460325448355,
      0.9995921032001658,
      0.9996670469886544,
      0.9996856911828522,
      0.9997115288063076,
      0.9997231997782663,
      0.9997193828566194
    ],
    "learning_rate": [
      0.001,
      0.001,
      0.001,
      0.001,
      0.001,
      0.001,
      0.001,
      0.001
    ]
  },
  "metadata": {
    "layer": 42,
    "num_assistant_tokens": 35038,
    "hidden_size": 8192,
    "label_distribution": [
      29014,
      6024
    ],
    "training_history": {
      "train_loss": [
        0.09281944719113444,
        0.0374342617429963,
        0.0290907702353447,
        0.025465807560661205,
        0.023556470872034833,
        0.022393836061465958,
        0.02163222267985616,
        0.021095932780267442
      ],
      "train_accuracy": [
        0.9697466999643239,
        0.9916874777024617,
        0.9949696753478416,
        0.9961469853728149,
        0.9971102390296112,
        0.9972886193364252,
        0.9975383517659651,
        0.9975740278273278
      ],
      "val_loss": [
        0.04679459658536044,
        0.03685997832905163,
        0.032718511061234905,
        0.03063008351759477,
        0.02961844964460893,
        0.028699926896528765,
        0.028049746426669034,
        0.027740309455178
      ],
      "val_accuracy": [
        0.9860159817351598,
        0.990439497716895,
        0.9918664383561644,
        0.9918664383561644,
        0.9917237442922374,
        0.9918664383561644,
        0.992579908675799,
        0.9921518264840182
      ],
      "val_f1": [
        0.9567901234567902,
        0.9709327548806942,
        0.9752066115702479,
        0.9751850239442751,
        0.9748263888888888,
        0.9752496743378203,
        0.9774501300954033,
        0.9761181068171949
      ],
      "val_auroc": [
        0.9991979326377923,
        0.9994460325448355,
        0.9995921032001658,
        0.9996670469886544,
        0.9996856911828522,
        0.9997115288063076,
        0.9997231997782663,
        0.9997193828566194
      ],
      "learning_rate": [
        0.001,
        0.001,
        0.001,
        0.001,
        0.001,
        0.001,
        0.001,
        0.001
      ]
    },
    "final_metrics": {
      "loss": 0.027740309455178,
      "accuracy": 0.9921518264840182,
      "precision": 0.9885664028144239,
      "recall": 0.9639794168096055,
      "f1": 0.9761181068171949,
      "auroc": 0.9997193828566194
    },
    "best_val_f1": 0.9774501300954033,
    "training_time": 7.932027578353882,
    "num_parameters": 8193
  },
  "config": {
    "dataset_path": "data/NTML-datasets/4T1L_500samples.jsonl",
    "max_length": 312,
    "model_name": "meta-llama/Llama-3.3-70B-Instruct",
    "hook_point": "blocks.42.hook_resid_pre",
    "hook_layer": 42,
    "device": "cuda",
    "dtype": "bfloat16",
    "batch_size": 32,
    "learning_rate": 0.001,
    "num_epochs": 8,
    "weight_decay": 0.001,
    "train_ratio": 0.8,
    "handle_class_imbalance": true,
    "optimizer_type": "AdamW",
    "scheduler_type": "cosine",
    "warmup_ratio": 0.1,
    "gradient_clip_norm": 1.0,
    "cache_dir": "./cache/ntml_binary/meta_llama_Llama_3.3_70B_Instruct_4T1L_500samples",
    "activation_batch_size": 4,
    "force_recache": false,
    "output_dir": "./ntml_4T1L_500samples_pytorch_llama70b",
    "probe_name": "ntml_binary_4T1L_500samples_layer_42",
    "save_checkpoints": true,
    "checkpoint_every": 5,
    "verbose": true,
    "log_every": 10,
    "eval_every": 1,
    "ignore_system_tokens": true,
    "ignore_user_tokens": true,
    "min_tokens_per_statement": 1,
    "token_overlap_strategy": "majority",
    "probe_method": "pytorch",
    "sklearn_C": 1.0,
    "sklearn_C_sweep": false,
    "sklearn_C_values": [
      0.0001,
      0.001,
      0.01,
      0.1,
      1.0,
      10.0,
      100.0,
      1000.0,
      10000.0
    ],
    "sklearn_solver": "liblinear",
    "sklearn_max_iter": 1000,
    "pytorch_bias": true,
    "pytorch_normalize_weights": true
  }
}