{
  "loss": 0.02899808016690341,
  "accuracy": 0.9897260273972602,
  "precision": 0.9938053097345133,
  "recall": 0.9452861952861953,
  "f1": 0.9689387402933564,
  "auroc": 0.9995078939451791
}