{
  "model_type": "pytorch_interpretability_probe",
  "training_history": {
    "train_loss": [
      0.09052567095517024,
      0.031140362218736787,
      0.022748233158285964,
      0.019556275824059364,
      0.017740074503416255,
      0.016627948142728475,
      0.01580169400546836,
      0.015456427396891733
    ],
    "train_accuracy": [
      0.9691402069211559,
      0.9939350695683197,
      0.9968248305387085,
      0.997752408134142,
      0.9983232251159472,
      0.9984302533000357,
      0.9988583660363896,
      0.9988583660363896
    ],
    "val_loss": [
      0.0497509089383212,
      0.03922371864318848,
      0.03681709116155451,
      0.035473257303237915,
      0.034651630575006656,
      0.03404551852833141,
      0.03429431915283203,
      0.033814252506602895
    ],
    "val_accuracy": [
      0.9853025114155252,
      0.9877283105022832,
      0.9875856164383562,
      0.9873002283105022,
      0.9884417808219178,
      0.9884417808219178,
      0.9890125570776256,
      0.9877283105022832
    ],
    "val_f1": [
      0.9566315789473684,
      0.9641068447412354,
      0.9636135508155583,
      0.9626207475850483,
      0.9661229611041405,
      0.9660661918726435,
      0.9678228165482657,
      0.9638958858102435
    ],
    "val_auroc": [
      0.9980421240620332,
      0.9987934210367415,
      0.998867726694414,
      0.9989718682758175,
      0.9990098025217038,
      0.9989762015885498,
      0.998971157896681,
      0.9990229445357282
    ],
    "learning_rate": [
      0.001,
      0.001,
      0.001,
      0.001,
      0.001,
      0.001,
      0.001,
      0.001
    ]
  },
  "metadata": {
    "layer": 62,
    "num_assistant_tokens": 35038,
    "hidden_size": 8192,
    "label_distribution": [
      29014,
      6024
    ],
    "training_history": {
      "train_loss": [
        0.09052567095517024,
        0.031140362218736787,
        0.022748233158285964,
        0.019556275824059364,
        0.017740074503416255,
        0.016627948142728475,
        0.01580169400546836,
        0.015456427396891733
      ],
      "train_accuracy": [
        0.9691402069211559,
        0.9939350695683197,
        0.9968248305387085,
        0.997752408134142,
        0.9983232251159472,
        0.9984302533000357,
        0.9988583660363896,
        0.9988583660363896
      ],
      "val_loss": [
        0.0497509089383212,
        0.03922371864318848,
        0.03681709116155451,
        0.035473257303237915,
        0.034651630575006656,
        0.03404551852833141,
        0.03429431915283203,
        0.033814252506602895
      ],
      "val_accuracy": [
        0.9853025114155252,
        0.9877283105022832,
        0.9875856164383562,
        0.9873002283105022,
        0.9884417808219178,
        0.9884417808219178,
        0.9890125570776256,
        0.9877283105022832
      ],
      "val_f1": [
        0.9566315789473684,
        0.9641068447412354,
        0.9636135508155583,
        0.9626207475850483,
        0.9661229611041405,
        0.9660661918726435,
        0.9678228165482657,
        0.9638958858102435
      ],
      "val_auroc": [
        0.9980421240620332,
        0.9987934210367415,
        0.998867726694414,
        0.9989718682758175,
        0.9990098025217038,
        0.9989762015885498,
        0.998971157896681,
        0.9990229445357282
      ],
      "learning_rate": [
        0.001,
        0.001,
        0.001,
        0.001,
        0.001,
        0.001,
        0.001,
        0.001
      ]
    },
    "final_metrics": {
      "loss": 0.033814252506602895,
      "accuracy": 0.9877283105022832,
      "precision": 0.9837189374464439,
      "recall": 0.9448559670781893,
      "f1": 0.9638958858102435,
      "auroc": 0.9990229445357282
    },
    "best_val_f1": 0.9678228165482657,
    "training_time": 8.44134521484375,
    "num_parameters": 8193
  },
  "config": {
    "dataset_path": "data/NTML-datasets/4T1L_500samples.jsonl",
    "max_length": 312,
    "model_name": "meta-llama/Llama-3.3-70B-Instruct",
    "hook_point": "blocks.62.hook_resid_pre",
    "hook_layer": 62,
    "device": "cuda",
    "dtype": "bfloat16",
    "batch_size": 32,
    "learning_rate": 0.001,
    "num_epochs": 8,
    "weight_decay": 0.001,
    "train_ratio": 0.8,
    "handle_class_imbalance": true,
    "optimizer_type": "AdamW",
    "scheduler_type": "cosine",
    "warmup_ratio": 0.1,
    "gradient_clip_norm": 1.0,
    "cache_dir": "./cache/ntml_binary/meta_llama_Llama_3.3_70B_Instruct_4T1L_500samples",
    "activation_batch_size": 4,
    "force_recache": false,
    "output_dir": "./ntml_4T1L_500samples_pytorch_llama70b",
    "probe_name": "ntml_binary_4T1L_500samples_layer_62",
    "save_checkpoints": true,
    "checkpoint_every": 5,
    "verbose": true,
    "log_every": 10,
    "eval_every": 1,
    "ignore_system_tokens": true,
    "ignore_user_tokens": true,
    "min_tokens_per_statement": 1,
    "token_overlap_strategy": "majority",
    "probe_method": "pytorch",
    "sklearn_C": 1.0,
    "sklearn_C_sweep": false,
    "sklearn_C_values": [
      0.0001,
      0.001,
      0.01,
      0.1,
      1.0,
      10.0,
      100.0,
      1000.0,
      10000.0
    ],
    "sklearn_solver": "liblinear",
    "sklearn_max_iter": 1000,
    "pytorch_bias": true,
    "pytorch_normalize_weights": true
  }
}