{
  "model_type": "pytorch_interpretability_probe",
  "training_history": {
    "train_loss": [
      0.08351518121041936,
      0.03522873091932437,
      0.028069908943316436,
      0.0249551921321683,
      0.023413933757224788,
      0.022312900210947614,
      0.021560750450390354,
      0.021067763899333913
    ],
    "train_accuracy": [
      0.9729932215483411,
      0.9903674634320371,
      0.9931501962183374,
      0.9947556189796647,
      0.9952907599001071,
      0.9958615768819122,
      0.996111309311452,
      0.9964323938637174
    ],
    "val_loss": [
      0.04488648934797807,
      0.03429462801326405,
      0.030825393850153142,
      0.029425161535089665,
      0.028357419100674717,
      0.027481122450395065,
      0.027093267440795897,
      0.026695893027565695
    ],
    "val_accuracy": [
      0.9875856164383562,
      0.9898687214611872,
      0.9922945205479452,
      0.9917237442922374,
      0.9921518264840182,
      0.992865296803653,
      0.9924372146118722,
      0.992579908675799
    ],
    "val_f1": [
      0.9647344953384678,
      0.9713594191206132,
      0.9782608695652174,
      0.9766317485898469,
      0.9778493757551349,
      0.9798711755233495,
      0.9786548530004028,
      0.9790660225442834
    ],
    "val_auroc": [
      0.9991140553605773,
      0.999553949802511,
      0.999697883817238,
      0.9996803157058778,
      0.9997077053598095,
      0.9997477523538156,
      0.9997602021965118,
      0.9997731361997575
    ],
    "learning_rate": [
      0.001,
      0.001,
      0.001,
      0.001,
      0.001,
      0.001,
      0.001,
      0.001
    ]
  },
  "metadata": {
    "layer": 34,
    "num_assistant_tokens": 35038,
    "hidden_size": 8192,
    "label_distribution": [
      29014,
      6024
    ],
    "training_history": {
      "train_loss": [
        0.08351518121041936,
        0.03522873091932437,
        0.028069908943316436,
        0.0249551921321683,
        0.023413933757224788,
        0.022312900210947614,
        0.021560750450390354,
        0.021067763899333913
      ],
      "train_accuracy": [
        0.9729932215483411,
        0.9903674634320371,
        0.9931501962183374,
        0.9947556189796647,
        0.9952907599001071,
        0.9958615768819122,
        0.996111309311452,
        0.9964323938637174
      ],
      "val_loss": [
        0.04488648934797807,
        0.03429462801326405,
        0.030825393850153142,
        0.029425161535089665,
        0.028357419100674717,
        0.027481122450395065,
        0.027093267440795897,
        0.026695893027565695
      ],
      "val_accuracy": [
        0.9875856164383562,
        0.9898687214611872,
        0.9922945205479452,
        0.9917237442922374,
        0.9921518264840182,
        0.992865296803653,
        0.9924372146118722,
        0.992579908675799
      ],
      "val_f1": [
        0.9647344953384678,
        0.9713594191206132,
        0.9782608695652174,
        0.9766317485898469,
        0.9778493757551349,
        0.9798711755233495,
        0.9786548530004028,
        0.9790660225442834
      ],
      "val_auroc": [
        0.9991140553605773,
        0.999553949802511,
        0.999697883817238,
        0.9996803157058778,
        0.9997077053598095,
        0.9997477523538156,
        0.9997602021965118,
        0.9997731361997575
      ],
      "learning_rate": [
        0.001,
        0.001,
        0.001,
        0.001,
        0.001,
        0.001,
        0.001,
        0.001
      ]
    },
    "final_metrics": {
      "loss": 0.026695893027565695,
      "accuracy": 0.992579908675799,
      "precision": 0.9910350448247759,
      "recall": 0.9673826571201273,
      "f1": 0.9790660225442834,
      "auroc": 0.9997731361997575
    },
    "best_val_f1": 0.9798711755233495,
    "training_time": 8.212211608886719,
    "num_parameters": 8193
  },
  "config": {
    "dataset_path": "data/NTML-datasets/4T1L_500samples.jsonl",
    "max_length": 312,
    "model_name": "meta-llama/Llama-3.3-70B-Instruct",
    "hook_point": "blocks.34.hook_resid_pre",
    "hook_layer": 34,
    "device": "cuda",
    "dtype": "bfloat16",
    "batch_size": 32,
    "learning_rate": 0.001,
    "num_epochs": 8,
    "weight_decay": 0.001,
    "train_ratio": 0.8,
    "handle_class_imbalance": true,
    "optimizer_type": "AdamW",
    "scheduler_type": "cosine",
    "warmup_ratio": 0.1,
    "gradient_clip_norm": 1.0,
    "cache_dir": "./cache/ntml_binary/meta_llama_Llama_3.3_70B_Instruct_4T1L_500samples",
    "activation_batch_size": 4,
    "force_recache": false,
    "output_dir": "./ntml_4T1L_500samples_pytorch_llama70b",
    "probe_name": "ntml_binary_4T1L_500samples_layer_34",
    "save_checkpoints": true,
    "checkpoint_every": 5,
    "verbose": true,
    "log_every": 10,
    "eval_every": 1,
    "ignore_system_tokens": true,
    "ignore_user_tokens": true,
    "min_tokens_per_statement": 1,
    "token_overlap_strategy": "majority",
    "probe_method": "pytorch",
    "sklearn_C": 1.0,
    "sklearn_C_sweep": false,
    "sklearn_C_values": [
      0.0001,
      0.001,
      0.01,
      0.1,
      1.0,
      10.0,
      100.0,
      1000.0,
      10000.0
    ],
    "sklearn_solver": "liblinear",
    "sklearn_max_iter": 1000,
    "pytorch_bias": true,
    "pytorch_normalize_weights": true
  }
}