{
  "model_type": "pytorch_interpretability_probe",
  "training_history": {
    "train_loss": [
      0.4466138419155116,
      0.423472114791881,
      0.41849574521524174,
      0.41578418843141973,
      0.4140363824149789,
      0.4129279794418104,
      0.4120832028454297,
      0.4116683048472557
    ],
    "train_accuracy": [
      0.8285408490902605,
      0.8285408490902605,
      0.8285408490902605,
      0.8285408490902605,
      0.8285408490902605,
      0.8285408490902605,
      0.8285408490902605,
      0.8285408490902605
    ],
    "val_loss": [
      0.4329375527121804,
      0.4293162085793235,
      0.4277518705888228,
      0.42718570015647195,
      0.42647571563720704,
      0.4261205499822443,
      0.4260262749411843,
      0.425697153264826
    ],
    "val_accuracy": [
      0.8261986301369864,
      0.8261986301369864,
      0.8261986301369864,
      0.8261986301369864,
      0.8261986301369864,
      0.8261986301369864,
      0.8261986301369864,
      0.8261986301369864
    ],
    "val_f1": [
      0.0,
      0.0,
      0.0,
      0.0,
      0.0,
      0.0,
      0.0,
      0.0
    ],
    "val_auroc": [
      0.6377632149876209,
      0.6547952985017484,
      0.6603353270317716,
      0.6652751899401891,
      0.6672474766811018,
      0.6687931601680039,
      0.6704023697502347,
      0.6712815255338036
    ],
    "learning_rate": [
      0.001,
      0.001,
      0.001,
      0.001,
      0.001,
      0.001,
      0.001,
      0.001
    ]
  },
  "metadata": {
    "layer": 5,
    "num_assistant_tokens": 35038,
    "hidden_size": 8192,
    "label_distribution": [
      29014,
      6024
    ],
    "training_history": {
      "train_loss": [
        0.4466138419155116,
        0.423472114791881,
        0.41849574521524174,
        0.41578418843141973,
        0.4140363824149789,
        0.4129279794418104,
        0.4120832028454297,
        0.4116683048472557
      ],
      "train_accuracy": [
        0.8285408490902605,
        0.8285408490902605,
        0.8285408490902605,
        0.8285408490902605,
        0.8285408490902605,
        0.8285408490902605,
        0.8285408490902605,
        0.8285408490902605
      ],
      "val_loss": [
        0.4329375527121804,
        0.4293162085793235,
        0.4277518705888228,
        0.42718570015647195,
        0.42647571563720704,
        0.4261205499822443,
        0.4260262749411843,
        0.425697153264826
      ],
      "val_accuracy": [
        0.8261986301369864,
        0.8261986301369864,
        0.8261986301369864,
        0.8261986301369864,
        0.8261986301369864,
        0.8261986301369864,
        0.8261986301369864,
        0.8261986301369864
      ],
      "val_f1": [
        0.0,
        0.0,
        0.0,
        0.0,
        0.0,
        0.0,
        0.0,
        0.0
      ],
      "val_auroc": [
        0.6377632149876209,
        0.6547952985017484,
        0.6603353270317716,
        0.6652751899401891,
        0.6672474766811018,
        0.6687931601680039,
        0.6704023697502347,
        0.6712815255338036
      ],
      "learning_rate": [
        0.001,
        0.001,
        0.001,
        0.001,
        0.001,
        0.001,
        0.001,
        0.001
      ]
    },
    "final_metrics": {
      "loss": 0.425697153264826,
      "accuracy": 0.8261986301369864,
      "precision": 0.0,
      "recall": 0.0,
      "f1": 0.0,
      "auroc": 0.6712815255338036
    },
    "best_val_f1": 0.0,
    "training_time": 8.356191873550415,
    "num_parameters": 8193
  },
  "config": {
    "dataset_path": "data/NTML-datasets/4T1L_500samples.jsonl",
    "max_length": 312,
    "model_name": "meta-llama/Llama-3.3-70B-Instruct",
    "hook_point": "blocks.5.hook_resid_pre",
    "hook_layer": 5,
    "device": "cuda",
    "dtype": "bfloat16",
    "batch_size": 32,
    "learning_rate": 0.001,
    "num_epochs": 8,
    "weight_decay": 0.001,
    "train_ratio": 0.8,
    "handle_class_imbalance": true,
    "optimizer_type": "AdamW",
    "scheduler_type": "cosine",
    "warmup_ratio": 0.1,
    "gradient_clip_norm": 1.0,
    "cache_dir": "./cache/ntml_binary/meta_llama_Llama_3.3_70B_Instruct_4T1L_500samples",
    "activation_batch_size": 4,
    "force_recache": false,
    "output_dir": "./ntml_4T1L_500samples_pytorch_llama70b",
    "probe_name": "ntml_binary_4T1L_500samples_layer_5",
    "save_checkpoints": true,
    "checkpoint_every": 5,
    "verbose": true,
    "log_every": 10,
    "eval_every": 1,
    "ignore_system_tokens": true,
    "ignore_user_tokens": true,
    "min_tokens_per_statement": 1,
    "token_overlap_strategy": "majority",
    "probe_method": "pytorch",
    "sklearn_C": 1.0,
    "sklearn_C_sweep": false,
    "sklearn_C_values": [
      0.0001,
      0.001,
      0.01,
      0.1,
      1.0,
      10.0,
      100.0,
      1000.0,
      10000.0
    ],
    "sklearn_solver": "liblinear",
    "sklearn_max_iter": 1000,
    "pytorch_bias": true,
    "pytorch_normalize_weights": true
  }
}