{
  "loss": 0.03194413185119629,
  "accuracy": 0.990296803652968,
  "precision": 0.9965694682675815,
  "recall": 0.9477977161500816,
  "f1": 0.9715719063545151,
  "auroc": 0.9994946910110298
}