{
  "loss": 0.019089182940396396,
  "accuracy": 0.995291095890411,
  "precision": 0.9974683544303797,
  "recall": 0.9752475247524752,
  "f1": 0.986232790988736,
  "auroc": 0.9999353713839293
}