{
  "loss": 0.03022044355219061,
  "accuracy": 0.990582191780822,
  "precision": 0.98959236773634,
  "recall": 0.9548117154811715,
  "f1": 0.9718909710391823,
  "auroc": 0.9991229440289295
}