{
  "model_type": "pytorch_interpretability_probe",
  "training_history": {
    "train_loss": [
      0.5394390379185001,
      0.49244855303470403,
      0.484764322094177,
      0.481178012544706,
      0.47911013948590786,
      0.4778710512197725,
      0.4773229027175468,
      0.47687587536633286
    ],
    "train_accuracy": [
      0.8295041027470568,
      0.8296111309311452,
      0.8296111309311452,
      0.829646806992508,
      0.829646806992508,
      0.829646806992508,
      0.829646806992508,
      0.829646806992508
    ],
    "val_loss": [
      0.5050298777493564,
      0.4945715817538175,
      0.49106081182306466,
      0.4889617226340554,
      0.48723900534889913,
      0.48677468733354046,
      0.48631342107599435,
      0.48623872236772014
    ],
    "val_accuracy": [
      0.821917808219178,
      0.821917808219178,
      0.821917808219178,
      0.821917808219178,
      0.821917808219178,
      0.821917808219178,
      0.821917808219178,
      0.821917808219178
    ],
    "val_f1": [
      0.0,
      0.0,
      0.0,
      0.0,
      0.0,
      0.0,
      0.0,
      0.0
    ],
    "val_auroc": [
      0.6025622055335166,
      0.6047902920489474,
      0.6049351980597908,
      0.6054924110870776,
      0.6076924490326863,
      0.6075000066119458,
      0.6075216520343149,
      0.6078317174897936
    ],
    "learning_rate": [
      0.001,
      0.001,
      0.001,
      0.001,
      0.001,
      0.001,
      0.001,
      0.001
    ]
  },
  "metadata": {
    "layer": 0,
    "num_assistant_tokens": 35038,
    "hidden_size": 8192,
    "label_distribution": [
      29014,
      6024
    ],
    "training_history": {
      "train_loss": [
        0.5394390379185001,
        0.49244855303470403,
        0.484764322094177,
        0.481178012544706,
        0.47911013948590786,
        0.4778710512197725,
        0.4773229027175468,
        0.47687587536633286
      ],
      "train_accuracy": [
        0.8295041027470568,
        0.8296111309311452,
        0.8296111309311452,
        0.829646806992508,
        0.829646806992508,
        0.829646806992508,
        0.829646806992508,
        0.829646806992508
      ],
      "val_loss": [
        0.5050298777493564,
        0.4945715817538175,
        0.49106081182306466,
        0.4889617226340554,
        0.48723900534889913,
        0.48677468733354046,
        0.48631342107599435,
        0.48623872236772014
      ],
      "val_accuracy": [
        0.821917808219178,
        0.821917808219178,
        0.821917808219178,
        0.821917808219178,
        0.821917808219178,
        0.821917808219178,
        0.821917808219178,
        0.821917808219178
      ],
      "val_f1": [
        0.0,
        0.0,
        0.0,
        0.0,
        0.0,
        0.0,
        0.0,
        0.0
      ],
      "val_auroc": [
        0.6025622055335166,
        0.6047902920489474,
        0.6049351980597908,
        0.6054924110870776,
        0.6076924490326863,
        0.6075000066119458,
        0.6075216520343149,
        0.6078317174897936
      ],
      "learning_rate": [
        0.001,
        0.001,
        0.001,
        0.001,
        0.001,
        0.001,
        0.001,
        0.001
      ]
    },
    "final_metrics": {
      "loss": 0.48623872236772014,
      "accuracy": 0.821917808219178,
      "precision": 0.0,
      "recall": 0.0,
      "f1": 0.0,
      "auroc": 0.6078317174897936
    },
    "best_val_f1": 0.0,
    "training_time": 8.598270416259766,
    "num_parameters": 8193
  },
  "config": {
    "dataset_path": "data/NTML-datasets/4T1L_500samples.jsonl",
    "max_length": 312,
    "model_name": "meta-llama/Llama-3.3-70B-Instruct",
    "hook_point": "blocks.0.hook_resid_pre",
    "hook_layer": 0,
    "device": "cuda",
    "dtype": "bfloat16",
    "batch_size": 32,
    "learning_rate": 0.001,
    "num_epochs": 8,
    "weight_decay": 0.001,
    "train_ratio": 0.8,
    "handle_class_imbalance": true,
    "optimizer_type": "AdamW",
    "scheduler_type": "cosine",
    "warmup_ratio": 0.1,
    "gradient_clip_norm": 1.0,
    "cache_dir": "./cache/ntml_binary/meta_llama_Llama_3.3_70B_Instruct_4T1L_500samples",
    "activation_batch_size": 4,
    "force_recache": false,
    "output_dir": "./ntml_4T1L_500samples_pytorch_llama70b",
    "probe_name": "ntml_binary_4T1L_500samples_layer_0",
    "save_checkpoints": true,
    "checkpoint_every": 5,
    "verbose": true,
    "log_every": 10,
    "eval_every": 1,
    "ignore_system_tokens": true,
    "ignore_user_tokens": true,
    "min_tokens_per_statement": 1,
    "token_overlap_strategy": "majority",
    "probe_method": "pytorch",
    "sklearn_C": 1.0,
    "sklearn_C_sweep": false,
    "sklearn_C_values": [
      0.0001,
      0.001,
      0.01,
      0.1,
      1.0,
      10.0,
      100.0,
      1000.0,
      10000.0
    ],
    "sklearn_solver": "liblinear",
    "sklearn_max_iter": 1000,
    "pytorch_bias": true,
    "pytorch_normalize_weights": true
  }
}