{
  "model_type": "pytorch_interpretability_probe",
  "training_history": {
    "train_loss": [
      0.09599078460235029,
      0.038308892696755664,
      0.029330791093272978,
      0.025494435644755353,
      0.023596093780467432,
      0.022195756164290113,
      0.02133450863806352,
      0.020649492070844322
    ],
    "train_accuracy": [
      0.9683910096325365,
      0.9910096325365679,
      0.9945772386728505,
      0.9958259008205494,
      0.9963967178023546,
      0.9970745629682483,
      0.9971459150909739,
      0.9976810560114163
    ],
    "val_loss": [
      0.05348408438942649,
      0.04155950979752974,
      0.03751217235218395,
      0.0352638228373094,
      0.03394360596483404,
      0.03348084363070401,
      0.03276035568930886,
      0.03203296661376953
    ],
    "val_accuracy": [
      0.9840182648401826,
      0.9888698630136986,
      0.990296803652968,
      0.990582191780822,
      0.9912956621004566,
      0.9914383561643836,
      0.9917237442922374,
      0.9912956621004566
    ],
    "val_f1": [
      0.9524214103653356,
      0.9671993271656855,
      0.9715004191114837,
      0.9722921914357683,
      0.9744876620660812,
      0.9748743718592965,
      0.9757322175732217,
      0.9744876620660812
    ],
    "val_auroc": [
      0.9984243381297252,
      0.9990787400725138,
      0.9992437958890666,
      0.9993478697931811,
      0.9994047341841742,
      0.9994101295571024,
      0.9994616695669163,
      0.9994781396526969
    ],
    "learning_rate": [
      0.001,
      0.001,
      0.001,
      0.001,
      0.001,
      0.001,
      0.001,
      0.001
    ]
  },
  "metadata": {
    "layer": 48,
    "num_assistant_tokens": 35038,
    "hidden_size": 8192,
    "label_distribution": [
      29014,
      6024
    ],
    "training_history": {
      "train_loss": [
        0.09599078460235029,
        0.038308892696755664,
        0.029330791093272978,
        0.025494435644755353,
        0.023596093780467432,
        0.022195756164290113,
        0.02133450863806352,
        0.020649492070844322
      ],
      "train_accuracy": [
        0.9683910096325365,
        0.9910096325365679,
        0.9945772386728505,
        0.9958259008205494,
        0.9963967178023546,
        0.9970745629682483,
        0.9971459150909739,
        0.9976810560114163
      ],
      "val_loss": [
        0.05348408438942649,
        0.04155950979752974,
        0.03751217235218395,
        0.0352638228373094,
        0.03394360596483404,
        0.03348084363070401,
        0.03276035568930886,
        0.03203296661376953
      ],
      "val_accuracy": [
        0.9840182648401826,
        0.9888698630136986,
        0.990296803652968,
        0.990582191780822,
        0.9912956621004566,
        0.9914383561643836,
        0.9917237442922374,
        0.9912956621004566
      ],
      "val_f1": [
        0.9524214103653356,
        0.9671993271656855,
        0.9715004191114837,
        0.9722921914357683,
        0.9744876620660812,
        0.9748743718592965,
        0.9757322175732217,
        0.9744876620660812
      ],
      "val_auroc": [
        0.9984243381297252,
        0.9990787400725138,
        0.9992437958890666,
        0.9993478697931811,
        0.9994047341841742,
        0.9994101295571024,
        0.9994616695669163,
        0.9994781396526969
      ],
      "learning_rate": [
        0.001,
        0.001,
        0.001,
        0.001,
        0.001,
        0.001,
        0.001,
        0.001
      ]
    },
    "final_metrics": {
      "loss": 0.03203296661376953,
      "accuracy": 0.9912956621004566,
      "precision": 0.9914893617021276,
      "recall": 0.9580592105263158,
      "f1": 0.9744876620660812,
      "auroc": 0.9994781396526969
    },
    "best_val_f1": 0.9757322175732217,
    "training_time": 8.066125631332397,
    "num_parameters": 8193
  },
  "config": {
    "dataset_path": "data/NTML-datasets/4T1L_500samples.jsonl",
    "max_length": 312,
    "model_name": "meta-llama/Llama-3.3-70B-Instruct",
    "hook_point": "blocks.48.hook_resid_pre",
    "hook_layer": 48,
    "device": "cuda",
    "dtype": "bfloat16",
    "batch_size": 32,
    "learning_rate": 0.001,
    "num_epochs": 8,
    "weight_decay": 0.001,
    "train_ratio": 0.8,
    "handle_class_imbalance": true,
    "optimizer_type": "AdamW",
    "scheduler_type": "cosine",
    "warmup_ratio": 0.1,
    "gradient_clip_norm": 1.0,
    "cache_dir": "./cache/ntml_binary/meta_llama_Llama_3.3_70B_Instruct_4T1L_500samples",
    "activation_batch_size": 4,
    "force_recache": false,
    "output_dir": "./ntml_4T1L_500samples_pytorch_llama70b",
    "probe_name": "ntml_binary_4T1L_500samples_layer_48",
    "save_checkpoints": true,
    "checkpoint_every": 5,
    "verbose": true,
    "log_every": 10,
    "eval_every": 1,
    "ignore_system_tokens": true,
    "ignore_user_tokens": true,
    "min_tokens_per_statement": 1,
    "token_overlap_strategy": "majority",
    "probe_method": "pytorch",
    "sklearn_C": 1.0,
    "sklearn_C_sweep": false,
    "sklearn_C_values": [
      0.0001,
      0.001,
      0.01,
      0.1,
      1.0,
      10.0,
      100.0,
      1000.0,
      10000.0
    ],
    "sklearn_solver": "liblinear",
    "sklearn_max_iter": 1000,
    "pytorch_bias": true,
    "pytorch_normalize_weights": true
  }
}