{
  "model_type": "pytorch_interpretability_probe",
  "training_history": {
    "train_loss": [
      0.08230823371984643,
      0.024135970271332827,
      0.016147762311613995,
      0.01352924190368078,
      0.012230990322723508,
      0.011228132104186436,
      0.010765639396881915,
      0.010334359130026883
    ],
    "train_accuracy": [
      0.9722797003210846,
      0.9946485907955762,
      0.9981448448091331,
      0.9988226899750268,
      0.9991437745272922,
      0.9992864787727435,
      0.9995005351409204,
      0.9994291830181948
    ],
    "val_loss": [
      0.039181726629083806,
      0.030942006544633346,
      0.030912811105901546,
      0.028901381926103073,
      0.027460588108409536,
      0.0274614464152943,
      0.027392830631949684,
      0.026744239980524238
    ],
    "val_accuracy": [
      0.9885844748858448,
      0.9894406392694064,
      0.988013698630137,
      0.9898687214611872,
      0.9900114155251142,
      0.9911529680365296,
      0.990296803652968,
      0.990439497716895
    ],
    "val_f1": [
      0.9666388657214345,
      0.9690117252931323,
      0.9644670050761421,
      0.9701304164913757,
      0.9705882352941176,
      0.9741019214703425,
      0.9714285714285714,
      0.9719077568134172
    ],
    "val_auroc": [
      0.9990570611723316,
      0.9995570152704867,
      0.9995626909236516,
      0.9995890117652033,
      0.999600504962862,
      0.9995621233583352,
      0.9995951130923555,
      0.9995857482646335
    ],
    "learning_rate": [
      0.001,
      0.001,
      0.001,
      0.001,
      0.001,
      0.001,
      0.001,
      0.001
    ]
  },
  "metadata": {
    "layer": 73,
    "num_assistant_tokens": 35038,
    "hidden_size": 8192,
    "label_distribution": [
      29014,
      6024
    ],
    "training_history": {
      "train_loss": [
        0.08230823371984643,
        0.024135970271332827,
        0.016147762311613995,
        0.01352924190368078,
        0.012230990322723508,
        0.011228132104186436,
        0.010765639396881915,
        0.010334359130026883
      ],
      "train_accuracy": [
        0.9722797003210846,
        0.9946485907955762,
        0.9981448448091331,
        0.9988226899750268,
        0.9991437745272922,
        0.9992864787727435,
        0.9995005351409204,
        0.9994291830181948
      ],
      "val_loss": [
        0.039181726629083806,
        0.030942006544633346,
        0.030912811105901546,
        0.028901381926103073,
        0.027460588108409536,
        0.0274614464152943,
        0.027392830631949684,
        0.026744239980524238
      ],
      "val_accuracy": [
        0.9885844748858448,
        0.9894406392694064,
        0.988013698630137,
        0.9898687214611872,
        0.9900114155251142,
        0.9911529680365296,
        0.990296803652968,
        0.990439497716895
      ],
      "val_f1": [
        0.9666388657214345,
        0.9690117252931323,
        0.9644670050761421,
        0.9701304164913757,
        0.9705882352941176,
        0.9741019214703425,
        0.9714285714285714,
        0.9719077568134172
      ],
      "val_auroc": [
        0.9990570611723316,
        0.9995570152704867,
        0.9995626909236516,
        0.9995890117652033,
        0.999600504962862,
        0.9995621233583352,
        0.9995951130923555,
        0.9995857482646335
      ],
      "learning_rate": [
        0.001,
        0.001,
        0.001,
        0.001,
        0.001,
        0.001,
        0.001,
        0.001
      ]
    },
    "final_metrics": {
      "loss": 0.026744239980524238,
      "accuracy": 0.990439497716895,
      "precision": 0.9922945205479452,
      "recall": 0.952341824157765,
      "f1": 0.9719077568134172,
      "auroc": 0.9995857482646335
    },
    "best_val_f1": 0.9741019214703425,
    "training_time": 8.480395078659058,
    "num_parameters": 8193
  },
  "config": {
    "dataset_path": "data/NTML-datasets/4T1L_500samples.jsonl",
    "max_length": 312,
    "model_name": "meta-llama/Llama-3.3-70B-Instruct",
    "hook_point": "blocks.73.hook_resid_pre",
    "hook_layer": 73,
    "device": "cuda",
    "dtype": "bfloat16",
    "batch_size": 32,
    "learning_rate": 0.001,
    "num_epochs": 8,
    "weight_decay": 0.001,
    "train_ratio": 0.8,
    "handle_class_imbalance": true,
    "optimizer_type": "AdamW",
    "scheduler_type": "cosine",
    "warmup_ratio": 0.1,
    "gradient_clip_norm": 1.0,
    "cache_dir": "./cache/ntml_binary/meta_llama_Llama_3.3_70B_Instruct_4T1L_500samples",
    "activation_batch_size": 4,
    "force_recache": false,
    "output_dir": "./ntml_4T1L_500samples_pytorch_llama70b",
    "probe_name": "ntml_binary_4T1L_500samples_layer_73",
    "save_checkpoints": true,
    "checkpoint_every": 5,
    "verbose": true,
    "log_every": 10,
    "eval_every": 1,
    "ignore_system_tokens": true,
    "ignore_user_tokens": true,
    "min_tokens_per_statement": 1,
    "token_overlap_strategy": "majority",
    "probe_method": "pytorch",
    "sklearn_C": 1.0,
    "sklearn_C_sweep": false,
    "sklearn_C_values": [
      0.0001,
      0.001,
      0.01,
      0.1,
      1.0,
      10.0,
      100.0,
      1000.0,
      10000.0
    ],
    "sklearn_solver": "liblinear",
    "sklearn_max_iter": 1000,
    "pytorch_bias": true,
    "pytorch_normalize_weights": true
  }
}