{
  "model_type": "pytorch_interpretability_probe",
  "training_history": {
    "train_loss": [
      0.08114544271606289,
      0.023263223386331373,
      0.014740301232325705,
      0.012264492523911746,
      0.010965054657004059,
      0.010098738213639588,
      0.009614987805438947,
      0.009250627297453039
    ],
    "train_accuracy": [
      0.9714234748483768,
      0.994898323225116,
      0.9980021405636817,
      0.9984659293613986,
      0.9993221548341064,
      0.999179450588655,
      0.9994291830181948,
      0.9996075633250089
    ],
    "val_loss": [
      0.043144689906727186,
      0.0326137976212935,
      0.03172748739069158,
      0.029760174317793413,
      0.031281536275690254,
      0.02950310707092285,
      0.02976675033569336,
      0.030005429007790307
    ],
    "val_accuracy": [
      0.983304794520548,
      0.9897260273972602,
      0.9867294520547946,
      0.9887271689497716,
      0.9870148401826484,
      0.988013698630137,
      0.9877283105022832,
      0.9875856164383562
    ],
    "val_f1": [
      0.9495036685369012,
      0.9697732997481109,
      0.9602053915275995,
      0.9664828171404327,
      0.9610944848225738,
      0.9643160577740016,
      0.9633418584825234,
      0.9629314017895185
    ],
    "val_auroc": [
      0.9986977690034415,
      0.9993917869066151,
      0.9994130951010459,
      0.9994530658416058,
      0.9994100919327032,
      0.9994132381090621,
      0.999440910160219,
      0.9994332592313462
    ],
    "learning_rate": [
      0.001,
      0.001,
      0.001,
      0.001,
      0.001,
      0.001,
      0.001,
      0.001
    ]
  },
  "metadata": {
    "layer": 75,
    "num_assistant_tokens": 35038,
    "hidden_size": 8192,
    "label_distribution": [
      29014,
      6024
    ],
    "training_history": {
      "train_loss": [
        0.08114544271606289,
        0.023263223386331373,
        0.014740301232325705,
        0.012264492523911746,
        0.010965054657004059,
        0.010098738213639588,
        0.009614987805438947,
        0.009250627297453039
      ],
      "train_accuracy": [
        0.9714234748483768,
        0.994898323225116,
        0.9980021405636817,
        0.9984659293613986,
        0.9993221548341064,
        0.999179450588655,
        0.9994291830181948,
        0.9996075633250089
      ],
      "val_loss": [
        0.043144689906727186,
        0.0326137976212935,
        0.03172748739069158,
        0.029760174317793413,
        0.031281536275690254,
        0.02950310707092285,
        0.02976675033569336,
        0.030005429007790307
      ],
      "val_accuracy": [
        0.983304794520548,
        0.9897260273972602,
        0.9867294520547946,
        0.9887271689497716,
        0.9870148401826484,
        0.988013698630137,
        0.9877283105022832,
        0.9875856164383562
      ],
      "val_f1": [
        0.9495036685369012,
        0.9697732997481109,
        0.9602053915275995,
        0.9664828171404327,
        0.9610944848225738,
        0.9643160577740016,
        0.9633418584825234,
        0.9629314017895185
      ],
      "val_auroc": [
        0.9986977690034415,
        0.9993917869066151,
        0.9994130951010459,
        0.9994530658416058,
        0.9994100919327032,
        0.9994132381090621,
        0.999440910160219,
        0.9994332592313462
      ],
      "learning_rate": [
        0.001,
        0.001,
        0.001,
        0.001,
        0.001,
        0.001,
        0.001,
        0.001
      ]
    },
    "final_metrics": {
      "loss": 0.030005429007790307,
      "accuracy": 0.9875856164383562,
      "precision": 0.989492119089317,
      "recall": 0.9377593360995851,
      "f1": 0.9629314017895185,
      "auroc": 0.9994332592313462
    },
    "best_val_f1": 0.9697732997481109,
    "training_time": 8.288570404052734,
    "num_parameters": 8193
  },
  "config": {
    "dataset_path": "data/NTML-datasets/4T1L_500samples.jsonl",
    "max_length": 312,
    "model_name": "meta-llama/Llama-3.3-70B-Instruct",
    "hook_point": "blocks.75.hook_resid_pre",
    "hook_layer": 75,
    "device": "cuda",
    "dtype": "bfloat16",
    "batch_size": 32,
    "learning_rate": 0.001,
    "num_epochs": 8,
    "weight_decay": 0.001,
    "train_ratio": 0.8,
    "handle_class_imbalance": true,
    "optimizer_type": "AdamW",
    "scheduler_type": "cosine",
    "warmup_ratio": 0.1,
    "gradient_clip_norm": 1.0,
    "cache_dir": "./cache/ntml_binary/meta_llama_Llama_3.3_70B_Instruct_4T1L_500samples",
    "activation_batch_size": 4,
    "force_recache": false,
    "output_dir": "./ntml_4T1L_500samples_pytorch_llama70b",
    "probe_name": "ntml_binary_4T1L_500samples_layer_75",
    "save_checkpoints": true,
    "checkpoint_every": 5,
    "verbose": true,
    "log_every": 10,
    "eval_every": 1,
    "ignore_system_tokens": true,
    "ignore_user_tokens": true,
    "min_tokens_per_statement": 1,
    "token_overlap_strategy": "majority",
    "probe_method": "pytorch",
    "sklearn_C": 1.0,
    "sklearn_C_sweep": false,
    "sklearn_C_values": [
      0.0001,
      0.001,
      0.01,
      0.1,
      1.0,
      10.0,
      100.0,
      1000.0,
      10000.0
    ],
    "sklearn_solver": "liblinear",
    "sklearn_max_iter": 1000,
    "pytorch_bias": true,
    "pytorch_normalize_weights": true
  }
}