{
  "loss": 0.05595329458063299,
  "accuracy": 0.9827340182648402,
  "precision": 0.9901960784313726,
  "recall": 0.9099099099099099,
  "f1": 0.9483568075117371,
  "auroc": 0.9989466350275059
}