{
  "model_type": "pytorch_interpretability_probe",
  "training_history": {
    "train_loss": [
      0.23341760699335298,
      0.1497797513099974,
      0.13254511487334286,
      0.12473384476347602,
      0.12057322746814658,
      0.11822576827654556,
      0.11670215875250564,
      0.11546138996368946
    ],
    "train_accuracy": [
      0.905529789511238,
      0.9479486264716376,
      0.9574027827327863,
      0.9610417409917945,
      0.9636104174099179,
      0.9651801641098823,
      0.9658223332144131,
      0.9663574741348555
    ],
    "val_loss": [
      0.16543817953629927,
      0.1416723595424132,
      0.13226881460710005,
      0.12900624708695846,
      0.12630814855748956,
      0.12450125217437744,
      0.1234925768592141,
      0.12279311526905407
    ],
    "val_accuracy": [
      0.9407819634703196,
      0.9487728310502284,
      0.9563356164383562,
      0.9607591324200914,
      0.9606164383561644,
      0.9594748858447488,
      0.9586187214611872,
      0.96175799086758
    ],
    "val_f1": [
      0.790509843513377,
      0.823065549531789,
      0.8533077660594439,
      0.8705882352941177,
      0.8696883852691218,
      0.8646329837940896,
      0.861376673040153,
      0.8733459357277883
    ],
    "val_auroc": [
      0.9856126601752806,
      0.9900480023610352,
      0.9921689162979376,
      0.9920836648060364,
      0.9923606773658384,
      0.9928821944186936,
      0.993057372719961,
      0.9932675428503803
    ],
    "learning_rate": [
      0.001,
      0.001,
      0.001,
      0.001,
      0.001,
      0.001,
      0.001,
      0.001
    ]
  },
  "metadata": {
    "layer": 20,
    "num_assistant_tokens": 35038,
    "hidden_size": 8192,
    "label_distribution": [
      29014,
      6024
    ],
    "training_history": {
      "train_loss": [
        0.23341760699335298,
        0.1497797513099974,
        0.13254511487334286,
        0.12473384476347602,
        0.12057322746814658,
        0.11822576827654556,
        0.11670215875250564,
        0.11546138996368946
      ],
      "train_accuracy": [
        0.905529789511238,
        0.9479486264716376,
        0.9574027827327863,
        0.9610417409917945,
        0.9636104174099179,
        0.9651801641098823,
        0.9658223332144131,
        0.9663574741348555
      ],
      "val_loss": [
        0.16543817953629927,
        0.1416723595424132,
        0.13226881460710005,
        0.12900624708695846,
        0.12630814855748956,
        0.12450125217437744,
        0.1234925768592141,
        0.12279311526905407
      ],
      "val_accuracy": [
        0.9407819634703196,
        0.9487728310502284,
        0.9563356164383562,
        0.9607591324200914,
        0.9606164383561644,
        0.9594748858447488,
        0.9586187214611872,
        0.96175799086758
      ],
      "val_f1": [
        0.790509843513377,
        0.823065549531789,
        0.8533077660594439,
        0.8705882352941177,
        0.8696883852691218,
        0.8646329837940896,
        0.861376673040153,
        0.8733459357277883
      ],
      "val_auroc": [
        0.9856126601752806,
        0.9900480023610352,
        0.9921689162979376,
        0.9920836648060364,
        0.9923606773658384,
        0.9928821944186936,
        0.993057372719961,
        0.9932675428503803
      ],
      "learning_rate": [
        0.001,
        0.001,
        0.001,
        0.001,
        0.001,
        0.001,
        0.001,
        0.001
      ]
    },
    "final_metrics": {
      "loss": 0.12279311526905407,
      "accuracy": 0.96175799086758,
      "precision": 0.9798515376458112,
      "recall": 0.7877237851662404,
      "f1": 0.8733459357277883,
      "auroc": 0.9932675428503803
    },
    "best_val_f1": 0.8733459357277883,
    "training_time": 8.61574649810791,
    "num_parameters": 8193
  },
  "config": {
    "dataset_path": "data/NTML-datasets/4T1L_500samples.jsonl",
    "max_length": 312,
    "model_name": "meta-llama/Llama-3.3-70B-Instruct",
    "hook_point": "blocks.20.hook_resid_pre",
    "hook_layer": 20,
    "device": "cuda",
    "dtype": "bfloat16",
    "batch_size": 32,
    "learning_rate": 0.001,
    "num_epochs": 8,
    "weight_decay": 0.001,
    "train_ratio": 0.8,
    "handle_class_imbalance": true,
    "optimizer_type": "AdamW",
    "scheduler_type": "cosine",
    "warmup_ratio": 0.1,
    "gradient_clip_norm": 1.0,
    "cache_dir": "./cache/ntml_binary/meta_llama_Llama_3.3_70B_Instruct_4T1L_500samples",
    "activation_batch_size": 4,
    "force_recache": false,
    "output_dir": "./ntml_4T1L_500samples_pytorch_llama70b",
    "probe_name": "ntml_binary_4T1L_500samples_layer_20",
    "save_checkpoints": true,
    "checkpoint_every": 5,
    "verbose": true,
    "log_every": 10,
    "eval_every": 1,
    "ignore_system_tokens": true,
    "ignore_user_tokens": true,
    "min_tokens_per_statement": 1,
    "token_overlap_strategy": "majority",
    "probe_method": "pytorch",
    "sklearn_C": 1.0,
    "sklearn_C_sweep": false,
    "sklearn_C_values": [
      0.0001,
      0.001,
      0.01,
      0.1,
      1.0,
      10.0,
      100.0,
      1000.0,
      10000.0
    ],
    "sklearn_solver": "liblinear",
    "sklearn_max_iter": 1000,
    "pytorch_bias": true,
    "pytorch_normalize_weights": true
  }
}