{
  "model_type": "pytorch_interpretability_probe",
  "training_history": {
    "train_loss": [
      0.09197234076907067,
      0.027410150392908075,
      0.015592744616476913,
      0.01124075442535556,
      0.009679327780576466,
      0.008934684068530152,
      0.008414002858340468,
      0.008027777897053692
    ],
    "train_accuracy": [
      0.966464502318944,
      0.9925080271138066,
      0.996931858722797,
      0.998965394220478,
      0.9996075633250089,
      0.9997502675704603,
      0.9998572957545487,
      0.9998572957545487
    ],
    "val_loss": [
      0.0458251953125,
      0.03547028194774281,
      0.03313360647721724,
      0.03009665445847945,
      0.029833949695933948,
      0.03027501106262207,
      0.030457352508198133,
      0.030172894217751243
    ],
    "val_accuracy": [
      0.9841609589041096,
      0.988013698630137,
      0.9871575342465754,
      0.9894406392694064,
      0.9895833333333334,
      0.9890125570776256,
      0.9888698630136986,
      0.9892979452054794
    ],
    "val_f1": [
      0.9524625267665953,
      0.9639484978540772,
      0.961139896373057,
      0.9683490162532079,
      0.9688699360341151,
      0.9669669669669669,
      0.9665809768637532,
      0.9679350149636596
    ],
    "val_auroc": [
      0.9979254006822753,
      0.9985187119176174,
      0.9989840114960113,
      0.9990645524650239,
      0.9991243973719186,
      0.9991105035120349,
      0.9990593422675678,
      0.9990688942962377
    ],
    "learning_rate": [
      0.001,
      0.001,
      0.001,
      0.001,
      0.001,
      0.001,
      0.001,
      0.001
    ]
  },
  "metadata": {
    "layer": 79,
    "num_assistant_tokens": 35038,
    "hidden_size": 8192,
    "label_distribution": [
      29014,
      6024
    ],
    "training_history": {
      "train_loss": [
        0.09197234076907067,
        0.027410150392908075,
        0.015592744616476913,
        0.01124075442535556,
        0.009679327780576466,
        0.008934684068530152,
        0.008414002858340468,
        0.008027777897053692
      ],
      "train_accuracy": [
        0.966464502318944,
        0.9925080271138066,
        0.996931858722797,
        0.998965394220478,
        0.9996075633250089,
        0.9997502675704603,
        0.9998572957545487,
        0.9998572957545487
      ],
      "val_loss": [
        0.0458251953125,
        0.03547028194774281,
        0.03313360647721724,
        0.03009665445847945,
        0.029833949695933948,
        0.03027501106262207,
        0.030457352508198133,
        0.030172894217751243
      ],
      "val_accuracy": [
        0.9841609589041096,
        0.988013698630137,
        0.9871575342465754,
        0.9894406392694064,
        0.9895833333333334,
        0.9890125570776256,
        0.9888698630136986,
        0.9892979452054794
      ],
      "val_f1": [
        0.9524625267665953,
        0.9639484978540772,
        0.961139896373057,
        0.9683490162532079,
        0.9688699360341151,
        0.9669669669669669,
        0.9665809768637532,
        0.9679350149636596
      ],
      "val_auroc": [
        0.9979254006822753,
        0.9985187119176174,
        0.9989840114960113,
        0.9990645524650239,
        0.9991243973719186,
        0.9991105035120349,
        0.9990593422675678,
        0.9990688942962377
      ],
      "learning_rate": [
        0.001,
        0.001,
        0.001,
        0.001,
        0.001,
        0.001,
        0.001,
        0.001
      ]
    },
    "final_metrics": {
      "loss": 0.030172894217751243,
      "accuracy": 0.9892979452054794,
      "precision": 0.9826388888888888,
      "recall": 0.953664700926706,
      "f1": 0.9679350149636596,
      "auroc": 0.9990688942962377
    },
    "best_val_f1": 0.9688699360341151,
    "training_time": 8.311673879623413,
    "num_parameters": 8193
  },
  "config": {
    "dataset_path": "data/NTML-datasets/4T1L_500samples.jsonl",
    "max_length": 312,
    "model_name": "meta-llama/Llama-3.3-70B-Instruct",
    "hook_point": "blocks.79.hook_resid_pre",
    "hook_layer": 79,
    "device": "cuda",
    "dtype": "bfloat16",
    "batch_size": 32,
    "learning_rate": 0.001,
    "num_epochs": 8,
    "weight_decay": 0.001,
    "train_ratio": 0.8,
    "handle_class_imbalance": true,
    "optimizer_type": "AdamW",
    "scheduler_type": "cosine",
    "warmup_ratio": 0.1,
    "gradient_clip_norm": 1.0,
    "cache_dir": "./cache/ntml_binary/meta_llama_Llama_3.3_70B_Instruct_4T1L_500samples",
    "activation_batch_size": 4,
    "force_recache": false,
    "output_dir": "./ntml_4T1L_500samples_pytorch_llama70b",
    "probe_name": "ntml_binary_4T1L_500samples_layer_79",
    "save_checkpoints": true,
    "checkpoint_every": 5,
    "verbose": true,
    "log_every": 10,
    "eval_every": 1,
    "ignore_system_tokens": true,
    "ignore_user_tokens": true,
    "min_tokens_per_statement": 1,
    "token_overlap_strategy": "majority",
    "probe_method": "pytorch",
    "sklearn_C": 1.0,
    "sklearn_C_sweep": false,
    "sklearn_C_values": [
      0.0001,
      0.001,
      0.01,
      0.1,
      1.0,
      10.0,
      100.0,
      1000.0,
      10000.0
    ],
    "sklearn_solver": "liblinear",
    "sklearn_max_iter": 1000,
    "pytorch_bias": true,
    "pytorch_normalize_weights": true
  }
}