{
  "loss": 0.38649260347539727,
  "accuracy": 0.836472602739726,
  "precision": 0.890625,
  "recall": 0.047658862876254184,
  "f1": 0.09047619047619047,
  "auroc": 0.7637533318218332
}