{
  "loss": 0.026426436684348367,
  "accuracy": 0.9931506849315068,
  "precision": 0.9891696750902527,
  "recall": 0.9681978798586572,
  "f1": 0.9785714285714285,
  "auroc": 0.9994746402085986
}