{
  "model_type": "pytorch_interpretability_probe",
  "training_history": {
    "train_loss": [
      0.2411576072647147,
      0.15413785367761845,
      0.1350460308837836,
      0.12696831045697812,
      0.12249924659252712,
      0.11956410652630406,
      0.11785766427919744,
      0.11658816219022557
    ],
    "train_accuracy": [
      0.9018908312522298,
      0.9463432037103103,
      0.9555833036032823,
      0.9604352479486264,
      0.9626114876917589,
      0.9635390652871922,
      0.9653585444166964,
      0.9663931501962183
    ],
    "val_loss": [
      0.1797378128225153,
      0.1531522501598705,
      0.14326052096757022,
      0.13878241018815474,
      0.13591050668196245,
      0.13485337495803834,
      0.13337339921431107,
      0.13202504894950173
    ],
    "val_accuracy": [
      0.9333618721461188,
      0.947203196347032,
      0.9537671232876712,
      0.9524828767123288,
      0.9551940639269406,
      0.9539098173515982,
      0.9549086757990868,
      0.95662100456621
    ],
    "val_f1": [
      0.7707412862052038,
      0.8251417769376181,
      0.8502772643253235,
      0.8459046737621472,
      0.8560953253895509,
      0.8514942528735632,
      0.8551787351054079,
      0.8619436875567665
    ],
    "val_auroc": [
      0.9801473396843372,
      0.9874090507850316,
      0.9893174105374121,
      0.9907240869868914,
      0.9909241059076,
      0.9913656128211275,
      0.9916549004991225,
      0.9918869281375835
    ],
    "learning_rate": [
      0.001,
      0.001,
      0.001,
      0.001,
      0.001,
      0.001,
      0.001,
      0.001
    ]
  },
  "metadata": {
    "layer": 23,
    "num_assistant_tokens": 35038,
    "hidden_size": 8192,
    "label_distribution": [
      29014,
      6024
    ],
    "training_history": {
      "train_loss": [
        0.2411576072647147,
        0.15413785367761845,
        0.1350460308837836,
        0.12696831045697812,
        0.12249924659252712,
        0.11956410652630406,
        0.11785766427919744,
        0.11658816219022557
      ],
      "train_accuracy": [
        0.9018908312522298,
        0.9463432037103103,
        0.9555833036032823,
        0.9604352479486264,
        0.9626114876917589,
        0.9635390652871922,
        0.9653585444166964,
        0.9663931501962183
      ],
      "val_loss": [
        0.1797378128225153,
        0.1531522501598705,
        0.14326052096757022,
        0.13878241018815474,
        0.13591050668196245,
        0.13485337495803834,
        0.13337339921431107,
        0.13202504894950173
      ],
      "val_accuracy": [
        0.9333618721461188,
        0.947203196347032,
        0.9537671232876712,
        0.9524828767123288,
        0.9551940639269406,
        0.9539098173515982,
        0.9549086757990868,
        0.95662100456621
      ],
      "val_f1": [
        0.7707412862052038,
        0.8251417769376181,
        0.8502772643253235,
        0.8459046737621472,
        0.8560953253895509,
        0.8514942528735632,
        0.8551787351054079,
        0.8619436875567665
      ],
      "val_auroc": [
        0.9801473396843372,
        0.9874090507850316,
        0.9893174105374121,
        0.9907240869868914,
        0.9909241059076,
        0.9913656128211275,
        0.9916549004991225,
        0.9918869281375835
      ],
      "learning_rate": [
        0.001,
        0.001,
        0.001,
        0.001,
        0.001,
        0.001,
        0.001,
        0.001
      ]
    },
    "final_metrics": {
      "loss": 0.13202504894950173,
      "accuracy": 0.95662100456621,
      "precision": 0.9595551061678463,
      "recall": 0.7823577906018137,
      "f1": 0.8619436875567665,
      "auroc": 0.9918869281375835
    },
    "best_val_f1": 0.8619436875567665,
    "training_time": 8.632803916931152,
    "num_parameters": 8193
  },
  "config": {
    "dataset_path": "data/NTML-datasets/4T1L_500samples.jsonl",
    "max_length": 312,
    "model_name": "meta-llama/Llama-3.3-70B-Instruct",
    "hook_point": "blocks.23.hook_resid_pre",
    "hook_layer": 23,
    "device": "cuda",
    "dtype": "bfloat16",
    "batch_size": 32,
    "learning_rate": 0.001,
    "num_epochs": 8,
    "weight_decay": 0.001,
    "train_ratio": 0.8,
    "handle_class_imbalance": true,
    "optimizer_type": "AdamW",
    "scheduler_type": "cosine",
    "warmup_ratio": 0.1,
    "gradient_clip_norm": 1.0,
    "cache_dir": "./cache/ntml_binary/meta_llama_Llama_3.3_70B_Instruct_4T1L_500samples",
    "activation_batch_size": 4,
    "force_recache": false,
    "output_dir": "./ntml_4T1L_500samples_pytorch_llama70b",
    "probe_name": "ntml_binary_4T1L_500samples_layer_23",
    "save_checkpoints": true,
    "checkpoint_every": 5,
    "verbose": true,
    "log_every": 10,
    "eval_every": 1,
    "ignore_system_tokens": true,
    "ignore_user_tokens": true,
    "min_tokens_per_statement": 1,
    "token_overlap_strategy": "majority",
    "probe_method": "pytorch",
    "sklearn_C": 1.0,
    "sklearn_C_sweep": false,
    "sklearn_C_values": [
      0.0001,
      0.001,
      0.01,
      0.1,
      1.0,
      10.0,
      100.0,
      1000.0,
      10000.0
    ],
    "sklearn_solver": "liblinear",
    "sklearn_max_iter": 1000,
    "pytorch_bias": true,
    "pytorch_normalize_weights": true
  }
}