{
  "loss": 0.0369738752191717,
  "accuracy": 0.990154109589041,
  "precision": 0.990418118466899,
  "recall": 0.9514644351464435,
  "f1": 0.970550576184379,
  "auroc": 0.999516665503017
}