{
  "loss": 0.4010011510415511,
  "accuracy": 0.8274828767123288,
  "precision": 0.9,
  "recall": 0.014693877551020407,
  "f1": 0.02891566265060241,
  "auroc": 0.7572700420302998
}