{
  "loss": 0.030313886295665393,
  "accuracy": 0.9918664383561644,
  "precision": 0.9924050632911392,
  "recall": 0.9607843137254902,
  "f1": 0.9763387297633873,
  "auroc": 0.9995857826187183
}