{
  "model_type": "pytorch_interpretability_probe",
  "training_history": {
    "train_loss": [
      0.09028021440539322,
      0.036643228111958734,
      0.02818024029623564,
      0.024893567246729382,
      0.023075541913016067,
      0.02184886155866903,
      0.02106900247809005,
      0.02054392612968746
    ],
    "train_accuracy": [
      0.9698537281484124,
      0.9916874777024617,
      0.9952194077773814,
      0.99671780235462,
      0.9971459150909739,
      0.9971102390296112,
      0.9976453799500535,
      0.9976097038886906
    ],
    "val_loss": [
      0.05244871269572865,
      0.04052981029857289,
      0.03636476343328303,
      0.03443597121672197,
      0.033455790172923695,
      0.032850460572676224,
      0.03233297196301547,
      0.03196521238847212
    ],
    "val_accuracy": [
      0.9858732876712328,
      0.9898687214611872,
      0.9914383561643836,
      0.9917237442922374,
      0.9911529680365296,
      0.9914383561643836,
      0.9911529680365296,
      0.9918664383561644
    ],
    "val_f1": [
      0.9571614019904803,
      0.9695670810115731,
      0.9743589743589743,
      0.9752136752136752,
      0.973458904109589,
      0.9743370402053037,
      0.9734816082121471,
      0.9756929637526652
    ],
    "val_auroc": [
      0.9987232631452181,
      0.9993004092818178,
      0.9994145708475873,
      0.9994894060948015,
      0.9995330539868243,
      0.9995421292911064,
      0.9995569666933452,
      0.9995485396250834
    ],
    "learning_rate": [
      0.001,
      0.001,
      0.001,
      0.001,
      0.001,
      0.001,
      0.001,
      0.001
    ]
  },
  "metadata": {
    "layer": 41,
    "num_assistant_tokens": 35038,
    "hidden_size": 8192,
    "label_distribution": [
      29014,
      6024
    ],
    "training_history": {
      "train_loss": [
        0.09028021440539322,
        0.036643228111958734,
        0.02818024029623564,
        0.024893567246729382,
        0.023075541913016067,
        0.02184886155866903,
        0.02106900247809005,
        0.02054392612968746
      ],
      "train_accuracy": [
        0.9698537281484124,
        0.9916874777024617,
        0.9952194077773814,
        0.99671780235462,
        0.9971459150909739,
        0.9971102390296112,
        0.9976453799500535,
        0.9976097038886906
      ],
      "val_loss": [
        0.05244871269572865,
        0.04052981029857289,
        0.03636476343328303,
        0.03443597121672197,
        0.033455790172923695,
        0.032850460572676224,
        0.03233297196301547,
        0.03196521238847212
      ],
      "val_accuracy": [
        0.9858732876712328,
        0.9898687214611872,
        0.9914383561643836,
        0.9917237442922374,
        0.9911529680365296,
        0.9914383561643836,
        0.9911529680365296,
        0.9918664383561644
      ],
      "val_f1": [
        0.9571614019904803,
        0.9695670810115731,
        0.9743589743589743,
        0.9752136752136752,
        0.973458904109589,
        0.9743370402053037,
        0.9734816082121471,
        0.9756929637526652
      ],
      "val_auroc": [
        0.9987232631452181,
        0.9993004092818178,
        0.9994145708475873,
        0.9994894060948015,
        0.9995330539868243,
        0.9995421292911064,
        0.9995569666933452,
        0.9995485396250834
      ],
      "learning_rate": [
        0.001,
        0.001,
        0.001,
        0.001,
        0.001,
        0.001,
        0.001,
        0.001
      ]
    },
    "final_metrics": {
      "loss": 0.03196521238847212,
      "accuracy": 0.9918664383561644,
      "precision": 0.9939183318853171,
      "recall": 0.9581239530988275,
      "f1": 0.9756929637526652,
      "auroc": 0.9995485396250834
    },
    "best_val_f1": 0.9756929637526652,
    "training_time": 8.065852880477905,
    "num_parameters": 8193
  },
  "config": {
    "dataset_path": "data/NTML-datasets/4T1L_500samples.jsonl",
    "max_length": 312,
    "model_name": "meta-llama/Llama-3.3-70B-Instruct",
    "hook_point": "blocks.41.hook_resid_pre",
    "hook_layer": 41,
    "device": "cuda",
    "dtype": "bfloat16",
    "batch_size": 32,
    "learning_rate": 0.001,
    "num_epochs": 8,
    "weight_decay": 0.001,
    "train_ratio": 0.8,
    "handle_class_imbalance": true,
    "optimizer_type": "AdamW",
    "scheduler_type": "cosine",
    "warmup_ratio": 0.1,
    "gradient_clip_norm": 1.0,
    "cache_dir": "./cache/ntml_binary/meta_llama_Llama_3.3_70B_Instruct_4T1L_500samples",
    "activation_batch_size": 4,
    "force_recache": false,
    "output_dir": "./ntml_4T1L_500samples_pytorch_llama70b",
    "probe_name": "ntml_binary_4T1L_500samples_layer_41",
    "save_checkpoints": true,
    "checkpoint_every": 5,
    "verbose": true,
    "log_every": 10,
    "eval_every": 1,
    "ignore_system_tokens": true,
    "ignore_user_tokens": true,
    "min_tokens_per_statement": 1,
    "token_overlap_strategy": "majority",
    "probe_method": "pytorch",
    "sklearn_C": 1.0,
    "sklearn_C_sweep": false,
    "sklearn_C_values": [
      0.0001,
      0.001,
      0.01,
      0.1,
      1.0,
      10.0,
      100.0,
      1000.0,
      10000.0
    ],
    "sklearn_solver": "liblinear",
    "sklearn_max_iter": 1000,
    "pytorch_bias": true,
    "pytorch_normalize_weights": true
  }
}