{
  "loss": 0.13202504894950173,
  "accuracy": 0.95662100456621,
  "precision": 0.9595551061678463,
  "recall": 0.7823577906018137,
  "f1": 0.8619436875567665,
  "auroc": 0.9918869281375835
}