{
  "loss": 0.40597484328530054,
  "accuracy": 0.8334760273972602,
  "precision": 0.6666666666666666,
  "recall": 0.0017123287671232876,
  "f1": 0.0034158838599487617,
  "auroc": 0.7057151171655095
}