{
  "model_type": "pytorch_interpretability_probe",
  "training_history": {
    "train_loss": [
      0.09555518751343091,
      0.03783369303965881,
      0.028537390096597885,
      0.024942260842608737,
      0.022783189277338994,
      0.021472847951920577,
      0.020694026848956194,
      0.020017001837423946
    ],
    "train_accuracy": [
      0.9681056011416339,
      0.9917588298251873,
      0.9949696753478416,
      0.9963253656796289,
      0.9970745629682483,
      0.9976453799500535,
      0.9978237602568676,
      0.9981448448091331
    ],
    "val_loss": [
      0.05202050642533736,
      0.03996662226590243,
      0.03594116080891002,
      0.03429725603623824,
      0.03341053615916859,
      0.033264415914362126,
      0.031607320091941137,
      0.03194413185119629
    ],
    "val_accuracy": [
      0.9851598173515982,
      0.9897260273972602,
      0.9908675799086758,
      0.9898687214611872,
      0.990296803652968,
      0.990154109589041,
      0.9908675799086758,
      0.990296803652968
    ],
    "val_f1": [
      0.9560439560439561,
      0.97,
      0.9733333333333334,
      0.9702804520719966,
      0.9715481171548117,
      0.9710934227063259,
      0.9732888146911519,
      0.9715719063545151
    ],
    "val_auroc": [
      0.998590015816651,
      0.9991190243896935,
      0.9993768984354325,
      0.9994561086524361,
      0.9994781154090746,
      0.9995132415783246,
      0.9995432892652734,
      0.9994946910110298
    ],
    "learning_rate": [
      0.001,
      0.001,
      0.001,
      0.001,
      0.001,
      0.001,
      0.001,
      0.001
    ]
  },
  "metadata": {
    "layer": 47,
    "num_assistant_tokens": 35038,
    "hidden_size": 8192,
    "label_distribution": [
      29014,
      6024
    ],
    "training_history": {
      "train_loss": [
        0.09555518751343091,
        0.03783369303965881,
        0.028537390096597885,
        0.024942260842608737,
        0.022783189277338994,
        0.021472847951920577,
        0.020694026848956194,
        0.020017001837423946
      ],
      "train_accuracy": [
        0.9681056011416339,
        0.9917588298251873,
        0.9949696753478416,
        0.9963253656796289,
        0.9970745629682483,
        0.9976453799500535,
        0.9978237602568676,
        0.9981448448091331
      ],
      "val_loss": [
        0.05202050642533736,
        0.03996662226590243,
        0.03594116080891002,
        0.03429725603623824,
        0.03341053615916859,
        0.033264415914362126,
        0.031607320091941137,
        0.03194413185119629
      ],
      "val_accuracy": [
        0.9851598173515982,
        0.9897260273972602,
        0.9908675799086758,
        0.9898687214611872,
        0.990296803652968,
        0.990154109589041,
        0.9908675799086758,
        0.990296803652968
      ],
      "val_f1": [
        0.9560439560439561,
        0.97,
        0.9733333333333334,
        0.9702804520719966,
        0.9715481171548117,
        0.9710934227063259,
        0.9732888146911519,
        0.9715719063545151
      ],
      "val_auroc": [
        0.998590015816651,
        0.9991190243896935,
        0.9993768984354325,
        0.9994561086524361,
        0.9994781154090746,
        0.9995132415783246,
        0.9995432892652734,
        0.9994946910110298
      ],
      "learning_rate": [
        0.001,
        0.001,
        0.001,
        0.001,
        0.001,
        0.001,
        0.001,
        0.001
      ]
    },
    "final_metrics": {
      "loss": 0.03194413185119629,
      "accuracy": 0.990296803652968,
      "precision": 0.9965694682675815,
      "recall": 0.9477977161500816,
      "f1": 0.9715719063545151,
      "auroc": 0.9994946910110298
    },
    "best_val_f1": 0.9733333333333334,
    "training_time": 7.973113059997559,
    "num_parameters": 8193
  },
  "config": {
    "dataset_path": "data/NTML-datasets/4T1L_500samples.jsonl",
    "max_length": 312,
    "model_name": "meta-llama/Llama-3.3-70B-Instruct",
    "hook_point": "blocks.47.hook_resid_pre",
    "hook_layer": 47,
    "device": "cuda",
    "dtype": "bfloat16",
    "batch_size": 32,
    "learning_rate": 0.001,
    "num_epochs": 8,
    "weight_decay": 0.001,
    "train_ratio": 0.8,
    "handle_class_imbalance": true,
    "optimizer_type": "AdamW",
    "scheduler_type": "cosine",
    "warmup_ratio": 0.1,
    "gradient_clip_norm": 1.0,
    "cache_dir": "./cache/ntml_binary/meta_llama_Llama_3.3_70B_Instruct_4T1L_500samples",
    "activation_batch_size": 4,
    "force_recache": false,
    "output_dir": "./ntml_4T1L_500samples_pytorch_llama70b",
    "probe_name": "ntml_binary_4T1L_500samples_layer_47",
    "save_checkpoints": true,
    "checkpoint_every": 5,
    "verbose": true,
    "log_every": 10,
    "eval_every": 1,
    "ignore_system_tokens": true,
    "ignore_user_tokens": true,
    "min_tokens_per_statement": 1,
    "token_overlap_strategy": "majority",
    "probe_method": "pytorch",
    "sklearn_C": 1.0,
    "sklearn_C_sweep": false,
    "sklearn_C_values": [
      0.0001,
      0.001,
      0.01,
      0.1,
      1.0,
      10.0,
      100.0,
      1000.0,
      10000.0
    ],
    "sklearn_solver": "liblinear",
    "sklearn_max_iter": 1000,
    "pytorch_bias": true,
    "pytorch_normalize_weights": true
  }
}