{
  "model_type": "pytorch_interpretability_probe",
  "training_history": {
    "train_loss": [
      0.3985378742898436,
      0.3556648992920575,
      0.34028357318411134,
      0.3316376720933609,
      0.32694137048775745,
      0.32353017183199323,
      0.3216641115101233,
      0.3201332344720353
    ],
    "train_accuracy": [
      0.8332500891901534,
      0.8436674991080985,
      0.8498394577238673,
      0.8525865144488048,
      0.8546914020692116,
      0.8558687120941848,
      0.8572244024259722,
      0.8571887263646093
    ],
    "val_loss": [
      0.37491321997209026,
      0.3594813368537209,
      0.34937529130415484,
      0.3458565820347179,
      0.34109065207568084,
      0.3397630290551619,
      0.33854787999933417,
      0.339284119551832
    ],
    "val_accuracy": [
      0.8370433789954338,
      0.8397545662100456,
      0.8417522831050228,
      0.843607305936073,
      0.848744292237443,
      0.8496004566210046,
      0.848744292237443,
      0.8450342465753424
    ],
    "val_f1": [
      0.12153846153846154,
      0.15500376222723852,
      0.1742367833209233,
      0.19765739385065886,
      0.24822695035460993,
      0.2577464788732394,
      0.24393723252496433,
      0.20381231671554254
    ],
    "val_auroc": [
      0.812847135644765,
      0.838640007558434,
      0.8538438970262819,
      0.8599307096190307,
      0.8654075906852247,
      0.8686341327229756,
      0.871088208487752,
      0.8717010525687664
    ],
    "learning_rate": [
      0.001,
      0.001,
      0.001,
      0.001,
      0.001,
      0.001,
      0.001,
      0.001
    ]
  },
  "metadata": {
    "layer": 14,
    "num_assistant_tokens": 35038,
    "hidden_size": 8192,
    "label_distribution": [
      29014,
      6024
    ],
    "training_history": {
      "train_loss": [
        0.3985378742898436,
        0.3556648992920575,
        0.34028357318411134,
        0.3316376720933609,
        0.32694137048775745,
        0.32353017183199323,
        0.3216641115101233,
        0.3201332344720353
      ],
      "train_accuracy": [
        0.8332500891901534,
        0.8436674991080985,
        0.8498394577238673,
        0.8525865144488048,
        0.8546914020692116,
        0.8558687120941848,
        0.8572244024259722,
        0.8571887263646093
      ],
      "val_loss": [
        0.37491321997209026,
        0.3594813368537209,
        0.34937529130415484,
        0.3458565820347179,
        0.34109065207568084,
        0.3397630290551619,
        0.33854787999933417,
        0.339284119551832
      ],
      "val_accuracy": [
        0.8370433789954338,
        0.8397545662100456,
        0.8417522831050228,
        0.843607305936073,
        0.848744292237443,
        0.8496004566210046,
        0.848744292237443,
        0.8450342465753424
      ],
      "val_f1": [
        0.12153846153846154,
        0.15500376222723852,
        0.1742367833209233,
        0.19765739385065886,
        0.24822695035460993,
        0.2577464788732394,
        0.24393723252496433,
        0.20381231671554254
      ],
      "val_auroc": [
        0.812847135644765,
        0.838640007558434,
        0.8538438970262819,
        0.8599307096190307,
        0.8654075906852247,
        0.8686341327229756,
        0.871088208487752,
        0.8717010525687664
      ],
      "learning_rate": [
        0.001,
        0.001,
        0.001,
        0.001,
        0.001,
        0.001,
        0.001,
        0.001
      ]
    },
    "final_metrics": {
      "loss": 0.339284119551832,
      "accuracy": 0.8450342465753424,
      "precision": 0.9328859060402684,
      "recall": 0.11440329218106995,
      "f1": 0.20381231671554254,
      "auroc": 0.8717010525687664
    },
    "best_val_f1": 0.2577464788732394,
    "training_time": 8.008383750915527,
    "num_parameters": 8193
  },
  "config": {
    "dataset_path": "data/NTML-datasets/4T1L_500samples.jsonl",
    "max_length": 312,
    "model_name": "meta-llama/Llama-3.3-70B-Instruct",
    "hook_point": "blocks.14.hook_resid_pre",
    "hook_layer": 14,
    "device": "cuda",
    "dtype": "bfloat16",
    "batch_size": 32,
    "learning_rate": 0.001,
    "num_epochs": 8,
    "weight_decay": 0.001,
    "train_ratio": 0.8,
    "handle_class_imbalance": true,
    "optimizer_type": "AdamW",
    "scheduler_type": "cosine",
    "warmup_ratio": 0.1,
    "gradient_clip_norm": 1.0,
    "cache_dir": "./cache/ntml_binary/meta_llama_Llama_3.3_70B_Instruct_4T1L_500samples",
    "activation_batch_size": 4,
    "force_recache": false,
    "output_dir": "./ntml_4T1L_500samples_pytorch_llama70b",
    "probe_name": "ntml_binary_4T1L_500samples_layer_14",
    "save_checkpoints": true,
    "checkpoint_every": 5,
    "verbose": true,
    "log_every": 10,
    "eval_every": 1,
    "ignore_system_tokens": true,
    "ignore_user_tokens": true,
    "min_tokens_per_statement": 1,
    "token_overlap_strategy": "majority",
    "probe_method": "pytorch",
    "sklearn_C": 1.0,
    "sklearn_C_sweep": false,
    "sklearn_C_values": [
      0.0001,
      0.001,
      0.01,
      0.1,
      1.0,
      10.0,
      100.0,
      1000.0,
      10000.0
    ],
    "sklearn_solver": "liblinear",
    "sklearn_max_iter": 1000,
    "pytorch_bias": true,
    "pytorch_normalize_weights": true
  }
}