{
  "model_type": "pytorch_interpretability_probe",
  "training_history": {
    "train_loss": [
      0.09064341316076174,
      0.031845470832992495,
      0.022891051221541107,
      0.01955052271493834,
      0.017756432195972293,
      0.01669283733399134,
      0.01599862985631885,
      0.01530967803871829
    ],
    "train_accuracy": [
      0.9691758829825188,
      0.9932929004637888,
      0.9965394220478059,
      0.9978594363182305,
      0.9983945772386729,
      0.9986086336068498,
      0.9987156617909383,
      0.998965394220478
    ],
    "val_loss": [
      0.04901227084073154,
      0.03764364502646706,
      0.03381468599492853,
      0.03258479508486661,
      0.03153161569075151,
      0.03067951635880904,
      0.030063390731811523,
      0.03022044355219061
    ],
    "val_accuracy": [
      0.9848744292237442,
      0.9882990867579908,
      0.9891552511415526,
      0.990296803652968,
      0.990439497716895,
      0.9910102739726028,
      0.9912956621004566,
      0.990582191780822
    ],
    "val_f1": [
      0.9542709232096636,
      0.9647160068846816,
      0.9674378748928878,
      0.9710144927536232,
      0.9714529186195143,
      0.973225669358266,
      0.9740976645435244,
      0.9718909710391823
    ],
    "val_auroc": [
      0.9978648347701409,
      0.998900027135831,
      0.9990865229931182,
      0.9991336688003443,
      0.9990564360504914,
      0.9991076126442896,
      0.9991553342781689,
      0.9991229440289295
    ],
    "learning_rate": [
      0.001,
      0.001,
      0.001,
      0.001,
      0.001,
      0.001,
      0.001,
      0.001
    ]
  },
  "metadata": {
    "layer": 63,
    "num_assistant_tokens": 35038,
    "hidden_size": 8192,
    "label_distribution": [
      29014,
      6024
    ],
    "training_history": {
      "train_loss": [
        0.09064341316076174,
        0.031845470832992495,
        0.022891051221541107,
        0.01955052271493834,
        0.017756432195972293,
        0.01669283733399134,
        0.01599862985631885,
        0.01530967803871829
      ],
      "train_accuracy": [
        0.9691758829825188,
        0.9932929004637888,
        0.9965394220478059,
        0.9978594363182305,
        0.9983945772386729,
        0.9986086336068498,
        0.9987156617909383,
        0.998965394220478
      ],
      "val_loss": [
        0.04901227084073154,
        0.03764364502646706,
        0.03381468599492853,
        0.03258479508486661,
        0.03153161569075151,
        0.03067951635880904,
        0.030063390731811523,
        0.03022044355219061
      ],
      "val_accuracy": [
        0.9848744292237442,
        0.9882990867579908,
        0.9891552511415526,
        0.990296803652968,
        0.990439497716895,
        0.9910102739726028,
        0.9912956621004566,
        0.990582191780822
      ],
      "val_f1": [
        0.9542709232096636,
        0.9647160068846816,
        0.9674378748928878,
        0.9710144927536232,
        0.9714529186195143,
        0.973225669358266,
        0.9740976645435244,
        0.9718909710391823
      ],
      "val_auroc": [
        0.9978648347701409,
        0.998900027135831,
        0.9990865229931182,
        0.9991336688003443,
        0.9990564360504914,
        0.9991076126442896,
        0.9991553342781689,
        0.9991229440289295
      ],
      "learning_rate": [
        0.001,
        0.001,
        0.001,
        0.001,
        0.001,
        0.001,
        0.001,
        0.001
      ]
    },
    "final_metrics": {
      "loss": 0.03022044355219061,
      "accuracy": 0.990582191780822,
      "precision": 0.98959236773634,
      "recall": 0.9548117154811715,
      "f1": 0.9718909710391823,
      "auroc": 0.9991229440289295
    },
    "best_val_f1": 0.9740976645435244,
    "training_time": 8.346702575683594,
    "num_parameters": 8193
  },
  "config": {
    "dataset_path": "data/NTML-datasets/4T1L_500samples.jsonl",
    "max_length": 312,
    "model_name": "meta-llama/Llama-3.3-70B-Instruct",
    "hook_point": "blocks.63.hook_resid_pre",
    "hook_layer": 63,
    "device": "cuda",
    "dtype": "bfloat16",
    "batch_size": 32,
    "learning_rate": 0.001,
    "num_epochs": 8,
    "weight_decay": 0.001,
    "train_ratio": 0.8,
    "handle_class_imbalance": true,
    "optimizer_type": "AdamW",
    "scheduler_type": "cosine",
    "warmup_ratio": 0.1,
    "gradient_clip_norm": 1.0,
    "cache_dir": "./cache/ntml_binary/meta_llama_Llama_3.3_70B_Instruct_4T1L_500samples",
    "activation_batch_size": 4,
    "force_recache": false,
    "output_dir": "./ntml_4T1L_500samples_pytorch_llama70b",
    "probe_name": "ntml_binary_4T1L_500samples_layer_63",
    "save_checkpoints": true,
    "checkpoint_every": 5,
    "verbose": true,
    "log_every": 10,
    "eval_every": 1,
    "ignore_system_tokens": true,
    "ignore_user_tokens": true,
    "min_tokens_per_statement": 1,
    "token_overlap_strategy": "majority",
    "probe_method": "pytorch",
    "sklearn_C": 1.0,
    "sklearn_C_sweep": false,
    "sklearn_C_values": [
      0.0001,
      0.001,
      0.01,
      0.1,
      1.0,
      10.0,
      100.0,
      1000.0,
      10000.0
    ],
    "sklearn_solver": "liblinear",
    "sklearn_max_iter": 1000,
    "pytorch_bias": true,
    "pytorch_normalize_weights": true
  }
}