{
  "loss": 0.339284119551832,
  "accuracy": 0.8450342465753424,
  "precision": 0.9328859060402684,
  "recall": 0.11440329218106995,
  "f1": 0.20381231671554254,
  "auroc": 0.8717010525687664
}