{
  "loss": 0.11149748672138561,
  "accuracy": 0.966466894977169,
  "precision": 0.9810756972111554,
  "recall": 0.8201498751040799,
  "f1": 0.8934240362811792,
  "auroc": 0.9941500159086187
}