{
  "model_type": "pytorch_interpretability_probe",
  "training_history": {
    "train_loss": [
      0.08545713631869996,
      0.03363212579903809,
      0.02698077604208635,
      0.02378629614943511,
      0.02209707910671286,
      0.02105797944775438,
      0.02037533842979773,
      0.019776893473447184
    ],
    "train_accuracy": [
      0.9725651088119872,
      0.9927577595433464,
      0.994470210488762,
      0.9959686050660007,
      0.9963967178023546,
      0.9970032108455227,
      0.9969675347841598,
      0.9973242953977881
    ],
    "val_loss": [
      0.04305134253068404,
      0.032767113772305574,
      0.02907516956329346,
      0.027269783886996184,
      0.02590387517755682,
      0.025261176716197622,
      0.02453799139369618,
      0.02440657317638397
    ],
    "val_accuracy": [
      0.9882990867579908,
      0.990582191780822,
      0.9920091324200914,
      0.9915810502283106,
      0.9924372146118722,
      0.9924372146118722,
      0.9934360730593608,
      0.992865296803653
    ],
    "val_f1": [
      0.965076660988075,
      0.9719864176570459,
      0.9763513513513513,
      0.9750317393144308,
      0.9775898520084566,
      0.9776465626318009,
      0.9806397306397306,
      0.9788672865595942
    ],
    "val_auroc": [
      0.9993753056348506,
      0.9997361606033724,
      0.9998018161601452,
      0.9998168517838336,
      0.9998519349057732,
      0.9998527940842697,
      0.9998781398499158,
      0.9998739155556414
    ],
    "learning_rate": [
      0.001,
      0.001,
      0.001,
      0.001,
      0.001,
      0.001,
      0.001,
      0.001
    ]
  },
  "metadata": {
    "layer": 38,
    "num_assistant_tokens": 35038,
    "hidden_size": 8192,
    "label_distribution": [
      29014,
      6024
    ],
    "training_history": {
      "train_loss": [
        0.08545713631869996,
        0.03363212579903809,
        0.02698077604208635,
        0.02378629614943511,
        0.02209707910671286,
        0.02105797944775438,
        0.02037533842979773,
        0.019776893473447184
      ],
      "train_accuracy": [
        0.9725651088119872,
        0.9927577595433464,
        0.994470210488762,
        0.9959686050660007,
        0.9963967178023546,
        0.9970032108455227,
        0.9969675347841598,
        0.9973242953977881
      ],
      "val_loss": [
        0.04305134253068404,
        0.032767113772305574,
        0.02907516956329346,
        0.027269783886996184,
        0.02590387517755682,
        0.025261176716197622,
        0.02453799139369618,
        0.02440657317638397
      ],
      "val_accuracy": [
        0.9882990867579908,
        0.990582191780822,
        0.9920091324200914,
        0.9915810502283106,
        0.9924372146118722,
        0.9924372146118722,
        0.9934360730593608,
        0.992865296803653
      ],
      "val_f1": [
        0.965076660988075,
        0.9719864176570459,
        0.9763513513513513,
        0.9750317393144308,
        0.9775898520084566,
        0.9776465626318009,
        0.9806397306397306,
        0.9788672865595942
      ],
      "val_auroc": [
        0.9993753056348506,
        0.9997361606033724,
        0.9998018161601452,
        0.9998168517838336,
        0.9998519349057732,
        0.9998527940842697,
        0.9998781398499158,
        0.9998739155556414
      ],
      "learning_rate": [
        0.001,
        0.001,
        0.001,
        0.001,
        0.001,
        0.001,
        0.001,
        0.001
      ]
    },
    "final_metrics": {
      "loss": 0.02440657317638397,
      "accuracy": 0.992865296803653,
      "precision": 0.9957007738607051,
      "recall": 0.9625935162094763,
      "f1": 0.9788672865595942,
      "auroc": 0.9998739155556414
    },
    "best_val_f1": 0.9806397306397306,
    "training_time": 8.00469446182251,
    "num_parameters": 8193
  },
  "config": {
    "dataset_path": "data/NTML-datasets/4T1L_500samples.jsonl",
    "max_length": 312,
    "model_name": "meta-llama/Llama-3.3-70B-Instruct",
    "hook_point": "blocks.38.hook_resid_pre",
    "hook_layer": 38,
    "device": "cuda",
    "dtype": "bfloat16",
    "batch_size": 32,
    "learning_rate": 0.001,
    "num_epochs": 8,
    "weight_decay": 0.001,
    "train_ratio": 0.8,
    "handle_class_imbalance": true,
    "optimizer_type": "AdamW",
    "scheduler_type": "cosine",
    "warmup_ratio": 0.1,
    "gradient_clip_norm": 1.0,
    "cache_dir": "./cache/ntml_binary/meta_llama_Llama_3.3_70B_Instruct_4T1L_500samples",
    "activation_batch_size": 4,
    "force_recache": false,
    "output_dir": "./ntml_4T1L_500samples_pytorch_llama70b",
    "probe_name": "ntml_binary_4T1L_500samples_layer_38",
    "save_checkpoints": true,
    "checkpoint_every": 5,
    "verbose": true,
    "log_every": 10,
    "eval_every": 1,
    "ignore_system_tokens": true,
    "ignore_user_tokens": true,
    "min_tokens_per_statement": 1,
    "token_overlap_strategy": "majority",
    "probe_method": "pytorch",
    "sklearn_C": 1.0,
    "sklearn_C_sweep": false,
    "sklearn_C_values": [
      0.0001,
      0.001,
      0.01,
      0.1,
      1.0,
      10.0,
      100.0,
      1000.0,
      10000.0
    ],
    "sklearn_solver": "liblinear",
    "sklearn_max_iter": 1000,
    "pytorch_bias": true,
    "pytorch_normalize_weights": true
  }
}