{
  "loss": 0.03171067237854004,
  "accuracy": 0.990439497716895,
  "precision": 0.9930915371329879,
  "recall": 0.9511993382961125,
  "f1": 0.9716941275876637,
  "auroc": 0.999091070007079
}