{
  "model_type": "pytorch_interpretability_probe",
  "training_history": {
    "train_loss": [
      0.10641639363488446,
      0.04941243837804419,
      0.04029665770834167,
      0.036308732330288786,
      0.03405450452884583,
      0.03263561568780032,
      0.031562663468034706,
      0.03102783055457214
    ],
    "train_accuracy": [
      0.9637174455940064,
      0.9862290403139493,
      0.9902961113093115,
      0.9913663931501963,
      0.9926864074206208,
      0.9932572244024259,
      0.9941848019978594,
      0.9940777738137709
    ],
    "val_loss": [
      0.058785802667791195,
      0.04731309197165749,
      0.04268308552828702,
      0.040374313701282846,
      0.03900805047967217,
      0.03812767375599254,
      0.037728801640597255,
      0.037037541649558324
    ],
    "val_accuracy": [
      0.980736301369863,
      0.9841609589041096,
      0.9861586757990868,
      0.9877283105022832,
      0.9884417808219178,
      0.9887271689497716,
      0.9884417808219178,
      0.9885844748858448
    ],
    "val_f1": [
      0.9402390438247012,
      0.9510366122629025,
      0.9573626373626374,
      0.9624454148471616,
      0.9646750981247274,
      0.9655473179241169,
      0.9645824223874071,
      0.9650655021834061
    ],
    "val_auroc": [
      0.9980222995201133,
      0.9990101642314132,
      0.9993158241151121,
      0.9994311674674513,
      0.9994862840693601,
      0.9995323484081742,
      0.9995273112617745,
      0.9995821358551965
    ],
    "learning_rate": [
      0.001,
      0.001,
      0.001,
      0.001,
      0.001,
      0.001,
      0.001,
      0.001
    ]
  },
  "metadata": {
    "layer": 32,
    "num_assistant_tokens": 35038,
    "hidden_size": 8192,
    "label_distribution": [
      29014,
      6024
    ],
    "training_history": {
      "train_loss": [
        0.10641639363488446,
        0.04941243837804419,
        0.04029665770834167,
        0.036308732330288786,
        0.03405450452884583,
        0.03263561568780032,
        0.031562663468034706,
        0.03102783055457214
      ],
      "train_accuracy": [
        0.9637174455940064,
        0.9862290403139493,
        0.9902961113093115,
        0.9913663931501963,
        0.9926864074206208,
        0.9932572244024259,
        0.9941848019978594,
        0.9940777738137709
      ],
      "val_loss": [
        0.058785802667791195,
        0.04731309197165749,
        0.04268308552828702,
        0.040374313701282846,
        0.03900805047967217,
        0.03812767375599254,
        0.037728801640597255,
        0.037037541649558324
      ],
      "val_accuracy": [
        0.980736301369863,
        0.9841609589041096,
        0.9861586757990868,
        0.9877283105022832,
        0.9884417808219178,
        0.9887271689497716,
        0.9884417808219178,
        0.9885844748858448
      ],
      "val_f1": [
        0.9402390438247012,
        0.9510366122629025,
        0.9573626373626374,
        0.9624454148471616,
        0.9646750981247274,
        0.9655473179241169,
        0.9645824223874071,
        0.9650655021834061
      ],
      "val_auroc": [
        0.9980222995201133,
        0.9990101642314132,
        0.9993158241151121,
        0.9994311674674513,
        0.9994862840693601,
        0.9995323484081742,
        0.9995273112617745,
        0.9995821358551965
      ],
      "learning_rate": [
        0.001,
        0.001,
        0.001,
        0.001,
        0.001,
        0.001,
        0.001,
        0.001
      ]
    },
    "final_metrics": {
      "loss": 0.037037541649558324,
      "accuracy": 0.9885844748858448,
      "precision": 0.9901433691756273,
      "recall": 0.9412265758091993,
      "f1": 0.9650655021834061,
      "auroc": 0.9995821358551965
    },
    "best_val_f1": 0.9655473179241169,
    "training_time": 8.158555269241333,
    "num_parameters": 8193
  },
  "config": {
    "dataset_path": "data/NTML-datasets/4T1L_500samples.jsonl",
    "max_length": 312,
    "model_name": "meta-llama/Llama-3.3-70B-Instruct",
    "hook_point": "blocks.32.hook_resid_pre",
    "hook_layer": 32,
    "device": "cuda",
    "dtype": "bfloat16",
    "batch_size": 32,
    "learning_rate": 0.001,
    "num_epochs": 8,
    "weight_decay": 0.001,
    "train_ratio": 0.8,
    "handle_class_imbalance": true,
    "optimizer_type": "AdamW",
    "scheduler_type": "cosine",
    "warmup_ratio": 0.1,
    "gradient_clip_norm": 1.0,
    "cache_dir": "./cache/ntml_binary/meta_llama_Llama_3.3_70B_Instruct_4T1L_500samples",
    "activation_batch_size": 4,
    "force_recache": false,
    "output_dir": "./ntml_4T1L_500samples_pytorch_llama70b",
    "probe_name": "ntml_binary_4T1L_500samples_layer_32",
    "save_checkpoints": true,
    "checkpoint_every": 5,
    "verbose": true,
    "log_every": 10,
    "eval_every": 1,
    "ignore_system_tokens": true,
    "ignore_user_tokens": true,
    "min_tokens_per_statement": 1,
    "token_overlap_strategy": "majority",
    "probe_method": "pytorch",
    "sklearn_C": 1.0,
    "sklearn_C_sweep": false,
    "sklearn_C_values": [
      0.0001,
      0.001,
      0.01,
      0.1,
      1.0,
      10.0,
      100.0,
      1000.0,
      10000.0
    ],
    "sklearn_solver": "liblinear",
    "sklearn_max_iter": 1000,
    "pytorch_bias": true,
    "pytorch_normalize_weights": true
  }
}