{
  "model_type": "pytorch_interpretability_probe",
  "training_history": {
    "train_loss": [
      0.09063066561923247,
      0.03324721458465813,
      0.024878896500694154,
      0.021386059307276387,
      0.01964615875659468,
      0.01852246542880099,
      0.017710237125929906,
      0.017161188970349694
    ],
    "train_accuracy": [
      0.9704958972529433,
      0.9935069568319658,
      0.9963253656796289,
      0.9976097038886906,
      0.9981805208704959,
      0.9982875490545844,
      0.9986443096682126,
      0.9988940420977525
    ],
    "val_loss": [
      0.047345152768221765,
      0.03703961805863814,
      0.03429985046386719,
      0.03278680281205611,
      0.031743036616932264,
      0.03127258907664906,
      0.031467797539450906,
      0.030611909519542346
    ],
    "val_accuracy": [
      0.9848744292237442,
      0.9887271689497716,
      0.9900114155251142,
      0.9898687214611872,
      0.9907248858447488,
      0.990154109589041,
      0.9894406392694064,
      0.9911529680365296
    ],
    "val_f1": [
      0.9542709232096636,
      0.9661089661089661,
      0.9700342465753424,
      0.9695409695409696,
      0.9721627408993576,
      0.9704749679075738,
      0.968103448275862,
      0.9734816082121471
    ],
    "val_auroc": [
      0.9989677917700144,
      0.9993978483403874,
      0.9994288616869956,
      0.9994425568330446,
      0.9995184960555805,
      0.9995032792266372,
      0.9994778453839749,
      0.9995053081371631
    ],
    "learning_rate": [
      0.001,
      0.001,
      0.001,
      0.001,
      0.001,
      0.001,
      0.001,
      0.001
    ]
  },
  "metadata": {
    "layer": 54,
    "num_assistant_tokens": 35038,
    "hidden_size": 8192,
    "label_distribution": [
      29014,
      6024
    ],
    "training_history": {
      "train_loss": [
        0.09063066561923247,
        0.03324721458465813,
        0.024878896500694154,
        0.021386059307276387,
        0.01964615875659468,
        0.01852246542880099,
        0.017710237125929906,
        0.017161188970349694
      ],
      "train_accuracy": [
        0.9704958972529433,
        0.9935069568319658,
        0.9963253656796289,
        0.9976097038886906,
        0.9981805208704959,
        0.9982875490545844,
        0.9986443096682126,
        0.9988940420977525
      ],
      "val_loss": [
        0.047345152768221765,
        0.03703961805863814,
        0.03429985046386719,
        0.03278680281205611,
        0.031743036616932264,
        0.03127258907664906,
        0.031467797539450906,
        0.030611909519542346
      ],
      "val_accuracy": [
        0.9848744292237442,
        0.9887271689497716,
        0.9900114155251142,
        0.9898687214611872,
        0.9907248858447488,
        0.990154109589041,
        0.9894406392694064,
        0.9911529680365296
      ],
      "val_f1": [
        0.9542709232096636,
        0.9661089661089661,
        0.9700342465753424,
        0.9695409695409696,
        0.9721627408993576,
        0.9704749679075738,
        0.968103448275862,
        0.9734816082121471
      ],
      "val_auroc": [
        0.9989677917700144,
        0.9993978483403874,
        0.9994288616869956,
        0.9994425568330446,
        0.9995184960555805,
        0.9995032792266372,
        0.9994778453839749,
        0.9995053081371631
      ],
      "learning_rate": [
        0.001,
        0.001,
        0.001,
        0.001,
        0.001,
        0.001,
        0.001,
        0.001
      ]
    },
    "final_metrics": {
      "loss": 0.030611909519542346,
      "accuracy": 0.9911529680365296,
      "precision": 0.986990459670425,
      "recall": 0.960337552742616,
      "f1": 0.9734816082121471,
      "auroc": 0.9995053081371631
    },
    "best_val_f1": 0.9734816082121471,
    "training_time": 8.605661392211914,
    "num_parameters": 8193
  },
  "config": {
    "dataset_path": "data/NTML-datasets/4T1L_500samples.jsonl",
    "max_length": 312,
    "model_name": "meta-llama/Llama-3.3-70B-Instruct",
    "hook_point": "blocks.54.hook_resid_pre",
    "hook_layer": 54,
    "device": "cuda",
    "dtype": "bfloat16",
    "batch_size": 32,
    "learning_rate": 0.001,
    "num_epochs": 8,
    "weight_decay": 0.001,
    "train_ratio": 0.8,
    "handle_class_imbalance": true,
    "optimizer_type": "AdamW",
    "scheduler_type": "cosine",
    "warmup_ratio": 0.1,
    "gradient_clip_norm": 1.0,
    "cache_dir": "./cache/ntml_binary/meta_llama_Llama_3.3_70B_Instruct_4T1L_500samples",
    "activation_batch_size": 4,
    "force_recache": false,
    "output_dir": "./ntml_4T1L_500samples_pytorch_llama70b",
    "probe_name": "ntml_binary_4T1L_500samples_layer_54",
    "save_checkpoints": true,
    "checkpoint_every": 5,
    "verbose": true,
    "log_every": 10,
    "eval_every": 1,
    "ignore_system_tokens": true,
    "ignore_user_tokens": true,
    "min_tokens_per_statement": 1,
    "token_overlap_strategy": "majority",
    "probe_method": "pytorch",
    "sklearn_C": 1.0,
    "sklearn_C_sweep": false,
    "sklearn_C_values": [
      0.0001,
      0.001,
      0.01,
      0.1,
      1.0,
      10.0,
      100.0,
      1000.0,
      10000.0
    ],
    "sklearn_solver": "liblinear",
    "sklearn_max_iter": 1000,
    "pytorch_bias": true,
    "pytorch_normalize_weights": true
  }
}