{
  "loss": 0.033814252506602895,
  "accuracy": 0.9877283105022832,
  "precision": 0.9837189374464439,
  "recall": 0.9448559670781893,
  "f1": 0.9638958858102435,
  "auroc": 0.9990229445357282
}