{
  "loss": 0.12279311526905407,
  "accuracy": 0.96175799086758,
  "precision": 0.9798515376458112,
  "recall": 0.7877237851662404,
  "f1": 0.8733459357277883,
  "auroc": 0.9932675428503803
}