{
  "loss": 0.023244489323009144,
  "accuracy": 0.9942922374429224,
  "precision": 0.9982502187226596,
  "recall": 0.9677692960135709,
  "f1": 0.9827734711455641,
  "auroc": 0.9998940688910163
}