{
  "model_type": "pytorch_interpretability_probe",
  "training_history": {
    "train_loss": [
      0.22842725665738048,
      0.14441252454741088,
      0.12671506215210102,
      0.11948288238892273,
      0.1154649177540655,
      0.11303334727407047,
      0.1113854037878448,
      0.11012156222645006
    ],
    "train_accuracy": [
      0.9072065643952908,
      0.9500178380306814,
      0.9584017124509454,
      0.9622190510167677,
      0.9644666428826257,
      0.9662147698894042,
      0.9674277559757403,
      0.9676418123439172
    ],
    "val_loss": [
      0.1671745473688299,
      0.14183464050292968,
      0.13290018168362705,
      0.12892068949612703,
      0.12615186951377175,
      0.12490096742456609,
      0.12348290790211071,
      0.12285504341125489
    ],
    "val_accuracy": [
      0.9442066210045662,
      0.9530536529680366,
      0.9546232876712328,
      0.9537671232876712,
      0.9599029680365296,
      0.963755707762557,
      0.9594748858447488,
      0.9620433789954338
    ],
    "val_f1": [
      0.814075130765573,
      0.8466200466200466,
      0.8509840674789129,
      0.8470254957507082,
      0.8706856879889554,
      0.884963768115942,
      0.8688827331486612,
      0.8792007266121707
    ],
    "val_auroc": [
      0.9840698265462045,
      0.9896567414668813,
      0.9915951696469211,
      0.9919912816791437,
      0.9925065058205689,
      0.9929452497048261,
      0.9930465806898134,
      0.9932277482084267
    ],
    "learning_rate": [
      0.001,
      0.001,
      0.001,
      0.001,
      0.001,
      0.001,
      0.001,
      0.001
    ]
  },
  "metadata": {
    "layer": 21,
    "num_assistant_tokens": 35038,
    "hidden_size": 8192,
    "label_distribution": [
      29014,
      6024
    ],
    "training_history": {
      "train_loss": [
        0.22842725665738048,
        0.14441252454741088,
        0.12671506215210102,
        0.11948288238892273,
        0.1154649177540655,
        0.11303334727407047,
        0.1113854037878448,
        0.11012156222645006
      ],
      "train_accuracy": [
        0.9072065643952908,
        0.9500178380306814,
        0.9584017124509454,
        0.9622190510167677,
        0.9644666428826257,
        0.9662147698894042,
        0.9674277559757403,
        0.9676418123439172
      ],
      "val_loss": [
        0.1671745473688299,
        0.14183464050292968,
        0.13290018168362705,
        0.12892068949612703,
        0.12615186951377175,
        0.12490096742456609,
        0.12348290790211071,
        0.12285504341125489
      ],
      "val_accuracy": [
        0.9442066210045662,
        0.9530536529680366,
        0.9546232876712328,
        0.9537671232876712,
        0.9599029680365296,
        0.963755707762557,
        0.9594748858447488,
        0.9620433789954338
      ],
      "val_f1": [
        0.814075130765573,
        0.8466200466200466,
        0.8509840674789129,
        0.8470254957507082,
        0.8706856879889554,
        0.884963768115942,
        0.8688827331486612,
        0.8792007266121707
      ],
      "val_auroc": [
        0.9840698265462045,
        0.9896567414668813,
        0.9915951696469211,
        0.9919912816791437,
        0.9925065058205689,
        0.9929452497048261,
        0.9930465806898134,
        0.9932277482084267
      ],
      "learning_rate": [
        0.001,
        0.001,
        0.001,
        0.001,
        0.001,
        0.001,
        0.001,
        0.001
      ]
    },
    "final_metrics": {
      "loss": 0.12285504341125489,
      "accuracy": 0.9620433789954338,
      "precision": 0.9728643216080402,
      "recall": 0.8019884009942005,
      "f1": 0.8792007266121707,
      "auroc": 0.9932277482084267
    },
    "best_val_f1": 0.884963768115942,
    "training_time": 8.659993410110474,
    "num_parameters": 8193
  },
  "config": {
    "dataset_path": "data/NTML-datasets/4T1L_500samples.jsonl",
    "max_length": 312,
    "model_name": "meta-llama/Llama-3.3-70B-Instruct",
    "hook_point": "blocks.21.hook_resid_pre",
    "hook_layer": 21,
    "device": "cuda",
    "dtype": "bfloat16",
    "batch_size": 32,
    "learning_rate": 0.001,
    "num_epochs": 8,
    "weight_decay": 0.001,
    "train_ratio": 0.8,
    "handle_class_imbalance": true,
    "optimizer_type": "AdamW",
    "scheduler_type": "cosine",
    "warmup_ratio": 0.1,
    "gradient_clip_norm": 1.0,
    "cache_dir": "./cache/ntml_binary/meta_llama_Llama_3.3_70B_Instruct_4T1L_500samples",
    "activation_batch_size": 4,
    "force_recache": false,
    "output_dir": "./ntml_4T1L_500samples_pytorch_llama70b",
    "probe_name": "ntml_binary_4T1L_500samples_layer_21",
    "save_checkpoints": true,
    "checkpoint_every": 5,
    "verbose": true,
    "log_every": 10,
    "eval_every": 1,
    "ignore_system_tokens": true,
    "ignore_user_tokens": true,
    "min_tokens_per_statement": 1,
    "token_overlap_strategy": "majority",
    "probe_method": "pytorch",
    "sklearn_C": 1.0,
    "sklearn_C_sweep": false,
    "sklearn_C_values": [
      0.0001,
      0.001,
      0.01,
      0.1,
      1.0,
      10.0,
      100.0,
      1000.0,
      10000.0
    ],
    "sklearn_solver": "liblinear",
    "sklearn_max_iter": 1000,
    "pytorch_bias": true,
    "pytorch_normalize_weights": true
  }
}