{
  "model_type": "pytorch_interpretability_probe",
  "training_history": {
    "train_loss": [
      0.0903614510241981,
      0.033941973876803436,
      0.025410262163469068,
      0.021990649377689037,
      0.020218516268329396,
      0.018919921684244723,
      0.018233097998263764,
      0.017611313301891293
    ],
    "train_accuracy": [
      0.9698537281484124,
      0.9929361398501605,
      0.9961469853728149,
      0.9970032108455227,
      0.9977167320727791,
      0.9978951123795933,
      0.9981448448091331,
      0.9983945772386729
    ],
    "val_loss": [
      0.04518268325112083,
      0.03491144613786177,
      0.031394880468195135,
      0.030676624991677025,
      0.02969732718034224,
      0.028674221038818358,
      0.028411032936789773,
      0.027981597726995294
    ],
    "val_accuracy": [
      0.985587899543379,
      0.990582191780822,
      0.9900114155251142,
      0.990582191780822,
      0.990439497716895,
      0.9914383561643836,
      0.9910102739726028,
      0.9911529680365296
    ],
    "val_f1": [
      0.9571489181162495,
      0.9724540901502504,
      0.9706129303106633,
      0.9722921914357683,
      0.9718369062631358,
      0.9748953974895398,
      0.9735849056603774,
      0.974036850921273
    ],
    "val_auroc": [
      0.9988825570279771,
      0.9995566481032756,
      0.9996208370984243,
      0.999628514187545,
      0.9996371864548851,
      0.9996587249549184,
      0.9996666863806734,
      0.9996588671232355
    ],
    "learning_rate": [
      0.001,
      0.001,
      0.001,
      0.001,
      0.001,
      0.001,
      0.001,
      0.001
    ]
  },
  "metadata": {
    "layer": 53,
    "num_assistant_tokens": 35038,
    "hidden_size": 8192,
    "label_distribution": [
      29014,
      6024
    ],
    "training_history": {
      "train_loss": [
        0.0903614510241981,
        0.033941973876803436,
        0.025410262163469068,
        0.021990649377689037,
        0.020218516268329396,
        0.018919921684244723,
        0.018233097998263764,
        0.017611313301891293
      ],
      "train_accuracy": [
        0.9698537281484124,
        0.9929361398501605,
        0.9961469853728149,
        0.9970032108455227,
        0.9977167320727791,
        0.9978951123795933,
        0.9981448448091331,
        0.9983945772386729
      ],
      "val_loss": [
        0.04518268325112083,
        0.03491144613786177,
        0.031394880468195135,
        0.030676624991677025,
        0.02969732718034224,
        0.028674221038818358,
        0.028411032936789773,
        0.027981597726995294
      ],
      "val_accuracy": [
        0.985587899543379,
        0.990582191780822,
        0.9900114155251142,
        0.990582191780822,
        0.990439497716895,
        0.9914383561643836,
        0.9910102739726028,
        0.9911529680365296
      ],
      "val_f1": [
        0.9571489181162495,
        0.9724540901502504,
        0.9706129303106633,
        0.9722921914357683,
        0.9718369062631358,
        0.9748953974895398,
        0.9735849056603774,
        0.974036850921273
      ],
      "val_auroc": [
        0.9988825570279771,
        0.9995566481032756,
        0.9996208370984243,
        0.999628514187545,
        0.9996371864548851,
        0.9996587249549184,
        0.9996666863806734,
        0.9996588671232355
      ],
      "learning_rate": [
        0.001,
        0.001,
        0.001,
        0.001,
        0.001,
        0.001,
        0.001,
        0.001
      ]
    },
    "final_metrics": {
      "loss": 0.027981597726995294,
      "accuracy": 0.9911529680365296,
      "precision": 0.9906303236797275,
      "recall": 0.9579901153212521,
      "f1": 0.974036850921273,
      "auroc": 0.9996588671232355
    },
    "best_val_f1": 0.9748953974895398,
    "training_time": 8.717433214187622,
    "num_parameters": 8193
  },
  "config": {
    "dataset_path": "data/NTML-datasets/4T1L_500samples.jsonl",
    "max_length": 312,
    "model_name": "meta-llama/Llama-3.3-70B-Instruct",
    "hook_point": "blocks.53.hook_resid_pre",
    "hook_layer": 53,
    "device": "cuda",
    "dtype": "bfloat16",
    "batch_size": 32,
    "learning_rate": 0.001,
    "num_epochs": 8,
    "weight_decay": 0.001,
    "train_ratio": 0.8,
    "handle_class_imbalance": true,
    "optimizer_type": "AdamW",
    "scheduler_type": "cosine",
    "warmup_ratio": 0.1,
    "gradient_clip_norm": 1.0,
    "cache_dir": "./cache/ntml_binary/meta_llama_Llama_3.3_70B_Instruct_4T1L_500samples",
    "activation_batch_size": 4,
    "force_recache": false,
    "output_dir": "./ntml_4T1L_500samples_pytorch_llama70b",
    "probe_name": "ntml_binary_4T1L_500samples_layer_53",
    "save_checkpoints": true,
    "checkpoint_every": 5,
    "verbose": true,
    "log_every": 10,
    "eval_every": 1,
    "ignore_system_tokens": true,
    "ignore_user_tokens": true,
    "min_tokens_per_statement": 1,
    "token_overlap_strategy": "majority",
    "probe_method": "pytorch",
    "sklearn_C": 1.0,
    "sklearn_C_sweep": false,
    "sklearn_C_values": [
      0.0001,
      0.001,
      0.01,
      0.1,
      1.0,
      10.0,
      100.0,
      1000.0,
      10000.0
    ],
    "sklearn_solver": "liblinear",
    "sklearn_max_iter": 1000,
    "pytorch_bias": true,
    "pytorch_normalize_weights": true
  }
}