{
  "loss": 0.030172894217751243,
  "accuracy": 0.9892979452054794,
  "precision": 0.9826388888888888,
  "recall": 0.953664700926706,
  "f1": 0.9679350149636596,
  "auroc": 0.9990688942962377
}