{
  "loss": 0.40102428089488634,
  "accuracy": 0.8299086757990868,
  "precision": 1.0,
  "recall": 0.004177109440267335,
  "f1": 0.008319467554076539,
  "auroc": 0.743495792771667
}