{
  "loss": 0.029177670045332477,
  "accuracy": 0.9888698630136986,
  "precision": 0.9938325991189427,
  "recall": 0.9407839866555463,
  "f1": 0.9665809768637532,
  "auroc": 0.9993605160437393
}