{
  "loss": 0.419267259944569,
  "accuracy": 0.8271974885844748,
  "precision": 0.0,
  "recall": 0.0,
  "f1": 0.0,
  "auroc": 0.6923629452119872
}