{
  "loss": 0.024074567448009145,
  "accuracy": 0.9915810502283106,
  "precision": 0.9891304347826086,
  "recall": 0.9625711960943857,
  "f1": 0.9756701030927835,
  "auroc": 0.9994824278190261
}