{
  "loss": 0.026744239980524238,
  "accuracy": 0.990439497716895,
  "precision": 0.9922945205479452,
  "recall": 0.952341824157765,
  "f1": 0.9719077568134172,
  "auroc": 0.9995857482646335
}