{
  "loss": 0.025102004137906163,
  "accuracy": 0.9898687214611872,
  "precision": 0.9893333333333333,
  "recall": 0.9496587030716723,
  "f1": 0.9690901175446234,
  "auroc": 0.9996213335142354
}