{
  "model_type": "pytorch_interpretability_probe",
  "training_history": {
    "train_loss": [
      0.09137521385636231,
      0.031543403492866245,
      0.02279666845673976,
      0.019278180908271405,
      0.017595903044268828,
      0.016378548084524328,
      0.015761224538104857,
      0.015309223920089878
    ],
    "train_accuracy": [
      0.9702818408847663,
      0.9935069568319658,
      0.99671780235462,
      0.9976453799500535,
      0.9982518729932216,
      0.9986799857295755,
      0.9986799857295755,
      0.998787013913664
    ],
    "val_loss": [
      0.04569927995855158,
      0.03655901822176846,
      0.033990027687766336,
      0.0327253905209628,
      0.03210492134094238,
      0.03158176162026145,
      0.030900335311889647,
      0.03112626075744629
    ],
    "val_accuracy": [
      0.9837328767123288,
      0.9898687214611872,
      0.9888698630136986,
      0.9897260273972602,
      0.990154109589041,
      0.9898687214611872,
      0.9907248858447488,
      0.990154109589041
    ],
    "val_f1": [
      0.9507346585998271,
      0.9698769622401358,
      0.9666666666666667,
      0.9693877551020408,
      0.9707006369426752,
      0.9698513800424629,
      0.9724925941599661,
      0.9707750952986023
    ],
    "val_auroc": [
      0.9989266533335527,
      0.9992267556557882,
      0.999407160268369,
      0.999373982408584,
      0.9993734103765187,
      0.9993743399286246,
      0.9993779866330407,
      0.999322571026719
    ],
    "learning_rate": [
      0.001,
      0.001,
      0.001,
      0.001,
      0.001,
      0.001,
      0.001,
      0.001
    ]
  },
  "metadata": {
    "layer": 64,
    "num_assistant_tokens": 35038,
    "hidden_size": 8192,
    "label_distribution": [
      29014,
      6024
    ],
    "training_history": {
      "train_loss": [
        0.09137521385636231,
        0.031543403492866245,
        0.02279666845673976,
        0.019278180908271405,
        0.017595903044268828,
        0.016378548084524328,
        0.015761224538104857,
        0.015309223920089878
      ],
      "train_accuracy": [
        0.9702818408847663,
        0.9935069568319658,
        0.99671780235462,
        0.9976453799500535,
        0.9982518729932216,
        0.9986799857295755,
        0.9986799857295755,
        0.998787013913664
      ],
      "val_loss": [
        0.04569927995855158,
        0.03655901822176846,
        0.033990027687766336,
        0.0327253905209628,
        0.03210492134094238,
        0.03158176162026145,
        0.030900335311889647,
        0.03112626075744629
      ],
      "val_accuracy": [
        0.9837328767123288,
        0.9898687214611872,
        0.9888698630136986,
        0.9897260273972602,
        0.990154109589041,
        0.9898687214611872,
        0.9907248858447488,
        0.990154109589041
      ],
      "val_f1": [
        0.9507346585998271,
        0.9698769622401358,
        0.9666666666666667,
        0.9693877551020408,
        0.9707006369426752,
        0.9698513800424629,
        0.9724925941599661,
        0.9707750952986023
      ],
      "val_auroc": [
        0.9989266533335527,
        0.9992267556557882,
        0.999407160268369,
        0.999373982408584,
        0.9993734103765187,
        0.9993743399286246,
        0.9993779866330407,
        0.999322571026719
      ],
      "learning_rate": [
        0.001,
        0.001,
        0.001,
        0.001,
        0.001,
        0.001,
        0.001,
        0.001
      ]
    },
    "final_metrics": {
      "loss": 0.03112626075744629,
      "accuracy": 0.990154109589041,
      "precision": 0.9913494809688581,
      "recall": 0.9510373443983402,
      "f1": 0.9707750952986023,
      "auroc": 0.999322571026719
    },
    "best_val_f1": 0.9724925941599661,
    "training_time": 8.327501058578491,
    "num_parameters": 8193
  },
  "config": {
    "dataset_path": "data/NTML-datasets/4T1L_500samples.jsonl",
    "max_length": 312,
    "model_name": "meta-llama/Llama-3.3-70B-Instruct",
    "hook_point": "blocks.64.hook_resid_pre",
    "hook_layer": 64,
    "device": "cuda",
    "dtype": "bfloat16",
    "batch_size": 32,
    "learning_rate": 0.001,
    "num_epochs": 8,
    "weight_decay": 0.001,
    "train_ratio": 0.8,
    "handle_class_imbalance": true,
    "optimizer_type": "AdamW",
    "scheduler_type": "cosine",
    "warmup_ratio": 0.1,
    "gradient_clip_norm": 1.0,
    "cache_dir": "./cache/ntml_binary/meta_llama_Llama_3.3_70B_Instruct_4T1L_500samples",
    "activation_batch_size": 4,
    "force_recache": false,
    "output_dir": "./ntml_4T1L_500samples_pytorch_llama70b",
    "probe_name": "ntml_binary_4T1L_500samples_layer_64",
    "save_checkpoints": true,
    "checkpoint_every": 5,
    "verbose": true,
    "log_every": 10,
    "eval_every": 1,
    "ignore_system_tokens": true,
    "ignore_user_tokens": true,
    "min_tokens_per_statement": 1,
    "token_overlap_strategy": "majority",
    "probe_method": "pytorch",
    "sklearn_C": 1.0,
    "sklearn_C_sweep": false,
    "sklearn_C_values": [
      0.0001,
      0.001,
      0.01,
      0.1,
      1.0,
      10.0,
      100.0,
      1000.0,
      10000.0
    ],
    "sklearn_solver": "liblinear",
    "sklearn_max_iter": 1000,
    "pytorch_bias": true,
    "pytorch_normalize_weights": true
  }
}