{
  "loss": 0.030254450711337002,
  "accuracy": 0.9912956621004566,
  "precision": 0.9874266554903605,
  "recall": 0.9624183006535948,
  "f1": 0.974762101779065,
  "auroc": 0.9995314717634404
}