{
  "model_type": "pytorch_interpretability_probe",
  "training_history": {
    "train_loss": [
      0.45352835592613916,
      0.42792981873228125,
      0.4240972533754018,
      0.4221507132257501,
      0.42064130020468204,
      0.4197061739215568,
      0.4190803278390675,
      0.41859083830221605
    ],
    "train_accuracy": [
      0.8293970745629683,
      0.8293970745629683,
      0.8293970745629683,
      0.8293970745629683,
      0.8293970745629683,
      0.8293970745629683,
      0.8293970745629683,
      0.8293970745629683
    ],
    "val_loss": [
      0.44342845569957384,
      0.4402050365101207,
      0.4390681873668324,
      0.4384861686012962,
      0.4378272663463246,
      0.4375652313232422,
      0.4374938271262429,
      0.4373206398703835
    ],
    "val_accuracy": [
      0.8227739726027398,
      0.8227739726027398,
      0.8227739726027398,
      0.8227739726027398,
      0.8227739726027398,
      0.8227739726027398,
      0.8227739726027398,
      0.8227739726027398
    ],
    "val_f1": [
      0.0,
      0.0,
      0.0,
      0.0,
      0.0,
      0.0,
      0.0,
      0.0
    ],
    "val_auroc": [
      0.6161729903152636,
      0.6249754935227496,
      0.6297561417002218,
      0.6328826375728003,
      0.6347516230130203,
      0.6362249440470346,
      0.636632687144307,
      0.6380361193357921
    ],
    "learning_rate": [
      0.001,
      0.001,
      0.001,
      0.001,
      0.001,
      0.001,
      0.001,
      0.001
    ]
  },
  "metadata": {
    "layer": 3,
    "num_assistant_tokens": 35038,
    "hidden_size": 8192,
    "label_distribution": [
      29014,
      6024
    ],
    "training_history": {
      "train_loss": [
        0.45352835592613916,
        0.42792981873228125,
        0.4240972533754018,
        0.4221507132257501,
        0.42064130020468204,
        0.4197061739215568,
        0.4190803278390675,
        0.41859083830221605
      ],
      "train_accuracy": [
        0.8293970745629683,
        0.8293970745629683,
        0.8293970745629683,
        0.8293970745629683,
        0.8293970745629683,
        0.8293970745629683,
        0.8293970745629683,
        0.8293970745629683
      ],
      "val_loss": [
        0.44342845569957384,
        0.4402050365101207,
        0.4390681873668324,
        0.4384861686012962,
        0.4378272663463246,
        0.4375652313232422,
        0.4374938271262429,
        0.4373206398703835
      ],
      "val_accuracy": [
        0.8227739726027398,
        0.8227739726027398,
        0.8227739726027398,
        0.8227739726027398,
        0.8227739726027398,
        0.8227739726027398,
        0.8227739726027398,
        0.8227739726027398
      ],
      "val_f1": [
        0.0,
        0.0,
        0.0,
        0.0,
        0.0,
        0.0,
        0.0,
        0.0
      ],
      "val_auroc": [
        0.6161729903152636,
        0.6249754935227496,
        0.6297561417002218,
        0.6328826375728003,
        0.6347516230130203,
        0.6362249440470346,
        0.636632687144307,
        0.6380361193357921
      ],
      "learning_rate": [
        0.001,
        0.001,
        0.001,
        0.001,
        0.001,
        0.001,
        0.001,
        0.001
      ]
    },
    "final_metrics": {
      "loss": 0.4373206398703835,
      "accuracy": 0.8227739726027398,
      "precision": 0.0,
      "recall": 0.0,
      "f1": 0.0,
      "auroc": 0.6380361193357921
    },
    "best_val_f1": 0.0,
    "training_time": 8.452784538269043,
    "num_parameters": 8193
  },
  "config": {
    "dataset_path": "data/NTML-datasets/4T1L_500samples.jsonl",
    "max_length": 312,
    "model_name": "meta-llama/Llama-3.3-70B-Instruct",
    "hook_point": "blocks.3.hook_resid_pre",
    "hook_layer": 3,
    "device": "cuda",
    "dtype": "bfloat16",
    "batch_size": 32,
    "learning_rate": 0.001,
    "num_epochs": 8,
    "weight_decay": 0.001,
    "train_ratio": 0.8,
    "handle_class_imbalance": true,
    "optimizer_type": "AdamW",
    "scheduler_type": "cosine",
    "warmup_ratio": 0.1,
    "gradient_clip_norm": 1.0,
    "cache_dir": "./cache/ntml_binary/meta_llama_Llama_3.3_70B_Instruct_4T1L_500samples",
    "activation_batch_size": 4,
    "force_recache": false,
    "output_dir": "./ntml_4T1L_500samples_pytorch_llama70b",
    "probe_name": "ntml_binary_4T1L_500samples_layer_3",
    "save_checkpoints": true,
    "checkpoint_every": 5,
    "verbose": true,
    "log_every": 10,
    "eval_every": 1,
    "ignore_system_tokens": true,
    "ignore_user_tokens": true,
    "min_tokens_per_statement": 1,
    "token_overlap_strategy": "majority",
    "probe_method": "pytorch",
    "sklearn_C": 1.0,
    "sklearn_C_sweep": false,
    "sklearn_C_values": [
      0.0001,
      0.001,
      0.01,
      0.1,
      1.0,
      10.0,
      100.0,
      1000.0,
      10000.0
    ],
    "sklearn_solver": "liblinear",
    "sklearn_max_iter": 1000,
    "pytorch_bias": true,
    "pytorch_normalize_weights": true
  }
}