{
  "model_type": "pytorch_interpretability_probe",
  "training_history": {
    "train_loss": [
      0.093757058576719,
      0.03615893308843005,
      0.027191501920915222,
      0.02387262327111747,
      0.02175483841993357,
      0.020556463462355883,
      0.019777582806309677,
      0.01917037593740885
    ],
    "train_accuracy": [
      0.9685693899393507,
      0.9925080271138066,
      0.9956118444523725,
      0.9965394220478059,
      0.9973599714591509,
      0.997752408134142,
      0.9978237602568676,
      0.9977167320727791
    ],
    "val_loss": [
      0.05266489115628329,
      0.041516815532337534,
      0.03773480762134899,
      0.03577918572859331,
      0.03476530421863903,
      0.034511696208607064,
      0.03358590927991,
      0.03267131718722257
    ],
    "val_accuracy": [
      0.9821632420091324,
      0.9867294520547946,
      0.988156392694064,
      0.9890125570776256,
      0.9888698630136986,
      0.9887271689497716,
      0.9887271689497716,
      0.990154109589041
    ],
    "val_f1": [
      0.9464209172738963,
      0.9606099110546379,
      0.9649936735554618,
      0.9675789473684211,
      0.9671717171717171,
      0.9666807254323071,
      0.9666525960320811,
      0.9710934227063259
    ],
    "val_auroc": [
      0.9987685251545658,
      0.9992848677012341,
      0.9994218637794998,
      0.999514235034757,
      0.9994759243758946,
      0.9994685460267803,
      0.9995873800149184,
      0.9995862448842855
    ],
    "learning_rate": [
      0.001,
      0.001,
      0.001,
      0.001,
      0.001,
      0.001,
      0.001,
      0.001
    ]
  },
  "metadata": {
    "layer": 50,
    "num_assistant_tokens": 35038,
    "hidden_size": 8192,
    "label_distribution": [
      29014,
      6024
    ],
    "training_history": {
      "train_loss": [
        0.093757058576719,
        0.03615893308843005,
        0.027191501920915222,
        0.02387262327111747,
        0.02175483841993357,
        0.020556463462355883,
        0.019777582806309677,
        0.01917037593740885
      ],
      "train_accuracy": [
        0.9685693899393507,
        0.9925080271138066,
        0.9956118444523725,
        0.9965394220478059,
        0.9973599714591509,
        0.997752408134142,
        0.9978237602568676,
        0.9977167320727791
      ],
      "val_loss": [
        0.05266489115628329,
        0.041516815532337534,
        0.03773480762134899,
        0.03577918572859331,
        0.03476530421863903,
        0.034511696208607064,
        0.03358590927991,
        0.03267131718722257
      ],
      "val_accuracy": [
        0.9821632420091324,
        0.9867294520547946,
        0.988156392694064,
        0.9890125570776256,
        0.9888698630136986,
        0.9887271689497716,
        0.9887271689497716,
        0.990154109589041
      ],
      "val_f1": [
        0.9464209172738963,
        0.9606099110546379,
        0.9649936735554618,
        0.9675789473684211,
        0.9671717171717171,
        0.9666807254323071,
        0.9666525960320811,
        0.9710934227063259
      ],
      "val_auroc": [
        0.9987685251545658,
        0.9992848677012341,
        0.9994218637794998,
        0.999514235034757,
        0.9994759243758946,
        0.9994685460267803,
        0.9995873800149184,
        0.9995862448842855
      ],
      "learning_rate": [
        0.001,
        0.001,
        0.001,
        0.001,
        0.001,
        0.001,
        0.001,
        0.001
      ]
    },
    "final_metrics": {
      "loss": 0.03267131718722257,
      "accuracy": 0.990154109589041,
      "precision": 0.9905982905982906,
      "recall": 0.952341824157765,
      "f1": 0.9710934227063259,
      "auroc": 0.9995862448842855
    },
    "best_val_f1": 0.9710934227063259,
    "training_time": 8.822291135787964,
    "num_parameters": 8193
  },
  "config": {
    "dataset_path": "data/NTML-datasets/4T1L_500samples.jsonl",
    "max_length": 312,
    "model_name": "meta-llama/Llama-3.3-70B-Instruct",
    "hook_point": "blocks.50.hook_resid_pre",
    "hook_layer": 50,
    "device": "cuda",
    "dtype": "bfloat16",
    "batch_size": 32,
    "learning_rate": 0.001,
    "num_epochs": 8,
    "weight_decay": 0.001,
    "train_ratio": 0.8,
    "handle_class_imbalance": true,
    "optimizer_type": "AdamW",
    "scheduler_type": "cosine",
    "warmup_ratio": 0.1,
    "gradient_clip_norm": 1.0,
    "cache_dir": "./cache/ntml_binary/meta_llama_Llama_3.3_70B_Instruct_4T1L_500samples",
    "activation_batch_size": 4,
    "force_recache": false,
    "output_dir": "./ntml_4T1L_500samples_pytorch_llama70b",
    "probe_name": "ntml_binary_4T1L_500samples_layer_50",
    "save_checkpoints": true,
    "checkpoint_every": 5,
    "verbose": true,
    "log_every": 10,
    "eval_every": 1,
    "ignore_system_tokens": true,
    "ignore_user_tokens": true,
    "min_tokens_per_statement": 1,
    "token_overlap_strategy": "majority",
    "probe_method": "pytorch",
    "sklearn_C": 1.0,
    "sklearn_C_sweep": false,
    "sklearn_C_values": [
      0.0001,
      0.001,
      0.01,
      0.1,
      1.0,
      10.0,
      100.0,
      1000.0,
      10000.0
    ],
    "sklearn_solver": "liblinear",
    "sklearn_max_iter": 1000,
    "pytorch_bias": true,
    "pytorch_normalize_weights": true
  }
}