{
  "model_type": "pytorch_interpretability_probe",
  "training_history": {
    "train_loss": [
      0.08213839563647429,
      0.03251362322366129,
      0.025709172544924365,
      0.02266102693719815,
      0.021146234626707422,
      0.02016278590632764,
      0.019508823413257253,
      0.019048032080797164
    ],
    "train_accuracy": [
      0.9744202640028541,
      0.9921869425615412,
      0.9948269711023903,
      0.9961469853728149,
      0.9966107741705316,
      0.996931858722797,
      0.9971459150909739,
      0.9976097038886906
    ],
    "val_loss": [
      0.03984906023198908,
      0.030691862106323242,
      0.02699673826044256,
      0.025510683926669032,
      0.024723534150557086,
      0.024024274132468482,
      0.02359560402956876,
      0.023244489323009144
    ],
    "val_accuracy": [
      0.9895833333333334,
      0.9918664383561644,
      0.9935787671232876,
      0.9942922374429224,
      0.9944349315068494,
      0.9944349315068494,
      0.9942922374429224,
      0.9942922374429224
    ],
    "val_f1": [
      0.9683571738188123,
      0.9753353526611857,
      0.980611805256355,
      0.9828030954428203,
      0.9832402234636871,
      0.983225806451613,
      0.9827586206896551,
      0.9827734711455641
    ],
    "val_auroc": [
      0.9995829690132589,
      0.9997403378242011,
      0.9998466327075977,
      0.9998643121440558,
      0.999858055224157,
      0.9998738430336691,
      0.9998851200404634,
      0.9998940688910163
    ],
    "learning_rate": [
      0.001,
      0.001,
      0.001,
      0.001,
      0.001,
      0.001,
      0.001,
      0.001
    ]
  },
  "metadata": {
    "layer": 37,
    "num_assistant_tokens": 35038,
    "hidden_size": 8192,
    "label_distribution": [
      29014,
      6024
    ],
    "training_history": {
      "train_loss": [
        0.08213839563647429,
        0.03251362322366129,
        0.025709172544924365,
        0.02266102693719815,
        0.021146234626707422,
        0.02016278590632764,
        0.019508823413257253,
        0.019048032080797164
      ],
      "train_accuracy": [
        0.9744202640028541,
        0.9921869425615412,
        0.9948269711023903,
        0.9961469853728149,
        0.9966107741705316,
        0.996931858722797,
        0.9971459150909739,
        0.9976097038886906
      ],
      "val_loss": [
        0.03984906023198908,
        0.030691862106323242,
        0.02699673826044256,
        0.025510683926669032,
        0.024723534150557086,
        0.024024274132468482,
        0.02359560402956876,
        0.023244489323009144
      ],
      "val_accuracy": [
        0.9895833333333334,
        0.9918664383561644,
        0.9935787671232876,
        0.9942922374429224,
        0.9944349315068494,
        0.9944349315068494,
        0.9942922374429224,
        0.9942922374429224
      ],
      "val_f1": [
        0.9683571738188123,
        0.9753353526611857,
        0.980611805256355,
        0.9828030954428203,
        0.9832402234636871,
        0.983225806451613,
        0.9827586206896551,
        0.9827734711455641
      ],
      "val_auroc": [
        0.9995829690132589,
        0.9997403378242011,
        0.9998466327075977,
        0.9998643121440558,
        0.999858055224157,
        0.9998738430336691,
        0.9998851200404634,
        0.9998940688910163
      ],
      "learning_rate": [
        0.001,
        0.001,
        0.001,
        0.001,
        0.001,
        0.001,
        0.001,
        0.001
      ]
    },
    "final_metrics": {
      "loss": 0.023244489323009144,
      "accuracy": 0.9942922374429224,
      "precision": 0.9982502187226596,
      "recall": 0.9677692960135709,
      "f1": 0.9827734711455641,
      "auroc": 0.9998940688910163
    },
    "best_val_f1": 0.9832402234636871,
    "training_time": 8.422390222549438,
    "num_parameters": 8193
  },
  "config": {
    "dataset_path": "data/NTML-datasets/4T1L_500samples.jsonl",
    "max_length": 312,
    "model_name": "meta-llama/Llama-3.3-70B-Instruct",
    "hook_point": "blocks.37.hook_resid_pre",
    "hook_layer": 37,
    "device": "cuda",
    "dtype": "bfloat16",
    "batch_size": 32,
    "learning_rate": 0.001,
    "num_epochs": 8,
    "weight_decay": 0.001,
    "train_ratio": 0.8,
    "handle_class_imbalance": true,
    "optimizer_type": "AdamW",
    "scheduler_type": "cosine",
    "warmup_ratio": 0.1,
    "gradient_clip_norm": 1.0,
    "cache_dir": "./cache/ntml_binary/meta_llama_Llama_3.3_70B_Instruct_4T1L_500samples",
    "activation_batch_size": 4,
    "force_recache": false,
    "output_dir": "./ntml_4T1L_500samples_pytorch_llama70b",
    "probe_name": "ntml_binary_4T1L_500samples_layer_37",
    "save_checkpoints": true,
    "checkpoint_every": 5,
    "verbose": true,
    "log_every": 10,
    "eval_every": 1,
    "ignore_system_tokens": true,
    "ignore_user_tokens": true,
    "min_tokens_per_statement": 1,
    "token_overlap_strategy": "majority",
    "probe_method": "pytorch",
    "sklearn_C": 1.0,
    "sklearn_C_sweep": false,
    "sklearn_C_values": [
      0.0001,
      0.001,
      0.01,
      0.1,
      1.0,
      10.0,
      100.0,
      1000.0,
      10000.0
    ],
    "sklearn_solver": "liblinear",
    "sklearn_max_iter": 1000,
    "pytorch_bias": true,
    "pytorch_normalize_weights": true
  }
}