{
  "model_type": "pytorch_interpretability_probe",
  "training_history": {
    "train_loss": [
      0.0859707954539556,
      0.027614019632543604,
      0.019376014683557225,
      0.016364814955996326,
      0.014880631649526492,
      0.013916563154432123,
      0.013407303608547827,
      0.012918911749905306
    ],
    "train_accuracy": [
      0.9708169818052087,
      0.9946129147342133,
      0.9973956475205137,
      0.9983945772386729,
      0.998787013913664,
      0.9990010702818409,
      0.9988940420977525,
      0.9990724224045665
    ],
    "val_loss": [
      0.04369594400579279,
      0.03528810847889293,
      0.03268904685974121,
      0.03142556710676713,
      0.030950416218150745,
      0.031149877201427114,
      0.030504989624023437,
      0.030629942362958736
    ],
    "val_accuracy": [
      0.985445205479452,
      0.9874429223744292,
      0.9894406392694064,
      0.9891552511415526,
      0.9890125570776256,
      0.9891552511415526,
      0.9894406392694064,
      0.9897260273972602
    ],
    "val_f1": [
      0.9561101549053356,
      0.9624252775405636,
      0.9686706181202371,
      0.9677966101694915,
      0.9672200936568752,
      0.9676595744680851,
      0.9685641461342396,
      0.9694137638062872
    ],
    "val_auroc": [
      0.9989293813866482,
      0.9992180899414083,
      0.9992573714771117,
      0.9993133244113923,
      0.9993281354822312,
      0.9993211234776795,
      0.9993236993160862,
      0.9993044520791023
    ],
    "learning_rate": [
      0.001,
      0.001,
      0.001,
      0.001,
      0.001,
      0.001,
      0.001,
      0.001
    ]
  },
  "metadata": {
    "layer": 69,
    "num_assistant_tokens": 35038,
    "hidden_size": 8192,
    "label_distribution": [
      29014,
      6024
    ],
    "training_history": {
      "train_loss": [
        0.0859707954539556,
        0.027614019632543604,
        0.019376014683557225,
        0.016364814955996326,
        0.014880631649526492,
        0.013916563154432123,
        0.013407303608547827,
        0.012918911749905306
      ],
      "train_accuracy": [
        0.9708169818052087,
        0.9946129147342133,
        0.9973956475205137,
        0.9983945772386729,
        0.998787013913664,
        0.9990010702818409,
        0.9988940420977525,
        0.9990724224045665
      ],
      "val_loss": [
        0.04369594400579279,
        0.03528810847889293,
        0.03268904685974121,
        0.03142556710676713,
        0.030950416218150745,
        0.031149877201427114,
        0.030504989624023437,
        0.030629942362958736
      ],
      "val_accuracy": [
        0.985445205479452,
        0.9874429223744292,
        0.9894406392694064,
        0.9891552511415526,
        0.9890125570776256,
        0.9891552511415526,
        0.9894406392694064,
        0.9897260273972602
      ],
      "val_f1": [
        0.9561101549053356,
        0.9624252775405636,
        0.9686706181202371,
        0.9677966101694915,
        0.9672200936568752,
        0.9676595744680851,
        0.9685641461342396,
        0.9694137638062872
      ],
      "val_auroc": [
        0.9989293813866482,
        0.9992180899414083,
        0.9992573714771117,
        0.9993133244113923,
        0.9993281354822312,
        0.9993211234776795,
        0.9993236993160862,
        0.9993044520791023
      ],
      "learning_rate": [
        0.001,
        0.001,
        0.001,
        0.001,
        0.001,
        0.001,
        0.001,
        0.001
      ]
    },
    "final_metrics": {
      "loss": 0.030629942362958736,
      "accuracy": 0.9897260273972602,
      "precision": 0.9921739130434782,
      "recall": 0.9476744186046512,
      "f1": 0.9694137638062872,
      "auroc": 0.9993044520791023
    },
    "best_val_f1": 0.9694137638062872,
    "training_time": 8.319566011428833,
    "num_parameters": 8193
  },
  "config": {
    "dataset_path": "data/NTML-datasets/4T1L_500samples.jsonl",
    "max_length": 312,
    "model_name": "meta-llama/Llama-3.3-70B-Instruct",
    "hook_point": "blocks.69.hook_resid_pre",
    "hook_layer": 69,
    "device": "cuda",
    "dtype": "bfloat16",
    "batch_size": 32,
    "learning_rate": 0.001,
    "num_epochs": 8,
    "weight_decay": 0.001,
    "train_ratio": 0.8,
    "handle_class_imbalance": true,
    "optimizer_type": "AdamW",
    "scheduler_type": "cosine",
    "warmup_ratio": 0.1,
    "gradient_clip_norm": 1.0,
    "cache_dir": "./cache/ntml_binary/meta_llama_Llama_3.3_70B_Instruct_4T1L_500samples",
    "activation_batch_size": 4,
    "force_recache": false,
    "output_dir": "./ntml_4T1L_500samples_pytorch_llama70b",
    "probe_name": "ntml_binary_4T1L_500samples_layer_69",
    "save_checkpoints": true,
    "checkpoint_every": 5,
    "verbose": true,
    "log_every": 10,
    "eval_every": 1,
    "ignore_system_tokens": true,
    "ignore_user_tokens": true,
    "min_tokens_per_statement": 1,
    "token_overlap_strategy": "majority",
    "probe_method": "pytorch",
    "sklearn_C": 1.0,
    "sklearn_C_sweep": false,
    "sklearn_C_values": [
      0.0001,
      0.001,
      0.01,
      0.1,
      1.0,
      10.0,
      100.0,
      1000.0,
      10000.0
    ],
    "sklearn_solver": "liblinear",
    "sklearn_max_iter": 1000,
    "pytorch_bias": true,
    "pytorch_normalize_weights": true
  }
}