{
  "loss": 0.03112626075744629,
  "accuracy": 0.990154109589041,
  "precision": 0.9913494809688581,
  "recall": 0.9510373443983402,
  "f1": 0.9707750952986023,
  "auroc": 0.999322571026719
}