{
  "loss": 0.3774465344168923,
  "accuracy": 0.8330479452054794,
  "precision": 0.7818181818181819,
  "recall": 0.0698051948051948,
  "f1": 0.12816691505216096,
  "auroc": 0.8050674167850846
}