{
  "loss": 0.2814874887466431,
  "accuracy": 0.8777111872146118,
  "precision": 0.9186295503211992,
  "recall": 0.34375,
  "f1": 0.5002915451895044,
  "auroc": 0.9367375996038105
}