{
  "loss": 0.02910972075028853,
  "accuracy": 0.9921518264840182,
  "precision": 0.992153443766347,
  "recall": 0.9611486486486487,
  "f1": 0.9764049764049764,
  "auroc": 0.9995033801186145
}