{
  "model_type": "pytorch_interpretability_probe",
  "training_history": {
    "train_loss": [
      0.17454515587215283,
      0.09310296195725055,
      0.07888929414898838,
      0.07237781411606699,
      0.06902883093821131,
      0.06692215371621799,
      0.06562003857332822,
      0.06463931242352751
    ],
    "train_accuracy": [
      0.9362825544059936,
      0.9739921512665002,
      0.980164109882269,
      0.9831608990367463,
      0.9843025330003567,
      0.9854441669639672,
      0.9858722797003211,
      0.9869425615412059
    ],
    "val_loss": [
      0.109186974438754,
      0.08835070133209229,
      0.08120115887035023,
      0.07828408588062633,
      0.07553523237054999,
      0.07458908530798826,
      0.07362739877267317,
      0.07278350483287464
    ],
    "val_accuracy": [
      0.963755707762557,
      0.9731735159817352,
      0.976170091324201,
      0.9746004566210046,
      0.978595890410959,
      0.9810216894977168,
      0.9788812785388128,
      0.980593607305936
    ],
    "val_f1": [
      0.8827331486611265,
      0.915695067264574,
      0.926007975188303,
      0.9203222918531782,
      0.9336870026525199,
      0.9418960244648318,
      0.9345711759504863,
      0.9402985074626866
    ],
    "val_auroc": [
      0.9952992150789768,
      0.9975475545359711,
      0.9980019969212447,
      0.9981480445057835,
      0.9983756623708724,
      0.9983671519437238,
      0.9985071412580893,
      0.9984997126649002
    ],
    "learning_rate": [
      0.001,
      0.001,
      0.001,
      0.001,
      0.001,
      0.001,
      0.001,
      0.001
    ]
  },
  "metadata": {
    "layer": 28,
    "num_assistant_tokens": 35038,
    "hidden_size": 8192,
    "label_distribution": [
      29014,
      6024
    ],
    "training_history": {
      "train_loss": [
        0.17454515587215283,
        0.09310296195725055,
        0.07888929414898838,
        0.07237781411606699,
        0.06902883093821131,
        0.06692215371621799,
        0.06562003857332822,
        0.06463931242352751
      ],
      "train_accuracy": [
        0.9362825544059936,
        0.9739921512665002,
        0.980164109882269,
        0.9831608990367463,
        0.9843025330003567,
        0.9854441669639672,
        0.9858722797003211,
        0.9869425615412059
      ],
      "val_loss": [
        0.109186974438754,
        0.08835070133209229,
        0.08120115887035023,
        0.07828408588062633,
        0.07553523237054999,
        0.07458908530798826,
        0.07362739877267317,
        0.07278350483287464
      ],
      "val_accuracy": [
        0.963755707762557,
        0.9731735159817352,
        0.976170091324201,
        0.9746004566210046,
        0.978595890410959,
        0.9810216894977168,
        0.9788812785388128,
        0.980593607305936
      ],
      "val_f1": [
        0.8827331486611265,
        0.915695067264574,
        0.926007975188303,
        0.9203222918531782,
        0.9336870026525199,
        0.9418960244648318,
        0.9345711759504863,
        0.9402985074626866
      ],
      "val_auroc": [
        0.9952992150789768,
        0.9975475545359711,
        0.9980019969212447,
        0.9981480445057835,
        0.9983756623708724,
        0.9983671519437238,
        0.9985071412580893,
        0.9984997126649002
      ],
      "learning_rate": [
        0.001,
        0.001,
        0.001,
        0.001,
        0.001,
        0.001,
        0.001,
        0.001
      ]
    },
    "final_metrics": {
      "loss": 0.07278350483287464,
      "accuracy": 0.980593607305936,
      "precision": 0.9861878453038674,
      "recall": 0.8984899328859061,
      "f1": 0.9402985074626866,
      "auroc": 0.9984997126649002
    },
    "best_val_f1": 0.9418960244648318,
    "training_time": 8.245948314666748,
    "num_parameters": 8193
  },
  "config": {
    "dataset_path": "data/NTML-datasets/4T1L_500samples.jsonl",
    "max_length": 312,
    "model_name": "meta-llama/Llama-3.3-70B-Instruct",
    "hook_point": "blocks.28.hook_resid_pre",
    "hook_layer": 28,
    "device": "cuda",
    "dtype": "bfloat16",
    "batch_size": 32,
    "learning_rate": 0.001,
    "num_epochs": 8,
    "weight_decay": 0.001,
    "train_ratio": 0.8,
    "handle_class_imbalance": true,
    "optimizer_type": "AdamW",
    "scheduler_type": "cosine",
    "warmup_ratio": 0.1,
    "gradient_clip_norm": 1.0,
    "cache_dir": "./cache/ntml_binary/meta_llama_Llama_3.3_70B_Instruct_4T1L_500samples",
    "activation_batch_size": 4,
    "force_recache": false,
    "output_dir": "./ntml_4T1L_500samples_pytorch_llama70b",
    "probe_name": "ntml_binary_4T1L_500samples_layer_28",
    "save_checkpoints": true,
    "checkpoint_every": 5,
    "verbose": true,
    "log_every": 10,
    "eval_every": 1,
    "ignore_system_tokens": true,
    "ignore_user_tokens": true,
    "min_tokens_per_statement": 1,
    "token_overlap_strategy": "majority",
    "probe_method": "pytorch",
    "sklearn_C": 1.0,
    "sklearn_C_sweep": false,
    "sklearn_C_values": [
      0.0001,
      0.001,
      0.01,
      0.1,
      1.0,
      10.0,
      100.0,
      1000.0,
      10000.0
    ],
    "sklearn_solver": "liblinear",
    "sklearn_max_iter": 1000,
    "pytorch_bias": true,
    "pytorch_normalize_weights": true
  }
}