{
  "loss": 0.02708301544189453,
  "accuracy": 0.9897260273972602,
  "precision": 0.9916107382550335,
  "recall": 0.9501607717041801,
  "f1": 0.9704433497536946,
  "auroc": 0.99925750472497
}