{
  "accuracy": 0.6532534246575342,
  "precision": 0.24774774774774774,
  "recall": 0.505008347245409,
  "f1": 0.3324175824175824,
  "auroc": 0.6265936629896645
}