{
  "accuracy": 0.507420091324201,
  "precision": 0.20804150453955902,
  "recall": 0.6677768526228143,
  "f1": 0.317246835443038,
  "auroc": 0.5729929581958206
}