{
  "loss": 0.5710461990399794,
  "accuracy": 0.6502568493150684,
  "precision": 0.28680290959473503,
  "recall": 0.6786885245901639,
  "f1": 0.40321402483564645,
  "auroc": 0.7265131646028526
}