{
  "loss": 0.5940774064172398,
  "accuracy": 0.5997431506849316,
  "precision": 0.25770051845074715,
  "recall": 0.6949013157894737,
  "f1": 0.3759733036707453,
  "auroc": 0.7085895898835055
}