{
  "loss": 0.6376963209022175,
  "accuracy": 0.4493436073059361,
  "precision": 0.20405464962538564,
  "recall": 0.7894288150042625,
  "f1": 0.3242864647172124,
  "auroc": 0.6192975189405148
}