{
  "loss": 0.6139741854234175,
  "accuracy": 0.5319634703196348,
  "precision": 0.2352486472558619,
  "recall": 0.7453061224489796,
  "f1": 0.3576184880532707,
  "auroc": 0.6649840665991453
}