{
  "loss": 0.6012033489617434,
  "accuracy": 0.5617865296803652,
  "precision": 0.24408572223768438,
  "recall": 0.7118506493506493,
  "f1": 0.36352331606217614,
  "auroc": 0.6846513618825772
}