{
  "loss": 0.6405932307243347,
  "accuracy": 0.4098173515981735,
  "precision": 0.2008838891120932,
  "recall": 0.8635578583765112,
  "f1": 0.3259452411994785,
  "auroc": 0.6179386062028549
}