{
  "total_assistant_tokens": 35038,
  "truth_tokens": 29014,
  "lie_tokens": 6024,
  "truth_ratio": 0.8280723785604202,
  "lie_ratio": 0.17192762143957988
}