{
  "loss": 0.3460386438803239,
  "accuracy": 0.848601598173516,
  "precision": 0.9112426035502958,
  "recall": 0.12833333333333333,
  "f1": 0.22498173849525202,
  "auroc": 0.8519069243572085
}