{
  "loss": 0.4234092018821023,
  "accuracy": 0.8310502283105022,
  "precision": 0.0,
  "recall": 0.0,
  "f1": 0.0,
  "auroc": 0.6375650848307098
}