{
  "loss": 0.3295236124233766,
  "accuracy": 0.8544520547945206,
  "precision": 0.889763779527559,
  "recall": 0.18555008210180624,
  "f1": 0.3070652173913043,
  "auroc": 0.8771581856493416
}