{
  "loss": 0.45465878573330964,
  "accuracy": 0.8271974885844748,
  "precision": 0.0,
  "recall": 0.0,
  "f1": 0.0,
  "auroc": 0.6198796980185799
}