{
  "model_type": "pytorch_interpretability_probe",
  "training_history": {
    "train_loss": [
      0.4191270765580543,
      0.38965811736915756,
      0.3782457242035158,
      0.3718152445949376,
      0.3681930008952476,
      0.3655417498592372,
      0.36412643413293305,
      0.36245812322587184,
      0.36169195447338226,
      0.36099871047283416,
      0.3601688038744883,
      0.3599118825779658,
      0.3592360940289824,
      0.35905341712171085,
      0.35885904821222775,
      0.35850834383812125,
      0.35838560447028783,
      0.35811592196220676,
      0.35783352961415027,
      0.3578129933985401
    ],
    "train_accuracy": [
      0.8286122012129861,
      0.832714948269711,
      0.8355333571173742,
      0.837210132001427,
      0.8384587941491259,
      0.8388512308241171,
      0.8390296111309311,
      0.8391366393150196,
      0.839457723867285,
      0.8398858366036389,
      0.8398144844809133,
      0.8403139493399928,
      0.839671780235462,
      0.8399928647877274,
      0.8407063860149839,
      0.8406707099536211,
      0.8403139493399928,
      0.8408847663217981,
      0.8405280057081698,
      0.840492329646807
    ],
    "val_loss": [
      0.40649389136921277,
      0.39277043342590334,
      0.3883587056940252,
      0.385531624880704,
      0.38364710374311967,
      0.38238279169256034,
      0.38180512406609274,
      0.3813294383612546,
      0.38051259300925516,
      0.38040044524452904,
      0.3799205108122392,
      0.3794534853913567,
      0.37962975068525834,
      0.37935927456075497,
      0.3791340491988442,
      0.3793120145797729,
      0.3791529352014715,
      0.3787798578088934,
      0.37886056141419844,
      0.37880493077364835
    ],
    "val_accuracy": [
      0.8301940639269406,
      0.83162100456621,
      0.8350456621004566,
      0.8344748858447488,
      0.8351883561643836,
      0.8359018264840182,
      0.836472602739726,
      0.8361872146118722,
      0.836472602739726,
      0.8356164383561644,
      0.8361872146118722,
      0.8360445205479452,
      0.8373287671232876,
      0.8370433789954338,
      0.8373287671232876,
      0.8360445205479452,
      0.8370433789954338,
      0.8357591324200914,
      0.8361872146118722,
      0.8356164383561644
    ],
    "val_f1": [
      0.0372168284789644,
      0.05750798722044728,
      0.10664605873261206,
      0.09797822706065319,
      0.10256410256410256,
      0.11128284389489954,
      0.12385321100917432,
      0.11692307692307692,
      0.1251908396946565,
      0.1111111111111111,
      0.11692307692307692,
      0.10999225406661503,
      0.13767019667170954,
      0.13221884498480244,
      0.13109756097560976,
      0.11136890951276102,
      0.13746223564954682,
      0.11529592621060722,
      0.12232415902140673,
      0.1111111111111111
    ],
    "val_auroc": [
      0.7380230555138353,
      0.766062743483767,
      0.7745606862139746,
      0.7819818910051375,
      0.7857589604665018,
      0.7886301665484952,
      0.7908896902021412,
      0.7898343472413529,
      0.7927207437579081,
      0.7920192737374787,
      0.7939276344813451,
      0.7957900673385545,
      0.7946972831658177,
      0.7960498736911799,
      0.7951653339734711,
      0.7953837053848736,
      0.7959450382977242,
      0.7969253562014272,
      0.796663410350976,
      0.7968414165700684
    ],
    "learning_rate": [
      0.001,
      0.001,
      0.001,
      0.001,
      0.001,
      0.001,
      0.001,
      0.001,
      0.001,
      0.001,
      0.001,
      0.001,
      0.001,
      0.001,
      0.001,
      0.001,
      0.001,
      0.001,
      0.001,
      0.001
    ]
  },
  "metadata": {
    "dataset_info": {
      "total_assistant_tokens": 35038,
      "truth_tokens": 29014,
      "lie_tokens": 6024,
      "truth_ratio": 0.8280723785604202,
      "lie_ratio": 0.17192762143957988
    },
    "num_examples": 500,
    "num_assistant_tokens": 35038,
    "hidden_size": 4096,
    "config": {
      "dataset_path": "data/NTML-datasets/4T1L_500samples.jsonl",
      "max_length": 512,
      "model_name": "meta-llama/Llama-3.1-8B-Instruct",
      "hook_point": "blocks.7.hook_resid_pre",
      "hook_layer": 7,
      "device": "cuda",
      "dtype": "bfloat16",
      "batch_size": 32,
      "learning_rate": 0.001,
      "num_epochs": 20,
      "weight_decay": 0.001,
      "train_ratio": 0.8,
      "handle_class_imbalance": true,
      "optimizer_type": "AdamW",
      "scheduler_type": "cosine",
      "warmup_ratio": 0.1,
      "gradient_clip_norm": 1.0,
      "cache_dir": "./cache/ntml_binary/meta_llama_Llama_3.1_8B_Instruct_4T1L_500samples",
      "activation_batch_size": 16,
      "force_recache": false,
      "output_dir": "./ntml_4T1L_500samples_pytorch",
      "probe_name": "ntml_binary_4T1L_500samples_layer_7",
      "save_checkpoints": true,
      "checkpoint_every": 5,
      "verbose": true,
      "log_every": 10,
      "eval_every": 1,
      "ignore_system_tokens": true,
      "ignore_user_tokens": true,
      "min_tokens_per_statement": 1,
      "token_overlap_strategy": "majority",
      "probe_method": "pytorch",
      "sklearn_C": 1.0,
      "sklearn_C_sweep": false,
      "sklearn_C_values": [
        0.0001,
        0.001,
        0.01,
        0.1,
        1.0,
        10.0,
        100.0,
        1000.0,
        10000.0
      ],
      "sklearn_solver": "liblinear",
      "sklearn_max_iter": 1000,
      "pytorch_bias": true,
      "pytorch_normalize_weights": true
    },
    "training_history": {
      "train_loss": [
        0.4191270765580543,
        0.38965811736915756,
        0.3782457242035158,
        0.3718152445949376,
        0.3681930008952476,
        0.3655417498592372,
        0.36412643413293305,
        0.36245812322587184,
        0.36169195447338226,
        0.36099871047283416,
        0.3601688038744883,
        0.3599118825779658,
        0.3592360940289824,
        0.35905341712171085,
        0.35885904821222775,
        0.35850834383812125,
        0.35838560447028783,
        0.35811592196220676,
        0.35783352961415027,
        0.3578129933985401
      ],
      "train_accuracy": [
        0.8286122012129861,
        0.832714948269711,
        0.8355333571173742,
        0.837210132001427,
        0.8384587941491259,
        0.8388512308241171,
        0.8390296111309311,
        0.8391366393150196,
        0.839457723867285,
        0.8398858366036389,
        0.8398144844809133,
        0.8403139493399928,
        0.839671780235462,
        0.8399928647877274,
        0.8407063860149839,
        0.8406707099536211,
        0.8403139493399928,
        0.8408847663217981,
        0.8405280057081698,
        0.840492329646807
      ],
      "val_loss": [
        0.40649389136921277,
        0.39277043342590334,
        0.3883587056940252,
        0.385531624880704,
        0.38364710374311967,
        0.38238279169256034,
        0.38180512406609274,
        0.3813294383612546,
        0.38051259300925516,
        0.38040044524452904,
        0.3799205108122392,
        0.3794534853913567,
        0.37962975068525834,
        0.37935927456075497,
        0.3791340491988442,
        0.3793120145797729,
        0.3791529352014715,
        0.3787798578088934,
        0.37886056141419844,
        0.37880493077364835
      ],
      "val_accuracy": [
        0.8301940639269406,
        0.83162100456621,
        0.8350456621004566,
        0.8344748858447488,
        0.8351883561643836,
        0.8359018264840182,
        0.836472602739726,
        0.8361872146118722,
        0.836472602739726,
        0.8356164383561644,
        0.8361872146118722,
        0.8360445205479452,
        0.8373287671232876,
        0.8370433789954338,
        0.8373287671232876,
        0.8360445205479452,
        0.8370433789954338,
        0.8357591324200914,
        0.8361872146118722,
        0.8356164383561644
      ],