{
  "loss": 0.4113414937799627,
  "accuracy": 0.8306221461187214,
  "precision": 0.7142857142857143,
  "recall": 0.004201680672268907,
  "f1": 0.00835421888053467,
  "auroc": 0.6960011092783625
}