{
  "loss": 0.42860034595836294,
  "accuracy": 0.829337899543379,
  "precision": 0.0,
  "recall": 0.0,
  "f1": 0.0,
  "auroc": 0.6338474543500128
}