{
  "loss": 0.40281200408935547,
  "accuracy": 0.831906392694064,
  "precision": 0.6666666666666666,
  "recall": 0.013490725126475547,
  "f1": 0.026446280991735537,
  "auroc": 0.7225979783608492
}