{
  "loss": 0.4083135474811901,
  "accuracy": 0.8251997716894978,
  "precision": 0.8157894736842105,
  "recall": 0.024819855884707767,
  "f1": 0.048174048174048176,
  "auroc": 0.7382579096790194
}