{
  "loss": 0.24540311152284797,
  "accuracy": 0.9056792237442922,
  "precision": 0.947986577181208,
  "recall": 0.47280334728033474,
  "f1": 0.6309324399776661,
  "auroc": 0.9459642829122721
}