{
  "loss": 0.28435943993655116,
  "accuracy": 0.877568493150685,
  "precision": 0.9312638580931264,
  "recall": 0.3368083400160385,
  "f1": 0.49469964664310956,
  "auroc": 0.9261028064299293
}