{
  "model_type": "pytorch_interpretability_probe",
  "training_history": {
    "train_loss": [
      0.44361880200502535,
      0.42284935910135646,
      0.4182954531962469,
      0.4156138213461937,
      0.41385689387991004,
      0.41286680908644036,
      0.4120549421468282,
      0.41141284910375125,
      0.4110599948799229,
      0.4106363109461793,
      0.4103591774832712,
      0.4101804546229371,
      0.4098566121434512,
      0.4096581913428764,
      0.4094878321845237,
      0.40940718434444845,
      0.4093448323406041,
      0.409197785742751,
      0.4091192885688995,
      0.40901451278903167
    ],
    "train_accuracy": [
      0.8280413842311809,
      0.8280413842311809,
      0.8280413842311809,
      0.8280413842311809,
      0.8280770602925437,
      0.8280413842311809,
      0.8280770602925437,
      0.8281127363539065,
      0.8281127363539065,
      0.8281127363539065,
      0.8280770602925437,
      0.8281484124152694,
      0.8281127363539065,
      0.8280770602925437,
      0.8281484124152694,
      0.8280770602925437,
      0.8281127363539065,
      0.8281127363539065,
      0.8281127363539065,
      0.8280770602925437
    ],
    "val_loss": [
      0.4281762079759078,
      0.4253247781233354,
      0.42357950644059617,
      0.4229053714058616,
      0.4226481134241277,
      0.4225302609530362,
      0.4223374670202082,
      0.42216773466630414,
      0.4221923047846014,
      0.4220759781924161,
      0.4221243208104914,
      0.42192400152033027,
      0.421962850744074,
      0.42203460173173385,
      0.42196453267877754,
      0.4218315384604714,
      0.4219131729819558,
      0.4219291947104714,
      0.42200891321355644,
      0.4219521175731312
    ],
    "val_accuracy": [
      0.8281963470319634,
      0.8281963470319634,
      0.8281963470319634,
      0.8281963470319634,
      0.8281963470319634,
      0.8281963470319634,
      0.8281963470319634,
      0.8281963470319634,
      0.8281963470319634,
      0.8281963470319634,
      0.8281963470319634,
      0.8281963470319634,
      0.8281963470319634,
      0.8281963470319634,
      0.8281963470319634,
      0.8281963470319634,
      0.8281963470319634,
      0.8281963470319634,
      0.8281963470319634,
      0.8281963470319634
    ],
    "val_f1": [
      0.0,
      0.0,
      0.0,
      0.0,
      0.0,
      0.0,
      0.0,
      0.0,
      0.0,
      0.0,
      0.0,
      0.0,
      0.0,
      0.0,
      0.0,
      0.0,
      0.0,
      0.0,
      0.0,
      0.0
    ],
    "val_auroc": [
      0.6365803255172856,
      0.6540507348580771,
      0.6586613425040813,
      0.6619141255543777,
      0.6631683442052794,
      0.6645728200965768,
      0.665852010069811,
      0.6658951553631246,
      0.6660771097261369,
      0.6672419610945368,
      0.6665461269693715,
      0.6677255747554098,
      0.6677105490313703,
      0.6682895402643612,
      0.6680247297659307,
      0.6685776048595196,
      0.6680964239349194,
      0.6682883954472915,
      0.6681507311946624,
      0.6674557556822995
    ],
    "learning_rate": [
      0.001,
      0.001,
      0.001,
      0.001,
      0.001,
      0.001,
      0.001,
      0.001,
      0.001,
      0.001,
      0.001,
      0.001,
      0.001,
      0.001,
      0.001,
      0.001,
      0.001,
      0.001,
      0.001,
      0.001
    ]
  },
  "metadata": {
    "dataset_info": {
      "total_assistant_tokens": 35038,
      "truth_tokens": 29014,
      "lie_tokens": 6024,
      "truth_ratio": 0.8280723785604202,
      "lie_ratio": 0.17192762143957988
    },
    "num_examples": 500,
    "num_assistant_tokens": 35038,
    "hidden_size": 4096,
    "config": {
      "dataset_path": "data/NTML-datasets/4T1L_500samples.jsonl",
      "max_length": 512,
      "model_name": "meta-llama/Llama-3.1-8B-Instruct",
      "hook_point": "blocks.3.hook_resid_pre",
      "hook_layer": 3,
      "device": "cuda",
      "dtype": "bfloat16",
      "batch_size": 32,
      "learning_rate": 0.001,
      "num_epochs": 20,
      "weight_decay": 0.001,
      "train_ratio": 0.8,
      "handle_class_imbalance": true,
      "optimizer_type": "AdamW",
      "scheduler_type": "cosine",
      "warmup_ratio": 0.1,
      "gradient_clip_norm": 1.0,
      "cache_dir": "./cache/ntml_binary/meta_llama_Llama_3.1_8B_Instruct_4T1L_500samples",
      "activation_batch_size": 16,
      "force_recache": false,
      "output_dir": "./ntml_4T1L_500samples_pytorch",
      "probe_name": "ntml_binary_4T1L_500samples_layer_3",
      "save_checkpoints": true,
      "checkpoint_every": 5,
      "verbose": true,
      "log_every": 10,
      "eval_every": 1,
      "ignore_system_tokens": true,
      "ignore_user_tokens": true,
      "min_tokens_per_statement": 1,
      "token_overlap_strategy": "majority",
      "probe_method": "pytorch",
      "sklearn_C": 1.0,
      "sklearn_C_sweep": false,
      "sklearn_C_values": [
        0.0001,
        0.001,
        0.01,
        0.1,
        1.0,
        10.0,
        100.0,
        1000.0,
        10000.0
      ],
      "sklearn_solver": "liblinear",
      "sklearn_max_iter": 1000,
      "pytorch_bias": true,
      "pytorch_normalize_weights": true
    },
    "training_history": {
      "train_loss": [
        0.44361880200502535,
        0.42284935910135646,
        0.4182954531962469,
        0.4156138213461937,
        0.41385689387991004,
        0.41286680908644036,
        0.4120549421468282,
        0.41141284910375125,
        0.4110599948799229,
        0.4106363109461793,
        0.4103591774832712,
        0.4101804546229371,
        0.4098566121434512,
        0.4096581913428764,
        0.4094878321845237,
        0.40940718434444845,
        0.4093448323406041,
        0.409197785742751,
        0.4091192885688995,
        0.40901451278903167
      ],
      "train_accuracy": [
        0.8280413842311809,
        0.8280413842311809,
        0.8280413842311809,
        0.8280413842311809,
        0.8280770602925437,
        0.8280413842311809,
        0.8280770602925437,
        0.8281127363539065,
        0.8281127363539065,
        0.8281127363539065,
        0.8280770602925437,
        0.8281484124152694,
        0.8281127363539065,
        0.8280770602925437,
        0.8281484124152694,
        0.8280770602925437,
        0.8281127363539065,
        0.8281127363539065,
        0.8281127363539065,
        0.8280770602925437
      ],
      "val_loss": [
        0.4281762079759078,
        0.4253247781233354,
        0.42357950644059617,
        0.4229053714058616,
        0.4226481134241277,
        0.4225302609530362,
        0.4223374670202082,
        0.42216773466630414,
        0.4221923047846014,
        0.4220759781924161,
        0.4221243208104914,
        0.42192400152033027,
        0.421962850744074,
        0.42203460173173385,
        0.42196453267877754,
        0.4218315384604714,
        0.4219131729819558,
        0.4219291947104714,
        0.42200891321355644,
        0.4219521175731312
      ],
      "val_accuracy": [
        0.8281963470319634,
        0.8281963470319634,
        0.8281963470319634,
        0.8281963470319634,
        0.8281963470319634,
        0.8281963470319634,
        0.8281963470319634,
        0.8281963470319634,
        0.8281963470319634,
        0.8281963470319634,
        0.8281963470319634,
        0.8281963470319634,
        0.8281963470319634,
        0.8281963470319634,
        0.8281963470319634,
        0.8281963470319634,
        0.8281963470319634,
        0.8281963470319634,
        0.8281963470319634,
        0.8281963470319634
      ],
      "val_f1": [
        0.0,
        0.0,
        0.0,
        0.0,
        0.0,
        0.0,
        0.0,
        0.0,
        0.0,
        0.0,
        0.0,
        0.0,
        0.0,
        0.0,
        0.0,
        0.0,
        0.0,
        0.0,
        0.0,
        0.0
      ],