{
  "model_type": "pytorch_interpretability_probe",
  "training_history": {
    "train_loss": [
      0.43719599470836384,
      0.4173280249379541,
      0.41104412191126444,
      0.4076454785044335,
      0.4052587490375728,
      0.4037635409396533,
      0.4026680501628684,
      0.40178022445200784,
      0.40114336450622506,
      0.40077875493323967,
      0.40031755606741665,
      0.400013934769859,
      0.39972611686818676,
      0.39961583004014134,
      0.39947303292685993,
      0.3992878434048396,
      0.3992039521807405,
      0.39909312135824876,
      0.39895252516008406,
      0.3987300451419669
    ],
    "train_accuracy": [
      0.8275419193721013,
      0.8275775954334641,
      0.827791651801641,
      0.8279343560470924,
      0.8278986799857295,
      0.8279700321084552,
      0.8280770602925437,
      0.8281484124152694,
      0.828219764537995,
      0.8281484124152694,
      0.828219764537995,
      0.8281840884766322,
      0.8281840884766322,
      0.828219764537995,
      0.828219764537995,
      0.828219764537995,
      0.8281840884766322,
      0.8281484124152694,
      0.8283267927220834,
      0.8281484124152694
    ],
    "val_loss": [
      0.42148333462801846,
      0.4171087525107644,
      0.41551254012367944,
      0.41424107551574707,
      0.4134704979983243,
      0.41306167949329725,
      0.4125711267644709,
      0.41227149963378906,
      0.4123244719071822,
      0.41198870485479183,
      0.4118787418712269,
      0.4117734518918124,
      0.4116526517001065,
      0.4119283286007968,
      0.41178264617919924,
      0.4116021199659868,
      0.41169834326614035,
      0.41167890375310723,
      0.41150793162259186,
      0.4113414937799627
    ],
    "val_accuracy": [
      0.8301940639269406,
      0.8301940639269406,
      0.8304794520547946,
      0.8304794520547946,
      0.8306221461187214,
      0.8306221461187214,
      0.8306221461187214,
      0.8306221461187214,
      0.8306221461187214,
      0.8306221461187214,
      0.8304794520547946,
      0.8304794520547946,
      0.8309075342465754,
      0.8304794520547946,
      0.8304794520547946,
      0.8304794520547946,
      0.8306221461187214,
      0.8304794520547946,
      0.8307648401826484,
      0.8306221461187214
    ],
    "val_f1": [
      0.0,
      0.0,
      0.003355704697986577,
      0.005025125628140704,
      0.0066945606694560665,
      0.0066945606694560665,
      0.00835421888053467,
      0.0066945606694560665,
      0.0066945606694560665,
      0.010008340283569641,
      0.01,
      0.01,
      0.010025062656641603,
      0.01,
      0.01,
      0.01,
      0.010008340283569641,
      0.01,
      0.01001669449081803,
      0.00835421888053467
    ],
    "val_auroc": [
      0.6519883959083805,
      0.673849845885415,
      0.6778154438124511,
      0.6838847708213571,
      0.6868102758463304,
      0.6885498785282418,
      0.6910308778031666,
      0.6925503580600338,
      0.6930038189218624,
      0.6926175936170273,
      0.6931159022563993,
      0.693840977436007,
      0.6945480701734115,
      0.6936792076748197,
      0.6939750874567772,
      0.6942163699443339,
      0.6942435963728909,
      0.6941530341940833,
      0.6945848294628956,
      0.6960011092783625
    ],
    "learning_rate": [
      0.001,
      0.001,
      0.001,
      0.001,
      0.001,
      0.001,
      0.001,
      0.001,
      0.001,
      0.001,
      0.001,
      0.001,
      0.001,
      0.001,
      0.001,
      0.001,
      0.001,
      0.001,
      0.001,
      0.001
    ]
  },
  "metadata": {
    "dataset_info": {
      "total_assistant_tokens": 35038,
      "truth_tokens": 29014,
      "lie_tokens": 6024,
      "truth_ratio": 0.8280723785604202,
      "lie_ratio": 0.17192762143957988
    },
    "num_examples": 500,
    "num_assistant_tokens": 35038,
    "hidden_size": 4096,
    "config": {
      "dataset_path": "data/NTML-datasets/4T1L_500samples.jsonl",
      "max_length": 512,
      "model_name": "meta-llama/Llama-3.1-8B-Instruct",
      "hook_point": "blocks.4.hook_resid_pre",
      "hook_layer": 4,
      "device": "cuda",
      "dtype": "bfloat16",
      "batch_size": 32,
      "learning_rate": 0.001,
      "num_epochs": 20,
      "weight_decay": 0.001,
      "train_ratio": 0.8,
      "handle_class_imbalance": true,
      "optimizer_type": "AdamW",
      "scheduler_type": "cosine",
      "warmup_ratio": 0.1,
      "gradient_clip_norm": 1.0,
      "cache_dir": "./cache/ntml_binary/meta_llama_Llama_3.1_8B_Instruct_4T1L_500samples",
      "activation_batch_size": 16,
      "force_recache": false,
      "output_dir": "./ntml_4T1L_500samples_pytorch",
      "probe_name": "ntml_binary_4T1L_500samples_layer_4",
      "save_checkpoints": true,
      "checkpoint_every": 5,
      "verbose": true,
      "log_every": 10,
      "eval_every": 1,
      "ignore_system_tokens": true,
      "ignore_user_tokens": true,
      "min_tokens_per_statement": 1,
      "token_overlap_strategy": "majority",
      "probe_method": "pytorch",
      "sklearn_C": 1.0,
      "sklearn_C_sweep": false,
      "sklearn_C_values": [
        0.0001,
        0.001,
        0.01,
        0.1,
        1.0,
        10.0,
        100.0,
        1000.0,
        10000.0
      ],
      "sklearn_solver": "liblinear",
      "sklearn_max_iter": 1000,
      "pytorch_bias": true,
      "pytorch_normalize_weights": true
    },
    "training_history": {
      "train_loss": [
        0.43719599470836384,
        0.4173280249379541,
        0.41104412191126444,
        0.4076454785044335,
        0.4052587490375728,
        0.4037635409396533,
        0.4026680501628684,
        0.40178022445200784,
        0.40114336450622506,
        0.40077875493323967,
        0.40031755606741665,
        0.400013934769859,
        0.39972611686818676,
        0.39961583004014134,
        0.39947303292685993,
        0.3992878434048396,
        0.3992039521807405,
        0.39909312135824876,
        0.39895252516008406,
        0.3987300451419669
      ],
      "train_accuracy": [
        0.8275419193721013,
        0.8275775954334641,
        0.827791651801641,
        0.8279343560470924,
        0.8278986799857295,
        0.8279700321084552,
        0.8280770602925437,
        0.8281484124152694,
        0.828219764537995,
        0.8281484124152694,
        0.828219764537995,
        0.8281840884766322,
        0.8281840884766322,
        0.828219764537995,
        0.828219764537995,
        0.828219764537995,
        0.8281840884766322,
        0.8281484124152694,
        0.8283267927220834,
        0.8281484124152694
      ],
      "val_loss": [
        0.42148333462801846,
        0.4171087525107644,
        0.41551254012367944,
        0.41424107551574707,
        0.4134704979983243,
        0.41306167949329725,
        0.4125711267644709,
        0.41227149963378906,
        0.4123244719071822,
        0.41198870485479183,
        0.4118787418712269,
        0.4117734518918124,
        0.4116526517001065,
        0.4119283286007968,
        0.41178264617919924,
        0.4116021199659868,
        0.41169834326614035,
        0.41167890375310723,
        0.41150793162259186,
        0.4113414937799627
      ],
      "val_accuracy": [
        0.8301940639269406,
        0.8301940639269406,
        0.8304794520547946,
        0.8304794520547946,
        0.8306221461187214,
        0.8306221461187214,
        0.8306221461187214,
        0.8306221461187214,
        0.8306221461187214,
        0.8306221461187214,
        0.8304794520547946,
        0.8304794520547946,
        0.8309075342465754,
        0.8304794520547946,
        0.8304794520547946,
        0.8304794520547946,
        0.8306221461187214,
        0.8304794520547946,
        0.8307648401826484,
        0.8306221461187214
      ],