{
  "loss": 0.37880493077364835,
  "accuracy": 0.8356164383561644,
  "precision": 0.8275862068965517,
  "recall": 0.05955334987593052,
  "f1": 0.1111111111111111,
  "auroc": 0.7968414165700684
}