{
  "loss": 0.4219521175731312,
  "accuracy": 0.8281963470319634,
  "precision": 0.0,
  "recall": 0.0,
  "f1": 0.0,
  "auroc": 0.6674557556822995
}